id,timestamp,symbol,direction,offset_bars,candidate_timestamp,candidate_entry,baseline_entry,baseline_stop,baseline_target,status,outcome,outcome_r,outcome_timestamp,reason
Bitget_2026-09-21T10:25:21.090863+00:00_BERAUSDT_SHORT_0.2274,2026-09-21T10:25:21.090863+00:00,BERAUSDT,SHORT,0,2026-09-21T10:35:00+00:00,0.228,0.2274,0.228095714286,0.2221,SKIPPED,,,,closed candle did not preserve signal direction
Bitget_2026-09-21T10:25:21.090863+00:00_BERAUSDT_SHORT_0.2274,2026-09-21T10:25:21.090863+00:00,BERAUSDT,SHORT,1,2026-09-21T10:40:00+00:00,0.2273,0.2274,0.228095714286,0.2221,RESOLVED,FAIL,-1.0,2026-09-21T11:00:00+00:00,
Bitget_2026-09-21T10:25:21.090863+00:00_BERAUSDT_SHORT_0.2274,2026-09-21T10:25:21.090863+00:00,BERAUSDT,SHORT,2,2026-09-21T10:45:00+00:00,0.227,0.2274,0.228095714286,0.2221,RESOLVED,FAIL,-1.0,2026-09-21T11:00:00+00:00,
Bitget_2026-09-21T10:25:21.090863+00:00_BERAUSDT_SHORT_0.2274,2026-09-21T10:25:21.090863+00:00,BERAUSDT,SHORT,3,2026-09-21T10:50:00+00:00,0.2278,0.2274,0.228095714286,0.2221,SKIPPED,,,,closed candle did not preserve signal direction
Bitget_2026-09-21T10:25:21.090863+00:00_BERAUSDT_SHORT_0.2274,2026-09-21T10:25:21.090863+00:00,BERAUSDT,SHORT,4,2026-09-21T10:55:00+00:00,0.2277,0.2274,0.228095714286,0.2221,SKIPPED,,,,closed candle did not preserve signal direction
Bitget_2026-09-21T10:25:36.015486+00:00_MORPHOUSDT_SHORT_2.797,2026-09-21T10:25:36.015486+00:00,MORPHOUSDT,SHORT,0,2026-09-21T10:35:00+00:00,2.8073,2.797,2.81831,2.7374,SKIPPED,,,,closed candle did not preserve signal direction
Bitget_2026-09-21T10:25:36.015486+00:00_MORPHOUSDT_SHORT_2.797,2026-09-21T10:25:36.015486+00:00,MORPHOUSDT,SHORT,1,2026-09-21T10:40:00+00:00,2.8025,2.797,2.81831,2.7374,SKIPPED,,,,closed candle did not preserve signal direction
Bitget_2026-09-21T10:25:36.015486+00:00_MORPHOUSDT_SHORT_2.797,2026-09-21T10:25:36.015486+00:00,MORPHOUSDT,SHORT,2,2026-09-21T10:45:00+00:00,2.8098,2.797,2.81831,2.7374,SKIPPED,,,,closed candle did not preserve signal direction
Bitget_2026-09-21T10:25:36.015486+00:00_MORPHOUSDT_SHORT_2.797,2026-09-21T10:25:36.015486+00:00,MORPHOUSDT,SHORT,3,2026-09-21T10:50:00+00:00,2.8083,2.797,2.81831,2.7374,SKIPPED,,,,closed candle did not preserve signal direction
Bitget_2026-09-21T10:25:36.015486+00:00_MORPHOUSDT_SHORT_2.797,2026-09-21T10:25:36.015486+00:00,MORPHOUSDT,SHORT,4,2026-09-21T10:55:00+00:00,2.7974,2.797,2.81831,2.7374,SKIPPED,,,,closed candle did not preserve signal direction
Bitget_2026-09-21T10:25:44.914675+00:00_UBUSDT_SHORT_0.13943,2026-09-21T10:25:44.914675+00:00,UBUSDT,SHORT,0,2026-09-21T10:35:00+00:00,0.14006,0.13943,0.141636428571,0.13068,SKIPPED,,,,closed candle did not preserve signal direction
Bitget_2026-09-21T10:25:44.914675+00:00_UBUSDT_SHORT_0.13943,2026-09-21T10:25:44.914675+00:00,UBUSDT,SHORT,1,2026-09-21T10:40:00+00:00,0.13888,0.13943,0.141636428571,0.13068,RESOLVED,FAIL,-1.0,2026-09-21T12:10:00+00:00,
Bitget_2026-09-21T10:25:44.914675+00:00_UBUSDT_SHORT_0.13943,2026-09-21T10:25:44.914675+00:00,UBUSDT,SHORT,2,2026-09-21T10:45:00+00:00,0.13887,0.13943,0.141636428571,0.13068,RESOLVED,FAIL,-1.0,2026-09-21T12:10:00+00:00,
Bitget_2026-09-21T10:25:44.914675+00:00_UBUSDT_SHORT_0.13943,2026-09-21T10:25:44.914675+00:00,UBUSDT,SHORT,3,2026-09-21T10:50:00+00:00,0.13846,0.13943,0.141636428571,0.13068,RESOLVED,FAIL,-1.0,2026-09-21T12:10:00+00:00,
Bitget_2026-09-21T10:25:44.914675+00:00_UBUSDT_SHORT_0.13943,2026-09-21T10:25:44.914675+00:00,UBUSDT,SHORT,4,2026-09-21T10:55:00+00:00,0.13829,0.13943,0.141636428571,0.13068,RESOLVED,FAIL,-1.0,2026-09-21T12:10:00+00:00,
Bitget_2026-09-21T10:46:36.584794+00:00_ARXUSDT_SHORT_0.19941,2026-09-21T10:46:36.584794+00:00,ARXUSDT,SHORT,0,2026-09-21T10:55:00+00:00,0.19969,0.19941,0.201386571429,0.18865,SKIPPED,,,,closed candle did not preserve signal direction
Bitget_2026-09-21T10:46:36.584794+00:00_ARXUSDT_SHORT_0.19941,2026-09-21T10:46:36.584794+00:00,ARXUSDT,SHORT,1,2026-09-21T11:00:00+00:00,0.19997,0.19941,0.201386571429,0.18865,SKIPPED,,,,closed candle did not preserve signal direction
Bitget_2026-09-21T10:46:36.584794+00:00_ARXUSDT_SHORT_0.19941,2026-09-21T10:46:36.584794+00:00,ARXUSDT,SHORT,2,2026-09-21T11:05:00+00:00,0.20007,0.19941,0.201386571429,0.18865,SKIPPED,,,,closed candle did not preserve signal direction
Bitget_2026-09-21T10:46:36.584794+00:00_ARXUSDT_SHORT_0.19941,2026-09-21T10:46:36.584794+00:00,ARXUSDT,SHORT,3,2026-09-21T11:10:00+00:00,0.19956,0.19941,0.201386571429,0.18865,SKIPPED,,,,closed candle did not preserve signal direction
Bitget_2026-09-21T10:46:36.584794+00:00_ARXUSDT_SHORT_0.19941,2026-09-21T10:46:36.584794+00:00,ARXUSDT,SHORT,4,2026-09-21T11:15:00+00:00,0.20025,0.19941,0.201386571429,0.18865,SKIPPED,,,,closed candle did not preserve signal direction
Bitget_2026-09-21T10:46:38.587887+00:00_BERAUSDT_SHORT_0.227,2026-09-21T10:46:38.587887+00:00,BERAUSDT,SHORT,0,2026-09-21T10:55:00+00:00,0.2277,0.227,0.229394285714,0.2196,SKIPPED,,,,closed candle did not preserve signal direction
Bitget_2026-09-21T10:46:38.587887+00:00_BERAUSDT_SHORT_0.227,2026-09-21T10:46:38.587887+00:00,BERAUSDT,SHORT,1,2026-09-21T11:00:00+00:00,0.2287,0.227,0.229394285714,0.2196,SKIPPED,,,,closed candle did not preserve signal direction
Bitget_2026-09-21T10:46:38.587887+00:00_BERAUSDT_SHORT_0.227,2026-09-21T10:46:38.587887+00:00,BERAUSDT,SHORT,2,2026-09-21T11:05:00+00:00,0.2288,0.227,0.229394285714,0.2196,SKIPPED,,,,closed candle did not preserve signal direction
Bitget_2026-09-21T10:46:38.587887+00:00_BERAUSDT_SHORT_0.227,2026-09-21T10:46:38.587887+00:00,BERAUSDT,SHORT,3,2026-09-21T11:10:00+00:00,0.2292,0.227,0.229394285714,0.2196,SKIPPED,,,,closed candle did not preserve signal direction
Bitget_2026-09-21T10:46:38.587887+00:00_BERAUSDT_SHORT_0.227,2026-09-21T10:46:38.587887+00:00,BERAUSDT,SHORT,4,2026-09-21T11:15:00+00:00,0.2296,0.227,0.229394285714,0.2196,SKIPPED,,,,closed candle did not preserve signal direction
Bitget_2026-09-21T10:46:39.300361+00:00_BRETTUSDT_SHORT_0.0056,2026-09-21T10:46:39.300361+00:00,BRETTUSDT,SHORT,0,2026-09-21T10:55:00+00:00,0.005601,0.0056,0.005650271429,0.005372,SKIPPED,,,,closed candle did not preserve signal direction
Bitget_2026-09-21T10:46:39.300361+00:00_BRETTUSDT_SHORT_0.0056,2026-09-21T10:46:39.300361+00:00,BRETTUSDT,SHORT,1,2026-09-21T11:00:00+00:00,0.005607,0.0056,0.005650271429,0.005372,SKIPPED,,,,closed candle did not preserve signal direction
Bitget_2026-09-21T10:46:39.300361+00:00_BRETTUSDT_SHORT_0.0056,2026-09-21T10:46:39.300361+00:00,BRETTUSDT,SHORT,2,2026-09-21T11:05:00+00:00,0.005632,0.0056,0.005650271429,0.005372,SKIPPED,,,,closed candle did not preserve signal direction
Bitget_2026-09-21T10:46:39.300361+00:00_BRETTUSDT_SHORT_0.0056,2026-09-21T10:46:39.300361+00:00,BRETTUSDT,SHORT,3,2026-09-21T11:10:00+00:00,0.005639,0.0056,0.005650271429,0.005372,SKIPPED,,,,closed candle did not preserve signal direction
Bitget_2026-09-21T10:46:39.300361+00:00_BRETTUSDT_SHORT_0.0056,2026-09-21T10:46:39.300361+00:00,BRETTUSDT,SHORT,4,2026-09-21T11:15:00+00:00,0.005651,0.0056,0.005650271429,0.005372,SKIPPED,,,,closed candle did not preserve signal direction
Bitget_2026-09-21T10:46:40.782004+00:00_CAPUSDT_SHORT_0.04563,2026-09-21T10:46:40.782004+00:00,CAPUSDT,SHORT,0,2026-09-21T10:55:00+00:00,0.04551,0.04563,0.045866,0.04403,RESOLVED,FAIL,-1.0,2026-09-21T11:50:00+00:00,
Bitget_2026-09-21T10:46:40.782004+00:00_CAPUSDT_SHORT_0.04563,2026-09-21T10:46:40.782004+00:00,CAPUSDT,SHORT,1,2026-09-21T11:00:00+00:00,0.04559,0.04563,0.045866,0.04403,RESOLVED,FAIL,-1.0,2026-09-21T11:50:00+00:00,
Bitget_2026-09-21T10:46:40.782004+00:00_CAPUSDT_SHORT_0.04563,2026-09-21T10:46:40.782004+00:00,CAPUSDT,SHORT,2,2026-09-21T11:05:00+00:00,0.04552,0.04563,0.045866,0.04403,RESOLVED,FAIL,-1.0,2026-09-21T11:50:00+00:00,
Bitget_2026-09-21T10:46:40.782004+00:00_CAPUSDT_SHORT_0.04563,2026-09-21T10:46:40.782004+00:00,CAPUSDT,SHORT,3,2026-09-21T11:10:00+00:00,0.0455,0.04563,0.045866,0.04403,RESOLVED,FAIL,-1.0,2026-09-21T11:50:00+00:00,
Bitget_2026-09-21T10:46:40.782004+00:00_CAPUSDT_SHORT_0.04563,2026-09-21T10:46:40.782004+00:00,CAPUSDT,SHORT,4,2026-09-21T11:15:00+00:00,0.04548,0.04563,0.045866,0.04403,RESOLVED,FAIL,-1.0,2026-09-21T11:50:00+00:00,
Bitget_2026-09-21T10:46:43.541715+00:00_DEEPUSDT_SHORT_0.01922,2026-09-21T10:46:43.541715+00:00,DEEPUSDT,SHORT,0,2026-09-21T10:55:00+00:00,0.0193,0.01922,0.019442,0.01839,SKIPPED,,,,closed candle did not preserve signal direction
Bitget_2026-09-21T10:46:43.541715+00:00_DEEPUSDT_SHORT_0.01922,2026-09-21T10:46:43.541715+00:00,DEEPUSDT,SHORT,1,2026-09-21T11:00:00+00:00,0.01937,0.01922,0.019442,0.01839,SKIPPED,,,,closed candle did not preserve signal direction
Bitget_2026-09-21T10:46:43.541715+00:00_DEEPUSDT_SHORT_0.01922,2026-09-21T10:46:43.541715+00:00,DEEPUSDT,SHORT,2,2026-09-21T11:05:00+00:00,0.01948,0.01922,0.019442,0.01839,SKIPPED,,,,closed candle did not preserve signal direction
Bitget_2026-09-21T10:46:43.541715+00:00_DEEPUSDT_SHORT_0.01922,2026-09-21T10:46:43.541715+00:00,DEEPUSDT,SHORT,3,2026-09-21T11:10:00+00:00,0.0194,0.01922,0.019442,0.01839,SKIPPED,,,,closed candle did not preserve signal direction
Bitget_2026-09-21T10:46:43.541715+00:00_DEEPUSDT_SHORT_0.01922,2026-09-21T10:46:43.541715+00:00,DEEPUSDT,SHORT,4,2026-09-21T11:15:00+00:00,0.01964,0.01922,0.019442,0.01839,SKIPPED,,,,closed candle did not preserve signal direction
Bitget_2026-09-21T10:46:44.585688+00:00_EGLDUSDT_SHORT_4.219,2026-09-21T10:46:44.585688+00:00,EGLDUSDT,SHORT,0,2026-09-21T10:55:00+00:00,4.223,4.219,4.2372,4.082,SKIPPED,,,,closed candle did not preserve signal direction
Bitget_2026-09-21T10:46:44.585688+00:00_EGLDUSDT_SHORT_4.219,2026-09-21T10:46:44.585688+00:00,EGLDUSDT,SHORT,1,2026-09-21T11:00:00+00:00,4.234,4.219,4.2372,4.082,SKIPPED,,,,closed candle did not preserve signal direction
Bitget_2026-09-21T10:46:44.585688+00:00_EGLDUSDT_SHORT_4.219,2026-09-21T10:46:44.585688+00:00,EGLDUSDT,SHORT,2,2026-09-21T11:05:00+00:00,4.267,4.219,4.2372,4.082,SKIPPED,,,,closed candle did not preserve signal direction
Bitget_2026-09-21T10:46:44.585688+00:00_EGLDUSDT_SHORT_4.219,2026-09-21T10:46:44.585688+00:00,EGLDUSDT,SHORT,3,2026-09-21T11:10:00+00:00,4.308,4.219,4.2372,4.082,SKIPPED,,,,closed candle did not preserve signal direction
Bitget_2026-09-21T10:46:44.585688+00:00_EGLDUSDT_SHORT_4.219,2026-09-21T10:46:44.585688+00:00,EGLDUSDT,SHORT,4,2026-09-21T11:15:00+00:00,4.287,4.219,4.2372,4.082,SKIPPED,,,,closed candle did not preserve signal direction
Bitget_2026-09-21T10:46:47.580454+00:00_GRASSUSDT_SHORT_0.36993,2026-09-21T10:46:47.580454+00:00,GRASSUSDT,SHORT,0,2026-09-21T10:55:00+00:00,0.37062,0.36993,0.371857857143,0.35986,SKIPPED,,,,closed candle did not preserve signal direction
Bitget_2026-09-21T10:46:47.580454+00:00_GRASSUSDT_SHORT_0.36993,2026-09-21T10:46:47.580454+00:00,GRASSUSDT,SHORT,1,2026-09-21T11:00:00+00:00,0.37201,0.36993,0.371857857143,0.35986,SKIPPED,,,,closed candle did not preserve signal direction
Bitget_2026-09-21T10:46:47.580454+00:00_GRASSUSDT_SHORT_0.36993,2026-09-21T10:46:47.580454+00:00,GRASSUSDT,SHORT,2,2026-09-21T11:05:00+00:00,0.37285,0.36993,0.371857857143,0.35986,SKIPPED,,,,closed candle did not preserve signal direction
Bitget_2026-09-21T10:46:47.580454+00:00_GRASSUSDT_SHORT_0.36993,2026-09-21T10:46:47.580454+00:00,GRASSUSDT,SHORT,3,2026-09-21T11:10:00+00:00,0.3746,0.36993,0.371857857143,0.35986,SKIPPED,,,,closed candle did not preserve signal direction
Bitget_2026-09-21T10:46:47.580454+00:00_GRASSUSDT_SHORT_0.36993,2026-09-21T10:46:47.580454+00:00,GRASSUSDT,SHORT,4,2026-09-21T11:15:00+00:00,0.37478,0.36993,0.371857857143,0.35986,SKIPPED,,,,closed candle did not preserve signal direction
Bitget_2026-09-21T10:47:00.669314+00:00_SPKUSDT_SHORT_0.02181,2026-09-21T10:47:00.669314+00:00,SPKUSDT,SHORT,0,2026-09-21T10:55:00+00:00,0.02178,0.02181,0.022055,0.02088,RESOLVED,FAIL,-1.0,2026-09-21T12:35:00+00:00,
Bitget_2026-09-21T10:47:00.669314+00:00_SPKUSDT_SHORT_0.02181,2026-09-21T10:47:00.669314+00:00,SPKUSDT,SHORT,1,2026-09-21T11:00:00+00:00,0.02196,0.02181,0.022055,0.02088,SKIPPED,,,,closed candle did not preserve signal direction
Bitget_2026-09-21T10:47:00.669314+00:00_SPKUSDT_SHORT_0.02181,2026-09-21T10:47:00.669314+00:00,SPKUSDT,SHORT,2,2026-09-21T11:05:00+00:00,0.02201,0.02181,0.022055,0.02088,SKIPPED,,,,closed candle did not preserve signal direction
Bitget_2026-09-21T10:47:00.669314+00:00_SPKUSDT_SHORT_0.02181,2026-09-21T10:47:00.669314+00:00,SPKUSDT,SHORT,3,2026-09-21T11:10:00+00:00,0.022,0.02181,0.022055,0.02088,SKIPPED,,,,closed candle did not preserve signal direction
Bitget_2026-09-21T10:47:00.669314+00:00_SPKUSDT_SHORT_0.02181,2026-09-21T10:47:00.669314+00:00,SPKUSDT,SHORT,4,2026-09-21T11:15:00+00:00,0.022,0.02181,0.022055,0.02088,SKIPPED,,,,closed candle did not preserve signal direction
Bitget_2026-09-21T10:47:02.725747+00:00_TRBUSDT_SHORT_19.004,2026-09-21T10:47:02.725747+00:00,TRBUSDT,SHORT,0,2026-09-21T10:55:00+00:00,19.061,19.004,19.2457285714,17.942,SKIPPED,,,,closed candle did not preserve signal direction
Bitget_2026-09-21T10:47:02.725747+00:00_TRBUSDT_SHORT_19.004,2026-09-21T10:47:02.725747+00:00,TRBUSDT,SHORT,1,2026-09-21T11:00:00+00:00,19.105,19.004,19.2457285714,17.942,SKIPPED,,,,closed candle did not preserve signal direction
Bitget_2026-09-21T10:47:02.725747+00:00_TRBUSDT_SHORT_19.004,2026-09-21T10:47:02.725747+00:00,TRBUSDT,SHORT,2,2026-09-21T11:05:00+00:00,19.068,19.004,19.2457285714,17.942,SKIPPED,,,,closed candle did not preserve signal direction
Bitget_2026-09-21T10:47:02.725747+00:00_TRBUSDT_SHORT_19.004,2026-09-21T10:47:02.725747+00:00,TRBUSDT,SHORT,3,2026-09-21T11:10:00+00:00,19.079,19.004,19.2457285714,17.942,SKIPPED,,,,closed candle did not preserve signal direction
Bitget_2026-09-21T10:47:02.725747+00:00_TRBUSDT_SHORT_19.004,2026-09-21T10:47:02.725747+00:00,TRBUSDT,SHORT,4,2026-09-21T11:15:00+00:00,19.071,19.004,19.2457285714,17.942,SKIPPED,,,,closed candle did not preserve signal direction
Bitget_2026-09-21T11:47:56.265042+00:00_ASTERUSDT_SHORT_0.7639,2026-09-21T11:47:56.265042+00:00,ASTERUSDT,SHORT,0,2026-09-21T11:55:00+00:00,0.7606,0.7639,0.76598,0.7547,RESOLVED,EXPANSION,2.836538,2026-09-21T13:30:00+00:00,
Bitget_2026-09-21T11:47:56.265042+00:00_ASTERUSDT_SHORT_0.7639,2026-09-21T11:47:56.265042+00:00,ASTERUSDT,SHORT,1,2026-09-21T12:00:00+00:00,0.7588,0.7639,0.76598,0.7547,RESOLVED,EXPANSION,1.971154,2026-09-21T13:30:00+00:00,
Bitget_2026-09-21T11:47:56.265042+00:00_ASTERUSDT_SHORT_0.7639,2026-09-21T11:47:56.265042+00:00,ASTERUSDT,SHORT,2,2026-09-21T12:05:00+00:00,0.7567,0.7639,0.76598,0.7547,RESOLVED,EXPANSION,0.961538,2026-09-21T13:30:00+00:00,
Bitget_2026-09-21T11:47:56.265042+00:00_ASTERUSDT_SHORT_0.7639,2026-09-21T11:47:56.265042+00:00,ASTERUSDT,SHORT,3,2026-09-21T12:10:00+00:00,0.7593,0.7639,0.76598,0.7547,RESOLVED,EXPANSION,2.211538,2026-09-21T13:30:00+00:00,
Bitget_2026-09-21T11:47:56.265042+00:00_ASTERUSDT_SHORT_0.7639,2026-09-21T11:47:56.265042+00:00,ASTERUSDT,SHORT,4,2026-09-21T12:15:00+00:00,0.7606,0.7639,0.76598,0.7547,RESOLVED,EXPANSION,2.836538,2026-09-21T13:30:00+00:00,
Bitget_2026-09-21T11:47:57.407820+00:00_AXSUSDT_SHORT_1.066,2026-09-21T11:47:57.407820+00:00,AXSUSDT,SHORT,0,2026-09-21T11:55:00+00:00,1.065,1.066,1.07255714286,1.042,RESOLVED,FAIL,-1.0,2026-09-21T12:25:00+00:00,
Bitget_2026-09-21T11:47:57.407820+00:00_AXSUSDT_SHORT_1.066,2026-09-21T11:47:57.407820+00:00,AXSUSDT,SHORT,1,2026-09-21T12:00:00+00:00,1.062,1.066,1.07255714286,1.042,RESOLVED,FAIL,-1.0,2026-09-21T12:25:00+00:00,
Bitget_2026-09-21T11:47:57.407820+00:00_AXSUSDT_SHORT_1.066,2026-09-21T11:47:57.407820+00:00,AXSUSDT,SHORT,2,2026-09-21T12:05:00+00:00,1.065,1.066,1.07255714286,1.042,RESOLVED,FAIL,-1.0,2026-09-21T12:25:00+00:00,
Bitget_2026-09-21T11:47:57.407820+00:00_AXSUSDT_SHORT_1.066,2026-09-21T11:47:57.407820+00:00,AXSUSDT,SHORT,3,2026-09-21T12:10:00+00:00,1.066,1.066,1.07255714286,1.042,RESOLVED,FAIL,-1.0,2026-09-21T12:25:00+00:00,
Bitget_2026-09-21T11:47:57.407820+00:00_AXSUSDT_SHORT_1.066,2026-09-21T11:47:57.407820+00:00,AXSUSDT,SHORT,4,2026-09-21T12:15:00+00:00,1.068,1.066,1.07255714286,1.042,SKIPPED,,,,closed candle did not preserve signal direction
Bitget_2026-09-21T11:48:01.164719+00:00_CHZUSDT_SHORT_0.01576,2026-09-21T11:48:01.164719+00:00,CHZUSDT,SHORT,0,2026-09-21T11:55:00+00:00,0.01574,0.01576,0.015826142857,0.01553,RESOLVED,FAIL,-1.0,2026-09-21T12:25:00+00:00,
Bitget_2026-09-21T11:48:01.164719+00:00_CHZUSDT_SHORT_0.01576,2026-09-21T11:48:01.164719+00:00,CHZUSDT,SHORT,1,2026-09-21T12:00:00+00:00,0.01572,0.01576,0.015826142857,0.01553,RESOLVED,FAIL,-1.0,2026-09-21T12:25:00+00:00,
Bitget_2026-09-21T11:48:01.164719+00:00_CHZUSDT_SHORT_0.01576,2026-09-21T11:48:01.164719+00:00,CHZUSDT,SHORT,2,2026-09-21T12:05:00+00:00,0.01573,0.01576,0.015826142857,0.01553,RESOLVED,FAIL,-1.0,2026-09-21T12:25:00+00:00,
Bitget_2026-09-21T11:48:01.164719+00:00_CHZUSDT_SHORT_0.01576,2026-09-21T11:48:01.164719+00:00,CHZUSDT,SHORT,3,2026-09-21T12:10:00+00:00,0.01576,0.01576,0.015826142857,0.01553,RESOLVED,FAIL,-1.0,2026-09-21T12:25:00+00:00,
Bitget_2026-09-21T11:48:01.164719+00:00_CHZUSDT_SHORT_0.01576,2026-09-21T11:48:01.164719+00:00,CHZUSDT,SHORT,4,2026-09-21T12:15:00+00:00,0.01572,0.01576,0.015826142857,0.01553,RESOLVED,FAIL,-1.0,2026-09-21T12:25:00+00:00,
Bitget_2026-09-21T11:48:02.414880+00:00_CTSIUSDT_SHORT_0.02958,2026-09-21T11:48:02.414880+00:00,CTSIUSDT,SHORT,0,2026-09-21T11:55:00+00:00,0.02962,0.02958,0.029816428571,0.02881,SKIPPED,,,,closed candle did not preserve signal direction
Bitget_2026-09-21T11:48:02.414880+00:00_CTSIUSDT_SHORT_0.02958,2026-09-21T11:48:02.414880+00:00,CTSIUSDT,SHORT,1,2026-09-21T12:00:00+00:00,0.02955,0.02958,0.029816428571,0.02881,RESOLVED,FAIL,-1.0,2026-09-21T12:20:00+00:00,
Bitget_2026-09-21T11:48:02.414880+00:00_CTSIUSDT_SHORT_0.02958,2026-09-21T11:48:02.414880+00:00,CTSIUSDT,SHORT,2,2026-09-21T12:05:00+00:00,0.02967,0.02958,0.029816428571,0.02881,SKIPPED,,,,closed candle did not preserve signal direction
Bitget_2026-09-21T11:48:02.414880+00:00_CTSIUSDT_SHORT_0.02958,2026-09-21T11:48:02.414880+00:00,CTSIUSDT,SHORT,3,2026-09-21T12:10:00+00:00,0.0298,0.02958,0.029816428571,0.02881,SKIPPED,,,,closed candle did not preserve signal direction
Bitget_2026-09-21T11:48:02.414880+00:00_CTSIUSDT_SHORT_0.02958,2026-09-21T11:48:02.414880+00:00,CTSIUSDT,SHORT,4,2026-09-21T12:15:00+00:00,0.02981,0.02958,0.029816428571,0.02881,SKIPPED,,,,closed candle did not preserve signal direction
Bitget_2026-09-21T11:48:06.339181+00:00_FFUSDT_LONG_0.12735,2026-09-21T11:48:06.339181+00:00,FFUSDT,LONG,0,2026-09-21T11:55:00+00:00,0.12694,0.12735,0.126729,0.13031,SKIPPED,,,,closed candle did not preserve signal direction
Bitget_2026-09-21T11:48:06.339181+00:00_FFUSDT_LONG_0.12735,2026-09-21T11:48:06.339181+00:00,FFUSDT,LONG,1,2026-09-21T12:00:00+00:00,0.12708,0.12735,0.126729,0.13031,SKIPPED,,,,closed candle did not preserve signal direction
Bitget_2026-09-21T11:48:06.339181+00:00_FFUSDT_LONG_0.12735,2026-09-21T11:48:06.339181+00:00,FFUSDT,LONG,2,2026-09-21T12:05:00+00:00,0.1272,0.12735,0.126729,0.13031,SKIPPED,,,,closed candle did not preserve signal direction
Bitget_2026-09-21T11:48:06.339181+00:00_FFUSDT_LONG_0.12735,2026-09-21T11:48:06.339181+00:00,FFUSDT,LONG,3,2026-09-21T12:10:00+00:00,0.127,0.12735,0.126729,0.13031,SKIPPED,,,,closed candle did not preserve signal direction
Bitget_2026-09-21T11:48:06.339181+00:00_FFUSDT_LONG_0.12735,2026-09-21T11:48:06.339181+00:00,FFUSDT,LONG,4,2026-09-21T12:15:00+00:00,0.12684,0.12735,0.126729,0.13031,SKIPPED,,,,closed candle did not preserve signal direction
Bitget_2026-09-21T11:48:13.271785+00:00_MANTAUSDT_SHORT_0.07146,2026-09-21T11:48:13.271785+00:00,MANTAUSDT,SHORT,0,2026-09-21T11:55:00+00:00,0.07117,0.07146,0.072048428571,0.06905,RESOLVED,FAIL,-1.0,2026-09-21T12:50:00+00:00,
Bitget_2026-09-21T11:48:13.271785+00:00_MANTAUSDT_SHORT_0.07146,2026-09-21T11:48:13.271785+00:00,MANTAUSDT,SHORT,1,2026-09-21T12:00:00+00:00,0.07128,0.07146,0.072048428571,0.06905,RESOLVED,FAIL,-1.0,2026-09-21T12:50:00+00:00,
Bitget_2026-09-21T11:48:13.271785+00:00_MANTAUSDT_SHORT_0.07146,2026-09-21T11:48:13.271785+00:00,MANTAUSDT,SHORT,2,2026-09-21T12:05:00+00:00,0.07107,0.07146,0.072048428571,0.06905,RESOLVED,FAIL,-1.0,2026-09-21T12:50:00+00:00,
Bitget_2026-09-21T11:48:13.271785+00:00_MANTAUSDT_SHORT_0.07146,2026-09-21T11:48:13.271785+00:00,MANTAUSDT,SHORT,3,2026-09-21T12:10:00+00:00,0.07117,0.07146,0.072048428571,0.06905,RESOLVED,FAIL,-1.0,2026-09-21T12:50:00+00:00,
Bitget_2026-09-21T11:48:13.271785+00:00_MANTAUSDT_SHORT_0.07146,2026-09-21T11:48:13.271785+00:00,MANTAUSDT,SHORT,4,2026-09-21T12:15:00+00:00,0.07117,0.07146,0.072048428571,0.06905,RESOLVED,FAIL,-1.0,2026-09-21T12:50:00+00:00,
Bitget_2026-09-21T11:48:21.923724+00:00_STRKUSDT_LONG_0.047062,2026-09-21T11:48:21.923724+00:00,STRKUSDT,LONG,0,2026-09-21T11:55:00+00:00,0.046881,0.047062,0.046816228571,0.048769,SKIPPED,,,,closed candle did not preserve signal direction
Bitget_2026-09-21T11:48:21.923724+00:00_STRKUSDT_LONG_0.047062,2026-09-21T11:48:21.923724+00:00,STRKUSDT,LONG,1,2026-09-21T12:00:00+00:00,0.046783,0.047062,0.046816228571,0.048769,SKIPPED,,,,closed candle did not preserve signal direction
Bitget_2026-09-21T11:48:21.923724+00:00_STRKUSDT_LONG_0.047062,2026-09-21T11:48:21.923724+00:00,STRKUSDT,LONG,2,2026-09-21T12:05:00+00:00,0.046664,0.047062,0.046816228571,0.048769,SKIPPED,,,,closed candle did not preserve signal direction
Bitget_2026-09-21T11:48:21.923724+00:00_STRKUSDT_LONG_0.047062,2026-09-21T11:48:21.923724+00:00,STRKUSDT,LONG,3,2026-09-21T12:10:00+00:00,0.04663,0.047062,0.046816228571,0.048769,SKIPPED,,,,closed candle did not preserve signal direction
Bitget_2026-09-21T11:48:21.923724+00:00_STRKUSDT_LONG_0.047062,2026-09-21T11:48:21.923724+00:00,STRKUSDT,LONG,4,2026-09-21T12:15:00+00:00,0.046604,0.047062,0.046816228571,0.048769,SKIPPED,,,,closed candle did not preserve signal direction
Bitget_2026-09-21T11:48:22.023900+00:00_STXUSDT_SHORT_0.3337,2026-09-21T11:48:22.023900+00:00,STXUSDT,SHORT,0,2026-09-21T11:55:00+00:00,0.333,0.3337,0.334392857143,0.3306,RESOLVED,EXPANSION,3.463918,2026-09-21T12:30:00+00:00,
Bitget_2026-09-21T11:48:22.023900+00:00_STXUSDT_SHORT_0.3337,2026-09-21T11:48:22.023900+00:00,STXUSDT,SHORT,1,2026-09-21T12:00:00+00:00,0.332,0.3337,0.334392857143,0.3306,RESOLVED,EXPANSION,2.020619,2026-09-21T12:30:00+00:00,
Bitget_2026-09-21T11:48:22.023900+00:00_STXUSDT_SHORT_0.3337,2026-09-21T11:48:22.023900+00:00,STXUSDT,SHORT,2,2026-09-21T12:05:00+00:00,0.3311,0.3337,0.334392857143,0.3306,RESOLVED,EXPANSION,0.721649,2026-09-21T12:30:00+00:00,
Bitget_2026-09-21T11:48:22.023900+00:00_STXUSDT_SHORT_0.3337,2026-09-21T11:48:22.023900+00:00,STXUSDT,SHORT,3,2026-09-21T12:10:00+00:00,0.331,0.3337,0.334392857143,0.3306,RESOLVED,EXPANSION,0.577320,2026-09-21T12:30:00+00:00,
Bitget_2026-09-21T11:48:22.023900+00:00_STXUSDT_SHORT_0.3337,2026-09-21T11:48:22.023900+00:00,STXUSDT,SHORT,4,2026-09-21T12:15:00+00:00,0.3308,0.3337,0.334392857143,0.3306,RESOLVED,EXPANSION,0.288660,2026-09-21T12:30:00+00:00,
Bitget_2026-09-21T11:48:26.207200+00:00_WIFUSDT_SHORT_0.2168,2026-09-21T11:48:26.207200+00:00,WIFUSDT,SHORT,0,2026-09-21T11:55:00+00:00,0.2165,0.2168,0.219072857143,0.2023,RESOLVED,FAIL,-1.0,2026-09-21T12:15:00+00:00,
Bitget_2026-09-21T11:48:26.207200+00:00_WIFUSDT_SHORT_0.2168,2026-09-21T11:48:26.207200+00:00,WIFUSDT,SHORT,1,2026-09-21T12:00:00+00:00,0.2159,0.2168,0.219072857143,0.2023,RESOLVED,FAIL,-1.0,2026-09-21T12:15:00+00:00,
Bitget_2026-09-21T11:48:26.207200+00:00_WIFUSDT_SHORT_0.2168,2026-09-21T11:48:26.207200+00:00,WIFUSDT,SHORT,2,2026-09-21T12:05:00+00:00,0.2173,0.2168,0.219072857143,0.2023,SKIPPED,,,,closed candle did not preserve signal direction
Bitget_2026-09-21T11:48:26.207200+00:00_WIFUSDT_SHORT_0.2168,2026-09-21T11:48:26.207200+00:00,WIFUSDT,SHORT,3,2026-09-21T12:10:00+00:00,0.2181,0.2168,0.219072857143,0.2023,SKIPPED,,,,closed candle did not preserve signal direction
Bitget_2026-09-21T11:48:26.207200+00:00_WIFUSDT_SHORT_0.2168,2026-09-21T11:48:26.207200+00:00,WIFUSDT,SHORT,4,2026-09-21T12:15:00+00:00,0.2207,0.2168,0.219072857143,0.2023,SKIPPED,,,,closed candle did not preserve signal direction
Bitget_2026-09-21T11:48:26.579882+00:00_XLMUSDT_SHORT_0.21184,2026-09-21T11:48:26.579882+00:00,XLMUSDT,SHORT,0,2026-09-21T11:55:00+00:00,0.2114,0.21184,0.213225428571,0.20653,RESOLVED,EXPANSION,3.515158,2026-09-21T13:35:00+00:00,
Bitget_2026-09-21T11:48:26.579882+00:00_XLMUSDT_SHORT_0.21184,2026-09-21T11:48:26.579882+00:00,XLMUSDT,SHORT,1,2026-09-21T12:00:00+00:00,0.21046,0.21184,0.213225428571,0.20653,RESOLVED,EXPANSION,2.836667,2026-09-21T13:35:00+00:00,
Bitget_2026-09-21T11:48:26.579882+00:00_XLMUSDT_SHORT_0.21184,2026-09-21T11:48:26.579882+00:00,XLMUSDT,SHORT,2,2026-09-21T12:05:00+00:00,0.21099,0.21184,0.213225428571,0.20653,RESOLVED,EXPANSION,3.219220,2026-09-21T13:35:00+00:00,
Bitget_2026-09-21T11:48:26.579882+00:00_XLMUSDT_SHORT_0.21184,2026-09-21T11:48:26.579882+00:00,XLMUSDT,SHORT,3,2026-09-21T12:10:00+00:00,0.21096,0.21184,0.213225428571,0.20653,RESOLVED,EXPANSION,3.197567,2026-09-21T13:35:00+00:00,
Bitget_2026-09-21T11:48:26.579882+00:00_XLMUSDT_SHORT_0.21184,2026-09-21T11:48:26.579882+00:00,XLMUSDT,SHORT,4,2026-09-21T12:15:00+00:00,0.21091,0.21184,0.213225428571,0.20653,RESOLVED,EXPANSION,3.161477,2026-09-21T13:35:00+00:00,
Bitget_2026-09-21T12:00:45.261115+00:00_1000BONKUSDT_SHORT_0.00324,2026-09-21T12:00:45.261115+00:00,1000BONKUSDT,SHORT,0,2026-09-21T12:10:00+00:00,0.003241,0.00324,0.003286828571,0.003019,SKIPPED,,,,closed candle did not preserve signal direction
Bitget_2026-09-21T12:00:45.261115+00:00_1000BONKUSDT_SHORT_0.00324,2026-09-21T12:00:45.261115+00:00,1000BONKUSDT,SHORT,1,2026-09-21T12:15:00+00:00,0.003268,0.00324,0.003286828571,0.003019,SKIPPED,,,,closed candle did not preserve signal direction
Bitget_2026-09-21T12:00:45.261115+00:00_1000BONKUSDT_SHORT_0.00324,2026-09-21T12:00:45.261115+00:00,1000BONKUSDT,SHORT,2,2026-09-21T12:20:00+00:00,0.003281,0.00324,0.003286828571,0.003019,SKIPPED,,,,closed candle did not preserve signal direction
Bitget_2026-09-21T12:00:45.261115+00:00_1000BONKUSDT_SHORT_0.00324,2026-09-21T12:00:45.261115+00:00,1000BONKUSDT,SHORT,3,2026-09-21T12:25:00+00:00,0.003279,0.00324,0.003286828571,0.003019,SKIPPED,,,,closed candle did not preserve signal direction
Bitget_2026-09-21T12:00:45.261115+00:00_1000BONKUSDT_SHORT_0.00324,2026-09-21T12:00:45.261115+00:00,1000BONKUSDT,SHORT,4,2026-09-21T12:30:00+00:00,0.003271,0.00324,0.003286828571,0.003019,SKIPPED,,,,closed candle did not preserve signal direction
Bitget_2026-09-21T12:00:47.775343+00:00_ARUSDT_LONG_4.74,2026-09-21T12:00:47.775343+00:00,ARUSDT,LONG,0,2026-09-21T12:10:00+00:00,4.647,4.74,4.68571428571,5.089,SKIPPED,,,,closed candle did not preserve signal direction
Bitget_2026-09-21T12:00:47.775343+00:00_ARUSDT_LONG_4.74,2026-09-21T12:00:47.775343+00:00,ARUSDT,LONG,1,2026-09-21T12:15:00+00:00,4.662,4.74,4.68571428571,5.089,SKIPPED,,,,closed candle did not preserve signal direction
Bitget_2026-09-21T12:00:47.775343+00:00_ARUSDT_LONG_4.74,2026-09-21T12:00:47.775343+00:00,ARUSDT,LONG,2,2026-09-21T12:20:00+00:00,4.684,4.74,4.68571428571,5.089,SKIPPED,,,,closed candle did not preserve signal direction
Bitget_2026-09-21T12:00:47.775343+00:00_ARUSDT_LONG_4.74,2026-09-21T12:00:47.775343+00:00,ARUSDT,LONG,3,2026-09-21T12:25:00+00:00,4.68,4.74,4.68571428571,5.089,SKIPPED,,,,closed candle did not preserve signal direction
Bitget_2026-09-21T12:00:47.775343+00:00_ARUSDT_LONG_4.74,2026-09-21T12:00:47.775343+00:00,ARUSDT,LONG,4,2026-09-21T12:30:00+00:00,4.676,4.74,4.68571428571,5.089,SKIPPED,,,,closed candle did not preserve signal direction
Bitget_2026-09-21T12:00:49.107677+00:00_AXSUSDT_SHORT_1.062,2026-09-21T12:00:49.107677+00:00,AXSUSDT,SHORT,0,2026-09-21T12:10:00+00:00,1.066,1.062,1.07252857143,1.016,SKIPPED,,,,closed candle did not preserve signal direction
Bitget_2026-09-21T12:00:49.107677+00:00_AXSUSDT_SHORT_1.062,2026-09-21T12:00:49.107677+00:00,AXSUSDT,SHORT,1,2026-09-21T12:15:00+00:00,1.068,1.062,1.07252857143,1.016,SKIPPED,,,,closed candle did not preserve signal direction
Bitget_2026-09-21T12:00:49.107677+00:00_AXSUSDT_SHORT_1.062,2026-09-21T12:00:49.107677+00:00,AXSUSDT,SHORT,2,2026-09-21T12:20:00+00:00,1.072,1.062,1.07252857143,1.016,SKIPPED,,,,closed candle did not preserve signal direction
Bitget_2026-09-21T12:00:49.107677+00:00_AXSUSDT_SHORT_1.062,2026-09-21T12:00:49.107677+00:00,AXSUSDT,SHORT,3,2026-09-21T12:25:00+00:00,1.068,1.062,1.07252857143,1.016,SKIPPED,,,,closed candle did not preserve signal direction
Bitget_2026-09-21T12:00:49.107677+00:00_AXSUSDT_SHORT_1.062,2026-09-21T12:00:49.107677+00:00,AXSUSDT,SHORT,4,2026-09-21T12:30:00+00:00,1.071,1.062,1.07252857143,1.016,SKIPPED,,,,closed candle did not preserve signal direction
Bitget_2026-09-21T12:00:49.520168+00:00_BBUSDT_SHORT_0.00886,2026-09-21T12:00:49.520168+00:00,BBUSDT,SHORT,0,2026-09-21T12:10:00+00:00,0.00889,0.00886,0.008905857143,0.00855,SKIPPED,,,,closed candle did not preserve signal direction
Bitget_2026-09-21T12:00:49.520168+00:00_BBUSDT_SHORT_0.00886,2026-09-21T12:00:49.520168+00:00,BBUSDT,SHORT,1,2026-09-21T12:15:00+00:00,0.00889,0.00886,0.008905857143,0.00855,SKIPPED,,,,closed candle did not preserve signal direction
Bitget_2026-09-21T12:00:49.520168+00:00_BBUSDT_SHORT_0.00886,2026-09-21T12:00:49.520168+00:00,BBUSDT,SHORT,2,2026-09-21T12:20:00+00:00,0.0089,0.00886,0.008905857143,0.00855,SKIPPED,,,,closed candle did not preserve signal direction
Bitget_2026-09-21T12:00:49.520168+00:00_BBUSDT_SHORT_0.00886,2026-09-21T12:00:49.520168+00:00,BBUSDT,SHORT,3,2026-09-21T12:25:00+00:00,0.00901,0.00886,0.008905857143,0.00855,SKIPPED,,,,closed candle did not preserve signal direction
Bitget_2026-09-21T12:00:49.520168+00:00_BBUSDT_SHORT_0.00886,2026-09-21T12:00:49.520168+00:00,BBUSDT,SHORT,4,2026-09-21T12:30:00+00:00,0.00915,0.00886,0.008905857143,0.00855,SKIPPED,,,,closed candle did not preserve signal direction
Bitget_2026-09-21T12:00:53.511667+00:00_CHZUSDT_SHORT_0.01572,2026-09-21T12:00:53.511667+00:00,CHZUSDT,SHORT,0,2026-09-21T12:10:00+00:00,0.01576,0.01572,0.015826428571,0.01508,SKIPPED,,,,closed candle did not preserve signal direction
Bitget_2026-09-21T12:00:53.511667+00:00_CHZUSDT_SHORT_0.01572,2026-09-21T12:00:53.511667+00:00,CHZUSDT,SHORT,1,2026-09-21T12:15:00+00:00,0.01572,0.01572,0.015826428571,0.01508,RESOLVED,FAIL,-1.0,2026-09-21T12:25:00+00:00,
Bitget_2026-09-21T12:00:53.511667+00:00_CHZUSDT_SHORT_0.01572,2026-09-21T12:00:53.511667+00:00,CHZUSDT,SHORT,2,2026-09-21T12:20:00+00:00,0.0158,0.01572,0.015826428571,0.01508,SKIPPED,,,,closed candle did not preserve signal direction
Bitget_2026-09-21T12:00:53.511667+00:00_CHZUSDT_SHORT_0.01572,2026-09-21T12:00:53.511667+00:00,CHZUSDT,SHORT,3,2026-09-21T12:25:00+00:00,0.01584,0.01572,0.015826428571,0.01508,SKIPPED,,,,closed candle did not preserve signal direction
Bitget_2026-09-21T12:00:53.511667+00:00_CHZUSDT_SHORT_0.01572,2026-09-21T12:00:53.511667+00:00,CHZUSDT,SHORT,4,2026-09-21T12:30:00+00:00,0.01584,0.01572,0.015826428571,0.01508,SKIPPED,,,,closed candle did not preserve signal direction
Bitget_2026-09-21T12:00:56.084914+00:00_EDGEUSDT_SHORT_0.6083,2026-09-21T12:00:56.084914+00:00,EDGEUSDT,SHORT,0,2026-09-21T12:10:00+00:00,0.5991,0.6083,0.61496,0.5709,RESOLVED,FAIL,-1.0,2026-09-21T12:30:00+00:00,
Bitget_2026-09-21T12:00:56.084914+00:00_EDGEUSDT_SHORT_0.6083,2026-09-21T12:00:56.084914+00:00,EDGEUSDT,SHORT,1,2026-09-21T12:15:00+00:00,0.6063,0.6083,0.61496,0.5709,RESOLVED,FAIL,-1.0,2026-09-21T12:30:00+00:00,
Bitget_2026-09-21T12:00:56.084914+00:00_EDGEUSDT_SHORT_0.6083,2026-09-21T12:00:56.084914+00:00,EDGEUSDT,SHORT,2,2026-09-21T12:20:00+00:00,0.6071,0.6083,0.61496,0.5709,RESOLVED,FAIL,-1.0,2026-09-21T12:30:00+00:00,
Bitget_2026-09-21T12:00:56.084914+00:00_EDGEUSDT_SHORT_0.6083,2026-09-21T12:00:56.084914+00:00,EDGEUSDT,SHORT,3,2026-09-21T12:25:00+00:00,0.6055,0.6083,0.61496,0.5709,RESOLVED,FAIL,-1.0,2026-09-21T12:30:00+00:00,
Bitget_2026-09-21T12:00:56.084914+00:00_EDGEUSDT_SHORT_0.6083,2026-09-21T12:00:56.084914+00:00,EDGEUSDT,SHORT,4,2026-09-21T12:30:00+00:00,0.6114,0.6083,0.61496,0.5709,SKIPPED,,,,closed candle did not preserve signal direction
Bitget_2026-09-21T12:00:58.008527+00:00_FARTCOINUSDT_SHORT_0.1812,2026-09-21T12:00:58.008527+00:00,FARTCOINUSDT,SHORT,0,2026-09-21T12:10:00+00:00,0.1808,0.1812,0.183295714286,0.1696,RESOLVED,FAIL,-1.0,2026-09-21T13:05:00+00:00,
Bitget_2026-09-21T12:00:58.008527+00:00_FARTCOINUSDT_SHORT_0.1812,2026-09-21T12:00:58.008527+00:00,FARTCOINUSDT,SHORT,1,2026-09-21T12:15:00+00:00,0.1812,0.1812,0.183295714286,0.1696,RESOLVED,FAIL,-1.0,2026-09-21T13:05:00+00:00,
Bitget_2026-09-21T12:00:58.008527+00:00_FARTCOINUSDT_SHORT_0.1812,2026-09-21T12:00:58.008527+00:00,FARTCOINUSDT,SHORT,2,2026-09-21T12:20:00+00:00,0.1816,0.1812,0.183295714286,0.1696,SKIPPED,,,,closed candle did not preserve signal direction
Bitget_2026-09-21T12:00:58.008527+00:00_FARTCOINUSDT_SHORT_0.1812,2026-09-21T12:00:58.008527+00:00,FARTCOINUSDT,SHORT,3,2026-09-21T12:25:00+00:00,0.1815,0.1812,0.183295714286,0.1696,SKIPPED,,,,closed candle did not preserve signal direction
Bitget_2026-09-21T12:00:58.008527+00:00_FARTCOINUSDT_SHORT_0.1812,2026-09-21T12:00:58.008527+00:00,FARTCOINUSDT,SHORT,4,2026-09-21T12:30:00+00:00,0.1815,0.1812,0.183295714286,0.1696,SKIPPED,,,,closed candle did not preserve signal direction
Bitget_2026-09-21T12:00:59.106872+00:00_GALAUSDT_SHORT_0.002031,2026-09-21T12:00:59.106872+00:00,GALAUSDT,SHORT,0,2026-09-21T12:10:00+00:00,0.002035,0.002031,0.002045971429,0.00196,SKIPPED,,,,closed candle did not preserve signal direction
Bitget_2026-09-21T12:00:59.106872+00:00_GALAUSDT_SHORT_0.002031,2026-09-21T12:00:59.106872+00:00,GALAUSDT,SHORT,1,2026-09-21T12:15:00+00:00,0.002037,0.002031,0.002045971429,0.00196,SKIPPED,,,,closed candle did not preserve signal direction
Bitget_2026-09-21T12:00:59.106872+00:00_GALAUSDT_SHORT_0.002031,2026-09-21T12:00:59.106872+00:00,GALAUSDT,SHORT,2,2026-09-21T12:20:00+00:00,0.002044,0.002031,0.002045971429,0.00196,SKIPPED,,,,closed candle did not preserve signal direction
Bitget_2026-09-21T12:00:59.106872+00:00_GALAUSDT_SHORT_0.002031,2026-09-21T12:00:59.106872+00:00,GALAUSDT,SHORT,3,2026-09-21T12:25:00+00:00,0.002044,0.002031,0.002045971429,0.00196,SKIPPED,,,,closed candle did not preserve signal direction
Bitget_2026-09-21T12:00:59.106872+00:00_GALAUSDT_SHORT_0.002031,2026-09-21T12:00:59.106872+00:00,GALAUSDT,SHORT,4,2026-09-21T12:30:00+00:00,0.002048,0.002031,0.002045971429,0.00196,SKIPPED,,,,closed candle did not preserve signal direction
Bitget_2026-09-21T12:01:03.452446+00:00_KITEUSDT_SHORT_0.12018,2026-09-21T12:01:03.452446+00:00,KITEUSDT,SHORT,0,2026-09-21T12:10:00+00:00,0.12018,0.12018,0.120948,0.1156,RESOLVED,FAIL,-1.0,2026-09-21T12:45:00+00:00,
Bitget_2026-09-21T12:01:03.452446+00:00_KITEUSDT_SHORT_0.12018,2026-09-21T12:01:03.452446+00:00,KITEUSDT,SHORT,1,2026-09-21T12:15:00+00:00,0.12018,0.12018,0.120948,0.1156,RESOLVED,FAIL,-1.0,2026-09-21T12:45:00+00:00,
Bitget_2026-09-21T12:01:03.452446+00:00_KITEUSDT_SHORT_0.12018,2026-09-21T12:01:03.452446+00:00,KITEUSDT,SHORT,2,2026-09-21T12:20:00+00:00,0.12018,0.12018,0.120948,0.1156,RESOLVED,FAIL,-1.0,2026-09-21T12:45:00+00:00,
Bitget_2026-09-21T12:01:03.452446+00:00_KITEUSDT_SHORT_0.12018,2026-09-21T12:01:03.452446+00:00,KITEUSDT,SHORT,3,2026-09-21T12:25:00+00:00,0.11993,0.12018,0.120948,0.1156,RESOLVED,FAIL,-1.0,2026-09-21T12:45:00+00:00,
Bitget_2026-09-21T12:01:03.452446+00:00_KITEUSDT_SHORT_0.12018,2026-09-21T12:01:03.452446+00:00,KITEUSDT,SHORT,4,2026-09-21T12:30:00+00:00,0.11993,0.12018,0.120948,0.1156,RESOLVED,FAIL,-1.0,2026-09-21T12:45:00+00:00,
Bitget_2026-09-21T12:01:03.991657+00:00_LINKUSDT_SHORT_13.035,2026-09-21T12:01:03.991657+00:00,LINKUSDT,SHORT,0,2026-09-21T12:10:00+00:00,13.055,13.035,13.1401285714,12.469,SKIPPED,,,,closed candle did not preserve signal direction
Bitget_2026-09-21T12:01:03.991657+00:00_LINKUSDT_SHORT_13.035,2026-09-21T12:01:03.991657+00:00,LINKUSDT,SHORT,1,2026-09-21T12:15:00+00:00,13.037,13.035,13.1401285714,12.469,SKIPPED,,,,closed candle did not preserve signal direction
Bitget_2026-09-21T12:01:03.991657+00:00_LINKUSDT_SHORT_13.035,2026-09-21T12:01:03.991657+00:00,LINKUSDT,SHORT,2,2026-09-21T12:20:00+00:00,13.081,13.035,13.1401285714,12.469,SKIPPED,,,,closed candle did not preserve signal direction
Bitget_2026-09-21T12:01:03.991657+00:00_LINKUSDT_SHORT_13.035,2026-09-21T12:01:03.991657+00:00,LINKUSDT,SHORT,3,2026-09-21T12:25:00+00:00,13.067,13.035,13.1401285714,12.469,SKIPPED,,,,closed candle did not preserve signal direction
Bitget_2026-09-21T12:01:03.991657+00:00_LINKUSDT_SHORT_13.035,2026-09-21T12:01:03.991657+00:00,LINKUSDT,SHORT,4,2026-09-21T12:30:00+00:00,13.026,13.035,13.1401285714,12.469,RESOLVED,FAIL,-1.0,2026-09-21T13:10:00+00:00,
Bitget_2026-09-21T12:01:08.485774+00:00_ONGUSDT_SHORT_0.08829,2026-09-21T12:01:08.485774+00:00,ONGUSDT,SHORT,0,2026-09-21T12:10:00+00:00,0.08864,0.08829,0.089212714286,0.08509,SKIPPED,,,,closed candle did not preserve signal direction
Bitget_2026-09-21T12:01:08.485774+00:00_ONGUSDT_SHORT_0.08829,2026-09-21T12:01:08.485774+00:00,ONGUSDT,SHORT,1,2026-09-21T12:15:00+00:00,0.0883,0.08829,0.089212714286,0.08509,SKIPPED,,,,closed candle did not preserve signal direction
Bitget_2026-09-21T12:01:08.485774+00:00_ONGUSDT_SHORT_0.08829,2026-09-21T12:01:08.485774+00:00,ONGUSDT,SHORT,2,2026-09-21T12:20:00+00:00,0.08844,0.08829,0.089212714286,0.08509,SKIPPED,,,,closed candle did not preserve signal direction
Bitget_2026-09-21T12:01:08.485774+00:00_ONGUSDT_SHORT_0.08829,2026-09-21T12:01:08.485774+00:00,ONGUSDT,SHORT,3,2026-09-21T12:25:00+00:00,0.08828,0.08829,0.089212714286,0.08509,RESOLVED,FAIL,-1.0,2026-09-21T13:10:00+00:00,
Bitget_2026-09-21T12:01:08.485774+00:00_ONGUSDT_SHORT_0.08829,2026-09-21T12:01:08.485774+00:00,ONGUSDT,SHORT,4,2026-09-21T12:30:00+00:00,0.0883,0.08829,0.089212714286,0.08509,SKIPPED,,,,closed candle did not preserve signal direction
Bitget_2026-09-21T12:01:12.671251+00:00_RUNEUSDT_SHORT_0.598,2026-09-21T12:01:12.671251+00:00,RUNEUSDT,SHORT,0,2026-09-21T12:10:00+00:00,0.5991,0.598,0.60265,0.5705,SKIPPED,,,,closed candle did not preserve signal direction
Bitget_2026-09-21T12:01:12.671251+00:00_RUNEUSDT_SHORT_0.598,2026-09-21T12:01:12.671251+00:00,RUNEUSDT,SHORT,1,2026-09-21T12:15:00+00:00,0.5986,0.598,0.60265,0.5705,SKIPPED,,,,closed candle did not preserve signal direction
Bitget_2026-09-21T12:01:12.671251+00:00_RUNEUSDT_SHORT_0.598,2026-09-21T12:01:12.671251+00:00,RUNEUSDT,SHORT,2,2026-09-21T12:20:00+00:00,0.6023,0.598,0.60265,0.5705,SKIPPED,,,,closed candle did not preserve signal direction
Bitget_2026-09-21T12:01:12.671251+00:00_RUNEUSDT_SHORT_0.598,2026-09-21T12:01:12.671251+00:00,RUNEUSDT,SHORT,3,2026-09-21T12:25:00+00:00,0.6067,0.598,0.60265,0.5705,SKIPPED,,,,closed candle did not preserve signal direction
Bitget_2026-09-21T12:01:12.671251+00:00_RUNEUSDT_SHORT_0.598,2026-09-21T12:01:12.671251+00:00,RUNEUSDT,SHORT,4,2026-09-21T12:30:00+00:00,0.6073,0.598,0.60265,0.5705,SKIPPED,,,,closed candle did not preserve signal direction
Bitget_2026-09-21T12:01:14.603464+00:00_STXUSDT_SHORT_0.332,2026-09-21T12:01:14.603464+00:00,STXUSDT,SHORT,0,2026-09-21T12:10:00+00:00,0.331,0.332,0.334405714286,0.3179,ELIGIBLE_UNRESOLVED,,,,
Bitget_2026-09-21T12:01:14.603464+00:00_STXUSDT_SHORT_0.332,2026-09-21T12:01:14.603464+00:00,STXUSDT,SHORT,1,2026-09-21T12:15:00+00:00,0.3308,0.332,0.334405714286,0.3179,ELIGIBLE_UNRESOLVED,,,,
Bitget_2026-09-21T12:01:14.603464+00:00_STXUSDT_SHORT_0.332,2026-09-21T12:01:14.603464+00:00,STXUSDT,SHORT,2,2026-09-21T12:20:00+00:00,0.3316,0.332,0.334405714286,0.3179,ELIGIBLE_UNRESOLVED,,,,
Bitget_2026-09-21T12:01:14.603464+00:00_STXUSDT_SHORT_0.332,2026-09-21T12:01:14.603464+00:00,STXUSDT,SHORT,3,2026-09-21T12:25:00+00:00,0.3313,0.332,0.334405714286,0.3179,ELIGIBLE_UNRESOLVED,,,,
Bitget_2026-09-21T12:01:14.603464+00:00_STXUSDT_SHORT_0.332,2026-09-21T12:01:14.603464+00:00,STXUSDT,SHORT,4,2026-09-21T12:30:00+00:00,0.3307,0.332,0.334405714286,0.3179,ELIGIBLE_UNRESOLVED,,,,
Bitget_2026-09-21T12:01:16.787660+00:00_TUTUSDT_SHORT_0.02207,2026-09-21T12:01:16.787660+00:00,TUTUSDT,SHORT,0,2026-09-21T12:10:00+00:00,0.02202,0.02207,0.022341142857,0.02131,RESOLVED,FAIL,-1.0,2026-09-21T12:30:00+00:00,
Bitget_2026-09-21T12:01:16.787660+00:00_TUTUSDT_SHORT_0.02207,2026-09-21T12:01:16.787660+00:00,TUTUSDT,SHORT,1,2026-09-21T12:15:00+00:00,0.02206,0.02207,0.022341142857,0.02131,RESOLVED,FAIL,-1.0,2026-09-21T12:30:00+00:00,
Bitget_2026-09-21T12:01:16.787660+00:00_TUTUSDT_SHORT_0.02207,2026-09-21T12:01:16.787660+00:00,TUTUSDT,SHORT,2,2026-09-21T12:20:00+00:00,0.02218,0.02207,0.022341142857,0.02131,SKIPPED,,,,closed candle did not preserve signal direction
Bitget_2026-09-21T12:01:16.787660+00:00_TUTUSDT_SHORT_0.02207,2026-09-21T12:01:16.787660+00:00,TUTUSDT,SHORT,3,2026-09-21T12:25:00+00:00,0.02222,0.02207,0.022341142857,0.02131,SKIPPED,,,,closed candle did not preserve signal direction
Bitget_2026-09-21T12:01:16.787660+00:00_TUTUSDT_SHORT_0.02207,2026-09-21T12:01:16.787660+00:00,TUTUSDT,SHORT,4,2026-09-21T12:30:00+00:00,0.02228,0.02207,0.022341142857,0.02131,SKIPPED,,,,closed candle did not preserve signal direction
Bitget_2026-09-21T12:01:18.093554+00:00_VELVETUSDT_SHORT_0.06208,2026-09-21T12:01:18.093554+00:00,VELVETUSDT,SHORT,0,2026-09-21T12:10:00+00:00,0.062,0.06208,0.062704285714,0.05821,RESOLVED,FAIL,-1.0,2026-09-21T12:35:00+00:00,
Bitget_2026-09-21T12:01:18.093554+00:00_VELVETUSDT_SHORT_0.06208,2026-09-21T12:01:18.093554+00:00,VELVETUSDT,SHORT,1,2026-09-21T12:15:00+00:00,0.06208,0.06208,0.062704285714,0.05821,RESOLVED,FAIL,-1.0,2026-09-21T12:35:00+00:00,
Bitget_2026-09-21T12:01:18.093554+00:00_VELVETUSDT_SHORT_0.06208,2026-09-21T12:01:18.093554+00:00,VELVETUSDT,SHORT,2,2026-09-21T12:20:00+00:00,0.06207,0.06208,0.062704285714,0.05821,RESOLVED,FAIL,-1.0,2026-09-21T12:35:00+00:00,
Bitget_2026-09-21T12:01:18.093554+00:00_VELVETUSDT_SHORT_0.06208,2026-09-21T12:01:18.093554+00:00,VELVETUSDT,SHORT,3,2026-09-21T12:25:00+00:00,0.06232,0.06208,0.062704285714,0.05821,SKIPPED,,,,closed candle did not preserve signal direction
Bitget_2026-09-21T12:01:18.093554+00:00_VELVETUSDT_SHORT_0.06208,2026-09-21T12:01:18.093554+00:00,VELVETUSDT,SHORT,4,2026-09-21T12:30:00+00:00,0.06246,0.06208,0.062704285714,0.05821,SKIPPED,,,,closed candle did not preserve signal direction
Bitget_2026-09-21T12:01:19.339769+00:00_XLMUSDT_SHORT_0.21046,2026-09-21T12:01:19.339769+00:00,XLMUSDT,SHORT,0,2026-09-21T12:10:00+00:00,0.21096,0.21046,0.213232857143,0.19709,SKIPPED,,,,closed candle did not preserve signal direction
Bitget_2026-09-21T12:01:19.339769+00:00_XLMUSDT_SHORT_0.21046,2026-09-21T12:01:19.339769+00:00,XLMUSDT,SHORT,1,2026-09-21T12:15:00+00:00,0.21091,0.21046,0.213232857143,0.19709,SKIPPED,,,,closed candle did not preserve signal direction
Bitget_2026-09-21T12:01:19.339769+00:00_XLMUSDT_SHORT_0.21046,2026-09-21T12:01:19.339769+00:00,XLMUSDT,SHORT,2,2026-09-21T12:20:00+00:00,0.21157,0.21046,0.213232857143,0.19709,SKIPPED,,,,closed candle did not preserve signal direction
Bitget_2026-09-21T12:01:19.339769+00:00_XLMUSDT_SHORT_0.21046,2026-09-21T12:01:19.339769+00:00,XLMUSDT,SHORT,3,2026-09-21T12:25:00+00:00,0.2116,0.21046,0.213232857143,0.19709,SKIPPED,,,,closed candle did not preserve signal direction
Bitget_2026-09-21T12:01:19.339769+00:00_XLMUSDT_SHORT_0.21046,2026-09-21T12:01:19.339769+00:00,XLMUSDT,SHORT,4,2026-09-21T12:30:00+00:00,0.21108,0.21046,0.213232857143,0.19709,SKIPPED,,,,closed candle did not preserve signal direction
Bitget_2026-09-21T12:07:47.953218+00:00_EDGEUSDT_SHORT_0.604,2026-09-21T12:07:47.953218+00:00,EDGEUSDT,SHORT,0,2026-09-21T12:15:00+00:00,0.6063,0.604,0.61488,0.5449,SKIPPED,,,,closed candle did not preserve signal direction
Bitget_2026-09-21T12:07:47.953218+00:00_EDGEUSDT_SHORT_0.604,2026-09-21T12:07:47.953218+00:00,EDGEUSDT,SHORT,1,2026-09-21T12:20:00+00:00,0.6071,0.604,0.61488,0.5449,SKIPPED,,,,closed candle did not preserve signal direction
Bitget_2026-09-21T12:07:47.953218+00:00_EDGEUSDT_SHORT_0.604,2026-09-21T12:07:47.953218+00:00,EDGEUSDT,SHORT,2,2026-09-21T12:25:00+00:00,0.6055,0.604,0.61488,0.5449,SKIPPED,,,,closed candle did not preserve signal direction
Bitget_2026-09-21T12:07:47.953218+00:00_EDGEUSDT_SHORT_0.604,2026-09-21T12:07:47.953218+00:00,EDGEUSDT,SHORT,3,2026-09-21T12:30:00+00:00,0.6114,0.604,0.61488,0.5449,SKIPPED,,,,closed candle did not preserve signal direction
Bitget_2026-09-21T12:07:47.953218+00:00_EDGEUSDT_SHORT_0.604,2026-09-21T12:07:47.953218+00:00,EDGEUSDT,SHORT,4,2026-09-21T12:35:00+00:00,0.6105,0.604,0.61488,0.5449,SKIPPED,,,,closed candle did not preserve signal direction
Bitget_2026-09-21T12:08:09.618709+00:00_VELVETUSDT_SHORT_0.06185,2026-09-21T12:08:09.618709+00:00,VELVETUSDT,SHORT,0,2026-09-21T12:15:00+00:00,0.06208,0.06185,0.062700714286,0.05821,SKIPPED,,,,closed candle did not preserve signal direction
Bitget_2026-09-21T12:08:09.618709+00:00_VELVETUSDT_SHORT_0.06185,2026-09-21T12:08:09.618709+00:00,VELVETUSDT,SHORT,1,2026-09-21T12:20:00+00:00,0.06207,0.06185,0.062700714286,0.05821,SKIPPED,,,,closed candle did not preserve signal direction
Bitget_2026-09-21T12:08:09.618709+00:00_VELVETUSDT_SHORT_0.06185,2026-09-21T12:08:09.618709+00:00,VELVETUSDT,SHORT,2,2026-09-21T12:25:00+00:00,0.06232,0.06185,0.062700714286,0.05821,SKIPPED,,,,closed candle did not preserve signal direction
Bitget_2026-09-21T12:08:09.618709+00:00_VELVETUSDT_SHORT_0.06185,2026-09-21T12:08:09.618709+00:00,VELVETUSDT,SHORT,3,2026-09-21T12:30:00+00:00,0.06246,0.06185,0.062700714286,0.05821,SKIPPED,,,,closed candle did not preserve signal direction
Bitget_2026-09-21T12:08:09.618709+00:00_VELVETUSDT_SHORT_0.06185,2026-09-21T12:08:09.618709+00:00,VELVETUSDT,SHORT,4,2026-09-21T12:35:00+00:00,0.06258,0.06185,0.062700714286,0.05821,SKIPPED,,,,closed candle did not preserve signal direction
Bitget_2026-09-21T13:31:45.487299+00:00_EIGENUSDT_SHORT_0.2488,2026-09-21T13:31:45.487299+00:00,EIGENUSDT,SHORT,0,2026-09-21T13:40:00+00:00,0.2473,0.2488,0.25192,0.2333,ELIGIBLE_UNRESOLVED,,,,
Bitget_2026-09-21T13:31:45.487299+00:00_EIGENUSDT_SHORT_0.2488,2026-09-21T13:31:45.487299+00:00,EIGENUSDT,SHORT,1,2026-09-21T13:45:00+00:00,0.247,0.2488,0.25192,0.2333,ELIGIBLE_UNRESOLVED,,,,
Bitget_2026-09-21T13:31:45.487299+00:00_EIGENUSDT_SHORT_0.2488,2026-09-21T13:31:45.487299+00:00,EIGENUSDT,SHORT,2,2026-09-21T13:50:00+00:00,0.2486,0.2488,0.25192,0.2333,ELIGIBLE_UNRESOLVED,,,,
Bitget_2026-09-21T13:31:45.487299+00:00_EIGENUSDT_SHORT_0.2488,2026-09-21T13:31:45.487299+00:00,EIGENUSDT,SHORT,3,2026-09-21T13:55:00+00:00,0.2483,0.2488,0.25192,0.2333,ELIGIBLE_UNRESOLVED,,,,
Bitget_2026-09-21T13:31:45.487299+00:00_EIGENUSDT_SHORT_0.2488,2026-09-21T13:31:45.487299+00:00,EIGENUSDT,SHORT,4,2026-09-21T14:00:00+00:00,0.2479,0.2488,0.25192,0.2333,ELIGIBLE_UNRESOLVED,,,,
Bitget_2026-09-21T13:31:52.042107+00:00_KAITOUSDT_SHORT_0.349,2026-09-21T13:31:52.042107+00:00,KAITOUSDT,SHORT,0,2026-09-21T13:40:00+00:00,0.3507,0.349,0.352918571429,0.3293,SKIPPED,,,,closed candle did not preserve signal direction
Bitget_2026-09-21T13:31:52.042107+00:00_KAITOUSDT_SHORT_0.349,2026-09-21T13:31:52.042107+00:00,KAITOUSDT,SHORT,1,2026-09-21T13:45:00+00:00,0.3512,0.349,0.352918571429,0.3293,SKIPPED,,,,closed candle did not preserve signal direction
Bitget_2026-09-21T13:31:52.042107+00:00_KAITOUSDT_SHORT_0.349,2026-09-21T13:31:52.042107+00:00,KAITOUSDT,SHORT,2,2026-09-21T13:50:00+00:00,0.3525,0.349,0.352918571429,0.3293,SKIPPED,,,,closed candle did not preserve signal direction
Bitget_2026-09-21T13:31:52.042107+00:00_KAITOUSDT_SHORT_0.349,2026-09-21T13:31:52.042107+00:00,KAITOUSDT,SHORT,3,2026-09-21T13:55:00+00:00,0.3532,0.349,0.352918571429,0.3293,SKIPPED,,,,closed candle did not preserve signal direction
Bitget_2026-09-21T13:31:52.042107+00:00_KAITOUSDT_SHORT_0.349,2026-09-21T13:31:52.042107+00:00,KAITOUSDT,SHORT,4,2026-09-21T14:00:00+00:00,0.3542,0.349,0.352918571429,0.3293,SKIPPED,,,,closed candle did not preserve signal direction
Bitget_2026-09-21T13:50:29.856612+00:00_PUMPUSDT_LONG_0.004382,2026-09-21T13:50:29.856612+00:00,PUMPUSDT,LONG,0,2026-09-21T14:00:00+00:00,0.004367,0.004382,0.004355542857,0.004475,SKIPPED,,,,closed candle did not preserve signal direction
Bitget_2026-09-21T13:50:29.856612+00:00_PUMPUSDT_LONG_0.004382,2026-09-21T13:50:29.856612+00:00,PUMPUSDT,LONG,1,2026-09-21T14:05:00+00:00,0.004343,0.004382,0.004355542857,0.004475,SKIPPED,,,,closed candle did not preserve signal direction
Bitget_2026-09-21T13:50:29.856612+00:00_PUMPUSDT_LONG_0.004382,2026-09-21T13:50:29.856612+00:00,PUMPUSDT,LONG,2,2026-09-21T14:10:00+00:00,0.004337,0.004382,0.004355542857,0.004475,SKIPPED,,,,closed candle did not preserve signal direction
Bitget_2026-09-21T13:50:29.856612+00:00_PUMPUSDT_LONG_0.004382,2026-09-21T13:50:29.856612+00:00,PUMPUSDT,LONG,3,2026-09-21T14:15:00+00:00,0.00433,0.004382,0.004355542857,0.004475,SKIPPED,,,,closed candle did not preserve signal direction
Bitget_2026-09-21T13:50:29.856612+00:00_PUMPUSDT_LONG_0.004382,2026-09-21T13:50:29.856612+00:00,PUMPUSDT,LONG,4,2026-09-21T14:20:00+00:00,0.004352,0.004382,0.004355542857,0.004475,SKIPPED,,,,closed candle did not preserve signal direction
Bitget_2026-09-21T14:58:23.969297+00:00_GPSUSDT_LONG_0.010993,2026-09-21T14:58:23.969297+00:00,GPSUSDT,LONG,0,2026-09-21T15:05:00+00:00,0.010951,0.010993,0.010920871429,0.011162,SKIPPED,,,,closed candle did not preserve signal direction
Bitget_2026-09-21T14:58:23.969297+00:00_GPSUSDT_LONG_0.010993,2026-09-21T14:58:23.969297+00:00,GPSUSDT,LONG,1,2026-09-21T15:10:00+00:00,0.010982,0.010993,0.010920871429,0.011162,SKIPPED,,,,closed candle did not preserve signal direction
Bitget_2026-09-21T14:58:23.969297+00:00_GPSUSDT_LONG_0.010993,2026-09-21T14:58:23.969297+00:00,GPSUSDT,LONG,2,2026-09-21T15:15:00+00:00,0.010983,0.010993,0.010920871429,0.011162,SKIPPED,,,,closed candle did not preserve signal direction
Bitget_2026-09-21T14:58:23.969297+00:00_GPSUSDT_LONG_0.010993,2026-09-21T14:58:23.969297+00:00,GPSUSDT,LONG,3,2026-09-21T15:20:00+00:00,0.010931,0.010993,0.010920871429,0.011162,SKIPPED,,,,closed candle did not preserve signal direction
Bitget_2026-09-21T14:58:23.969297+00:00_GPSUSDT_LONG_0.010993,2026-09-21T14:58:23.969297+00:00,GPSUSDT,LONG,4,2026-09-21T15:25:00+00:00,0.010945,0.010993,0.010920871429,0.011162,SKIPPED,,,,closed candle did not preserve signal direction
Bitget_2026-09-21T14:58:27.643093+00:00_KERNELUSDT_LONG_0.04755,2026-09-21T14:58:27.643093+00:00,KERNELUSDT,LONG,0,2026-09-21T15:05:00+00:00,0.04693,0.04755,0.046907142857,0.05019,SKIPPED,,,,closed candle did not preserve signal direction
Bitget_2026-09-21T14:58:27.643093+00:00_KERNELUSDT_LONG_0.04755,2026-09-21T14:58:27.643093+00:00,KERNELUSDT,LONG,1,2026-09-21T15:10:00+00:00,0.0475,0.04755,0.046907142857,0.05019,SKIPPED,,,,closed candle did not preserve signal direction
Bitget_2026-09-21T14:58:27.643093+00:00_KERNELUSDT_LONG_0.04755,2026-09-21T14:58:27.643093+00:00,KERNELUSDT,LONG,2,2026-09-21T15:15:00+00:00,0.04731,0.04755,0.046907142857,0.05019,SKIPPED,,,,closed candle did not preserve signal direction
Bitget_2026-09-21T14:58:27.643093+00:00_KERNELUSDT_LONG_0.04755,2026-09-21T14:58:27.643093+00:00,KERNELUSDT,LONG,3,2026-09-21T15:20:00+00:00,0.04736,0.04755,0.046907142857,0.05019,SKIPPED,,,,closed candle did not preserve signal direction
Bitget_2026-09-21T14:58:27.643093+00:00_KERNELUSDT_LONG_0.04755,2026-09-21T14:58:27.643093+00:00,KERNELUSDT,LONG,4,2026-09-21T15:25:00+00:00,0.04756,0.04755,0.046907142857,0.05019,ELIGIBLE_UNRESOLVED,,,,
Bitget_2026-09-21T14:58:29.717343+00:00_METISUSDT_LONG_3.575,2026-09-21T14:58:29.717343+00:00,METISUSDT,LONG,0,2026-09-21T15:05:00+00:00,3.572,3.575,3.52527142857,3.728,SKIPPED,,,,closed candle did not preserve signal direction
Bitget_2026-09-21T14:58:29.717343+00:00_METISUSDT_LONG_3.575,2026-09-21T14:58:29.717343+00:00,METISUSDT,LONG,1,2026-09-21T15:10:00+00:00,3.574,3.575,3.52527142857,3.728,SKIPPED,,,,closed candle did not preserve signal direction
Bitget_2026-09-21T14:58:29.717343+00:00_METISUSDT_LONG_3.575,2026-09-21T14:58:29.717343+00:00,METISUSDT,LONG,2,2026-09-21T15:15:00+00:00,3.547,3.575,3.52527142857,3.728,SKIPPED,,,,closed candle did not preserve signal direction
Bitget_2026-09-21T14:58:29.717343+00:00_METISUSDT_LONG_3.575,2026-09-21T14:58:29.717343+00:00,METISUSDT,LONG,3,2026-09-21T15:20:00+00:00,3.541,3.575,3.52527142857,3.728,SKIPPED,,,,closed candle did not preserve signal direction
Bitget_2026-09-21T14:58:29.717343+00:00_METISUSDT_LONG_3.575,2026-09-21T14:58:29.717343+00:00,METISUSDT,LONG,4,2026-09-21T15:25:00+00:00,3.512,3.575,3.52527142857,3.728,SKIPPED,,,,closed candle did not preserve signal direction
Bitget_2026-09-21T17:22:03.542876+00:00_AKTUSDT_LONG_0.6321,2026-09-21T17:22:03.542876+00:00,AKTUSDT,LONG,0,2026-09-21T18:00:00+00:00,0.6199,0.6321,0.630031428571,0.6442,SKIPPED,,,,closed candle did not preserve signal direction
Bitget_2026-09-21T17:22:03.542876+00:00_AKTUSDT_LONG_0.6321,2026-09-21T17:22:03.542876+00:00,AKTUSDT,LONG,1,2026-09-21T18:05:00+00:00,0.6258,0.6321,0.630031428571,0.6442,SKIPPED,,,,closed candle did not preserve signal direction
Bitget_2026-09-21T17:22:03.542876+00:00_AKTUSDT_LONG_0.6321,2026-09-21T17:22:03.542876+00:00,AKTUSDT,LONG,2,2026-09-21T18:10:00+00:00,0.6306,0.6321,0.630031428571,0.6442,SKIPPED,,,,closed candle did not preserve signal direction
Bitget_2026-09-21T17:22:03.542876+00:00_AKTUSDT_LONG_0.6321,2026-09-21T17:22:03.542876+00:00,AKTUSDT,LONG,3,2026-09-21T18:15:00+00:00,0.6317,0.6321,0.630031428571,0.6442,SKIPPED,,,,closed candle did not preserve signal direction
Bitget_2026-09-21T17:22:03.542876+00:00_AKTUSDT_LONG_0.6321,2026-09-21T17:22:03.542876+00:00,AKTUSDT,LONG,4,2026-09-21T18:20:00+00:00,0.6304,0.6321,0.630031428571,0.6442,SKIPPED,,,,closed candle did not preserve signal direction
Bitget_2026-09-21T17:46:36.891485+00:00_BBUSDT_LONG_0.0089,2026-09-21T17:46:36.891485+00:00,BBUSDT,LONG,0,2026-09-21T18:00:00+00:00,0.00877,0.0089,0.008771714286,0.00933,SKIPPED,,,,closed candle did not preserve signal direction
Bitget_2026-09-21T17:46:36.891485+00:00_BBUSDT_LONG_0.0089,2026-09-21T17:46:36.891485+00:00,BBUSDT,LONG,1,2026-09-21T18:05:00+00:00,0.00883,0.0089,0.008771714286,0.00933,SKIPPED,,,,closed candle did not preserve signal direction
Bitget_2026-09-21T17:46:36.891485+00:00_BBUSDT_LONG_0.0089,2026-09-21T17:46:36.891485+00:00,BBUSDT,LONG,2,2026-09-21T18:10:00+00:00,0.00888,0.0089,0.008771714286,0.00933,SKIPPED,,,,closed candle did not preserve signal direction
Bitget_2026-09-21T17:46:36.891485+00:00_BBUSDT_LONG_0.0089,2026-09-21T17:46:36.891485+00:00,BBUSDT,LONG,3,2026-09-21T18:15:00+00:00,0.00891,0.0089,0.008771714286,0.00933,ELIGIBLE_UNRESOLVED,,,,
Bitget_2026-09-21T17:46:36.891485+00:00_BBUSDT_LONG_0.0089,2026-09-21T17:46:36.891485+00:00,BBUSDT,LONG,4,2026-09-21T18:20:00+00:00,0.00885,0.0089,0.008771714286,0.00933,SKIPPED,,,,closed candle did not preserve signal direction
Bitget_2026-09-21T18:49:40.331193+00:00_BEATUSDT_LONG_0.0875,2026-09-21T18:49:40.331193+00:00,BEATUSDT,LONG,0,2026-09-21T18:55:00+00:00,0.0873,0.0875,0.086941428571,0.089,SKIPPED,,,,closed candle did not preserve signal direction
Bitget_2026-09-21T18:49:40.331193+00:00_BEATUSDT_LONG_0.0875,2026-09-21T18:49:40.331193+00:00,BEATUSDT,LONG,1,2026-09-21T19:00:00+00:00,0.0873,0.0875,0.086941428571,0.089,SKIPPED,,,,closed candle did not preserve signal direction
Bitget_2026-09-21T18:49:40.331193+00:00_BEATUSDT_LONG_0.0875,2026-09-21T18:49:40.331193+00:00,BEATUSDT,LONG,2,2026-09-21T19:05:00+00:00,0.0867,0.0875,0.086941428571,0.089,SKIPPED,,,,closed candle did not preserve signal direction
Bitget_2026-09-21T18:49:40.331193+00:00_BEATUSDT_LONG_0.0875,2026-09-21T18:49:40.331193+00:00,BEATUSDT,LONG,3,2026-09-21T19:10:00+00:00,0.0868,0.0875,0.086941428571,0.089,SKIPPED,,,,closed candle did not preserve signal direction
Bitget_2026-09-21T18:49:40.331193+00:00_BEATUSDT_LONG_0.0875,2026-09-21T18:49:40.331193+00:00,BEATUSDT,LONG,4,2026-09-21T19:15:00+00:00,0.0869,0.0875,0.086941428571,0.089,SKIPPED,,,,closed candle did not preserve signal direction
Bitget_2026-09-21T18:49:40.948064+00:00_BLESSUSDT_LONG_0.00938,2026-09-21T18:49:40.948064+00:00,BLESSUSDT,LONG,0,2026-09-21T18:55:00+00:00,0.009405,0.00938,0.009314028571,0.009634,RESOLVED,FAIL,-1.0,2026-09-21T19:45:00+00:00,
Bitget_2026-09-21T18:49:40.948064+00:00_BLESSUSDT_LONG_0.00938,2026-09-21T18:49:40.948064+00:00,BLESSUSDT,LONG,1,2026-09-21T19:00:00+00:00,0.009405,0.00938,0.009314028571,0.009634,RESOLVED,FAIL,-1.0,2026-09-21T19:45:00+00:00,
Bitget_2026-09-21T18:49:40.948064+00:00_BLESSUSDT_LONG_0.00938,2026-09-21T18:49:40.948064+00:00,BLESSUSDT,LONG,2,2026-09-21T19:05:00+00:00,0.009356,0.00938,0.009314028571,0.009634,SKIPPED,,,,closed candle did not preserve signal direction
Bitget_2026-09-21T18:49:40.948064+00:00_BLESSUSDT_LONG_0.00938,2026-09-21T18:49:40.948064+00:00,BLESSUSDT,LONG,3,2026-09-21T19:10:00+00:00,0.009356,0.00938,0.009314028571,0.009634,SKIPPED,,,,closed candle did not preserve signal direction
Bitget_2026-09-21T18:49:40.948064+00:00_BLESSUSDT_LONG_0.00938,2026-09-21T18:49:40.948064+00:00,BLESSUSDT,LONG,4,2026-09-21T19:15:00+00:00,0.00935,0.00938,0.009314028571,0.009634,SKIPPED,,,,closed candle did not preserve signal direction
Bitget_2026-09-21T18:50:03.248463+00:00_SUIUSDT_LONG_1.0092,2026-09-21T18:50:03.248463+00:00,SUIUSDT,LONG,0,2026-09-21T19:00:00+00:00,1.012,1.0092,0.998644285714,1.0507,ELIGIBLE_UNRESOLVED,,,,
Bitget_2026-09-21T18:50:03.248463+00:00_SUIUSDT_LONG_1.0092,2026-09-21T18:50:03.248463+00:00,SUIUSDT,LONG,1,2026-09-21T19:05:00+00:00,1.0078,1.0092,0.998644285714,1.0507,SKIPPED,,,,closed candle did not preserve signal direction
Bitget_2026-09-21T18:50:03.248463+00:00_SUIUSDT_LONG_1.0092,2026-09-21T18:50:03.248463+00:00,SUIUSDT,LONG,2,2026-09-21T19:10:00+00:00,1.0109,1.0092,0.998644285714,1.0507,ELIGIBLE_UNRESOLVED,,,,
Bitget_2026-09-21T18:50:03.248463+00:00_SUIUSDT_LONG_1.0092,2026-09-21T18:50:03.248463+00:00,SUIUSDT,LONG,3,2026-09-21T19:15:00+00:00,1.0123,1.0092,0.998644285714,1.0507,ELIGIBLE_UNRESOLVED,,,,
Bitget_2026-09-21T18:50:03.248463+00:00_SUIUSDT_LONG_1.0092,2026-09-21T18:50:03.248463+00:00,SUIUSDT,LONG,4,2026-09-21T19:20:00+00:00,1.016,1.0092,0.998644285714,1.0507,ELIGIBLE_UNRESOLVED,,,,
Bitget_2026-09-21T18:50:03.598762+00:00_SUSHIUSDT_LONG_0.2553,2026-09-21T18:50:03.598762+00:00,SUSHIUSDT,LONG,0,2026-09-21T19:00:00+00:00,0.2551,0.2553,0.25343,0.2624,SKIPPED,,,,closed candle did not preserve signal direction
Bitget_2026-09-21T18:50:03.598762+00:00_SUSHIUSDT_LONG_0.2553,2026-09-21T18:50:03.598762+00:00,SUSHIUSDT,LONG,1,2026-09-21T19:05:00+00:00,0.254,0.2553,0.25343,0.2624,SKIPPED,,,,closed candle did not preserve signal direction
Bitget_2026-09-21T18:50:03.598762+00:00_SUSHIUSDT_LONG_0.2553,2026-09-21T18:50:03.598762+00:00,SUSHIUSDT,LONG,2,2026-09-21T19:10:00+00:00,0.2543,0.2553,0.25343,0.2624,SKIPPED,,,,closed candle did not preserve signal direction
Bitget_2026-09-21T18:50:03.598762+00:00_SUSHIUSDT_LONG_0.2553,2026-09-21T18:50:03.598762+00:00,SUSHIUSDT,LONG,3,2026-09-21T19:15:00+00:00,0.2545,0.2553,0.25343,0.2624,SKIPPED,,,,closed candle did not preserve signal direction
Bitget_2026-09-21T18:50:03.598762+00:00_SUSHIUSDT_LONG_0.2553,2026-09-21T18:50:03.598762+00:00,SUSHIUSDT,LONG,4,2026-09-21T19:20:00+00:00,0.2545,0.2553,0.25343,0.2624,SKIPPED,,,,closed candle did not preserve signal direction
Bitget_2026-09-21T18:50:08.987487+00:00_牛来USDT_LONG_0.10509,2026-09-21T18:50:08.987487+00:00,牛来USDT,LONG,0,2026-09-21T19:00:00+00:00,0.10492,0.10509,0.103581,0.11414,SKIPPED,,,,closed candle did not preserve signal direction
Bitget_2026-09-21T18:50:08.987487+00:00_牛来USDT_LONG_0.10509,2026-09-21T18:50:08.987487+00:00,牛来USDT,LONG,1,2026-09-21T19:05:00+00:00,0.10572,0.10509,0.103581,0.11414,ELIGIBLE_UNRESOLVED,,,,
Bitget_2026-09-21T18:50:08.987487+00:00_牛来USDT_LONG_0.10509,2026-09-21T18:50:08.987487+00:00,牛来USDT,LONG,2,2026-09-21T19:10:00+00:00,0.10501,0.10509,0.103581,0.11414,SKIPPED,,,,closed candle did not preserve signal direction
Bitget_2026-09-21T18:50:08.987487+00:00_牛来USDT_LONG_0.10509,2026-09-21T18:50:08.987487+00:00,牛来USDT,LONG,3,2026-09-21T19:15:00+00:00,0.10515,0.10509,0.103581,0.11414,ELIGIBLE_UNRESOLVED,,,,
Bitget_2026-09-21T18:50:08.987487+00:00_牛来USDT_LONG_0.10509,2026-09-21T18:50:08.987487+00:00,牛来USDT,LONG,4,2026-09-21T19:20:00+00:00,0.1052,0.10509,0.103581,0.11414,ELIGIBLE_UNRESOLVED,,,,
Bitget_2026-09-21T22:21:51.826440+00:00_1000000MOGUSDT_LONG_0.1194,2026-09-21T22:21:51.826440+00:00,1000000MOGUSDT,LONG,0,2026-09-21T22:30:00+00:00,0.1203,0.1194,0.118241428571,0.1241,ELIGIBLE_UNRESOLVED,,,,
Bitget_2026-09-21T22:21:51.826440+00:00_1000000MOGUSDT_LONG_0.1194,2026-09-21T22:21:51.826440+00:00,1000000MOGUSDT,LONG,1,2026-09-21T22:35:00+00:00,0.1196,0.1194,0.118241428571,0.1241,ELIGIBLE_UNRESOLVED,,,,
Bitget_2026-09-21T22:21:51.826440+00:00_1000000MOGUSDT_LONG_0.1194,2026-09-21T22:21:51.826440+00:00,1000000MOGUSDT,LONG,2,2026-09-21T23:35:00+00:00,0.1194,0.1194,0.118241428571,0.1241,ELIGIBLE_UNRESOLVED,,,,
Bitget_2026-09-21T22:21:51.826440+00:00_1000000MOGUSDT_LONG_0.1194,2026-09-21T22:21:51.826440+00:00,1000000MOGUSDT,LONG,3,2026-09-21T23:40:00+00:00,0.119,0.1194,0.118241428571,0.1241,SKIPPED,,,,closed candle did not preserve signal direction
Bitget_2026-09-21T22:21:51.826440+00:00_1000000MOGUSDT_LONG_0.1194,2026-09-21T22:21:51.826440+00:00,1000000MOGUSDT,LONG,4,2026-09-21T23:45:00+00:00,0.119,0.1194,0.118241428571,0.1241,SKIPPED,,,,closed candle did not preserve signal direction
Bitget_2026-09-22T00:43:52.081715+00:00_FLOCKUSDT_LONG_0.07373,2026-09-22T00:43:52.081715+00:00,FLOCKUSDT,LONG,0,2026-09-22T00:50:00+00:00,0.0734,0.07373,0.073098714286,0.07642,SKIPPED,,,,closed candle did not preserve signal direction
Bitget_2026-09-22T00:43:52.081715+00:00_FLOCKUSDT_LONG_0.07373,2026-09-22T00:43:52.081715+00:00,FLOCKUSDT,LONG,1,2026-09-22T00:55:00+00:00,0.07327,0.07373,0.073098714286,0.07642,SKIPPED,,,,closed candle did not preserve signal direction
Bitget_2026-09-22T00:43:52.081715+00:00_FLOCKUSDT_LONG_0.07373,2026-09-22T00:43:52.081715+00:00,FLOCKUSDT,LONG,2,2026-09-22T01:00:00+00:00,0.07293,0.07373,0.073098714286,0.07642,SKIPPED,,,,closed candle did not preserve signal direction
Bitget_2026-09-22T00:43:52.081715+00:00_FLOCKUSDT_LONG_0.07373,2026-09-22T00:43:52.081715+00:00,FLOCKUSDT,LONG,3,2026-09-22T01:05:00+00:00,0.0727,0.07373,0.073098714286,0.07642,SKIPPED,,,,closed candle did not preserve signal direction
Bitget_2026-09-22T00:43:52.081715+00:00_FLOCKUSDT_LONG_0.07373,2026-09-22T00:43:52.081715+00:00,FLOCKUSDT,LONG,4,2026-09-22T01:10:00+00:00,0.07319,0.07373,0.073098714286,0.07642,SKIPPED,,,,closed candle did not preserve signal direction
Bitget_2026-09-22T02:16:00.627928+00:00_APTUSDT_LONG_0.7687,2026-09-22T02:16:00.627928+00:00,APTUSDT,LONG,0,2026-09-22T02:25:00+00:00,0.7716,0.7687,0.767594285714,0.7807,RESOLVED,EXPANSION,8.229974,2026-09-22T02:40:00+00:00,
Bitget_2026-09-22T02:16:00.627928+00:00_APTUSDT_LONG_0.7687,2026-09-22T02:16:00.627928+00:00,APTUSDT,LONG,1,2026-09-22T02:30:00+00:00,0.7739,0.7687,0.767594285714,0.7807,RESOLVED,EXPANSION,6.149871,2026-09-22T02:40:00+00:00,
Bitget_2026-09-22T02:16:00.627928+00:00_APTUSDT_LONG_0.7687,2026-09-22T02:16:00.627928+00:00,APTUSDT,LONG,2,2026-09-22T02:35:00+00:00,0.7758,0.7687,0.767594285714,0.7807,RESOLVED,EXPANSION,4.431525,2026-09-22T02:40:00+00:00,
Bitget_2026-09-22T02:16:00.627928+00:00_APTUSDT_LONG_0.7687,2026-09-22T02:16:00.627928+00:00,APTUSDT,LONG,3,2026-09-22T02:40:00+00:00,0.7794,0.7687,0.767594285714,0.7807,SKIPPED,,,,candidate candle also touched baseline stop/target; intrabar order ambiguous
Bitget_2026-09-22T02:16:00.627928+00:00_APTUSDT_LONG_0.7687,2026-09-22T02:16:00.627928+00:00,APTUSDT,LONG,4,2026-09-22T02:45:00+00:00,0.777,0.7687,0.767594285714,0.7807,SKIPPED,,,,candidate candle also touched baseline stop/target; intrabar order ambiguous
Bitget_2026-09-22T02:45:12.999982+00:00_METUSDT_LONG_0.2795,2026-09-22T02:45:12.999982+00:00,METUSDT,LONG,0,2026-09-22T02:55:00+00:00,0.2777,0.2795,0.276844285714,0.2907,SKIPPED,,,,closed candle did not preserve signal direction
Bitget_2026-09-22T02:45:12.999982+00:00_METUSDT_LONG_0.2795,2026-09-22T02:45:12.999982+00:00,METUSDT,LONG,1,2026-09-22T03:00:00+00:00,0.2776,0.2795,0.276844285714,0.2907,SKIPPED,,,,closed candle did not preserve signal direction
Bitget_2026-09-22T02:45:12.999982+00:00_METUSDT_LONG_0.2795,2026-09-22T02:45:12.999982+00:00,METUSDT,LONG,2,2026-09-22T03:05:00+00:00,0.2789,0.2795,0.276844285714,0.2907,SKIPPED,,,,closed candle did not preserve signal direction
Bitget_2026-09-22T02:45:12.999982+00:00_METUSDT_LONG_0.2795,2026-09-22T02:45:12.999982+00:00,METUSDT,LONG,3,2026-09-22T03:10:00+00:00,0.2784,0.2795,0.276844285714,0.2907,SKIPPED,,,,closed candle did not preserve signal direction
Bitget_2026-09-22T02:45:12.999982+00:00_METUSDT_LONG_0.2795,2026-09-22T02:45:12.999982+00:00,METUSDT,LONG,4,2026-09-22T03:15:00+00:00,0.2781,0.2795,0.276844285714,0.2907,SKIPPED,,,,closed candle did not preserve signal direction
Bitget_2026-09-22T03:22:58.486657+00:00_BTCUSDT_LONG_85469.6,2026-09-22T03:22:58.486657+00:00,BTCUSDT,LONG,0,2026-09-22T03:30:00+00:00,85573.3,85469.6,85381.0614286,85784.9,SKIPPED,,,,candidate candle also touched baseline stop/target; intrabar order ambiguous
Bitget_2026-09-22T03:22:58.486657+00:00_BTCUSDT_LONG_85469.6,2026-09-22T03:22:58.486657+00:00,BTCUSDT,LONG,1,2026-09-22T03:35:00+00:00,85517.1,85469.6,85381.0614286,85784.9,RESOLVED,FAIL,-1.0,2026-09-22T05:05:00+00:00,
Bitget_2026-09-22T03:22:58.486657+00:00_BTCUSDT_LONG_85469.6,2026-09-22T03:22:58.486657+00:00,BTCUSDT,LONG,2,2026-09-22T03:40:00+00:00,85447.9,85469.6,85381.0614286,85784.9,SKIPPED,,,,closed candle did not preserve signal direction
Bitget_2026-09-22T03:22:58.486657+00:00_BTCUSDT_LONG_85469.6,2026-09-22T03:22:58.486657+00:00,BTCUSDT,LONG,3,2026-09-22T03:45:00+00:00,85454.8,85469.6,85381.0614286,85784.9,SKIPPED,,,,closed candle did not preserve signal direction
Bitget_2026-09-22T03:22:58.486657+00:00_BTCUSDT_LONG_85469.6,2026-09-22T03:22:58.486657+00:00,BTCUSDT,LONG,4,2026-09-22T03:50:00+00:00,85523.8,85469.6,85381.0614286,85784.9,RESOLVED,FAIL,-1.0,2026-09-22T05:05:00+00:00,
Bitget_2026-09-22T03:23:19.557037+00:00_RUNEUSDT_LONG_0.6351,2026-09-22T03:23:19.557037+00:00,RUNEUSDT,LONG,0,2026-09-22T03:30:00+00:00,0.6377,0.6351,0.632085714286,0.6463,RESOLVED,FAIL,-1.0,2026-09-22T05:15:00+00:00,
Bitget_2026-09-22T03:23:19.557037+00:00_RUNEUSDT_LONG_0.6351,2026-09-22T03:23:19.557037+00:00,RUNEUSDT,LONG,1,2026-09-22T03:35:00+00:00,0.6377,0.6351,0.632085714286,0.6463,RESOLVED,FAIL,-1.0,2026-09-22T05:15:00+00:00,
Bitget_2026-09-22T03:23:19.557037+00:00_RUNEUSDT_LONG_0.6351,2026-09-22T03:23:19.557037+00:00,RUNEUSDT,LONG,2,2026-09-22T03:40:00+00:00,0.6359,0.6351,0.632085714286,0.6463,RESOLVED,FAIL,-1.0,2026-09-22T05:15:00+00:00,
Bitget_2026-09-22T03:23:19.557037+00:00_RUNEUSDT_LONG_0.6351,2026-09-22T03:23:19.557037+00:00,RUNEUSDT,LONG,3,2026-09-22T03:45:00+00:00,0.6365,0.6351,0.632085714286,0.6463,RESOLVED,FAIL,-1.0,2026-09-22T05:15:00+00:00,
Bitget_2026-09-22T03:23:19.557037+00:00_RUNEUSDT_LONG_0.6351,2026-09-22T03:23:19.557037+00:00,RUNEUSDT,LONG,4,2026-09-22T03:50:00+00:00,0.6356,0.6351,0.632085714286,0.6463,RESOLVED,FAIL,-1.0,2026-09-22T05:15:00+00:00,
Bitget_2026-09-22T04:40:17.382709+00:00_ALCHUSDT_LONG_0.05092,2026-09-22T04:40:17.382709+00:00,ALCHUSDT,LONG,0,2026-09-22T05:05:00+00:00,0.05114,0.05092,0.050087571429,0.05601,RESOLVED,FAIL,-1.0,2026-09-22T06:10:00+00:00,
Bitget_2026-09-22T04:40:17.382709+00:00_ALCHUSDT_LONG_0.05092,2026-09-22T04:40:17.382709+00:00,ALCHUSDT,LONG,1,2026-09-22T05:10:00+00:00,0.05132,0.05092,0.050087571429,0.05601,RESOLVED,FAIL,-1.0,2026-09-22T06:10:00+00:00,
Bitget_2026-09-22T04:40:17.382709+00:00_ALCHUSDT_LONG_0.05092,2026-09-22T04:40:17.382709+00:00,ALCHUSDT,LONG,2,2026-09-22T05:15:00+00:00,0.0517,0.05092,0.050087571429,0.05601,RESOLVED,FAIL,-1.0,2026-09-22T06:10:00+00:00,
Bitget_2026-09-22T04:40:17.382709+00:00_ALCHUSDT_LONG_0.05092,2026-09-22T04:40:17.382709+00:00,ALCHUSDT,LONG,3,2026-09-22T05:20:00+00:00,0.05135,0.05092,0.050087571429,0.05601,RESOLVED,FAIL,-1.0,2026-09-22T06:10:00+00:00,
Bitget_2026-09-22T04:40:17.382709+00:00_ALCHUSDT_LONG_0.05092,2026-09-22T04:40:17.382709+00:00,ALCHUSDT,LONG,4,2026-09-22T05:25:00+00:00,0.05191,0.05092,0.050087571429,0.05601,RESOLVED,FAIL,-1.0,2026-09-22T06:10:00+00:00,
Bitget_2026-09-22T04:40:32.566175+00:00_KASUSDT_LONG_0.04329,2026-09-22T04:40:32.566175+00:00,KASUSDT,LONG,0,2026-09-22T05:05:00+00:00,0.04337,0.04329,0.042930571429,0.04463,RESOLVED,FAIL,-1.0,2026-09-22T05:25:00+00:00,
Bitget_2026-09-22T04:40:32.566175+00:00_KASUSDT_LONG_0.04329,2026-09-22T04:40:32.566175+00:00,KASUSDT,LONG,1,2026-09-22T05:10:00+00:00,0.04351,0.04329,0.042930571429,0.04463,RESOLVED,FAIL,-1.0,2026-09-22T05:25:00+00:00,
Bitget_2026-09-22T04:40:32.566175+00:00_KASUSDT_LONG_0.04329,2026-09-22T04:40:32.566175+00:00,KASUSDT,LONG,2,2026-09-22T05:15:00+00:00,0.04339,0.04329,0.042930571429,0.04463,RESOLVED,FAIL,-1.0,2026-09-22T05:25:00+00:00,
Bitget_2026-09-22T04:40:32.566175+00:00_KASUSDT_LONG_0.04329,2026-09-22T04:40:32.566175+00:00,KASUSDT,LONG,3,2026-09-22T05:20:00+00:00,0.04298,0.04329,0.042930571429,0.04463,SKIPPED,,,,closed candle did not preserve signal direction
Bitget_2026-09-22T04:40:32.566175+00:00_KASUSDT_LONG_0.04329,2026-09-22T04:40:32.566175+00:00,KASUSDT,LONG,4,2026-09-22T05:25:00+00:00,0.04295,0.04329,0.042930571429,0.04463,SKIPPED,,,,closed candle did not preserve signal direction
Bitget_2026-09-22T05:41:53.319773+00:00_FETUSDT_LONG_0.1997,2026-09-22T05:41:53.319773+00:00,FETUSDT,LONG,0,2026-09-22T05:50:00+00:00,0.202,0.1997,0.197048571429,0.2066,ELIGIBLE_UNRESOLVED,,,,
Bitget_2026-09-22T05:41:53.319773+00:00_FETUSDT_LONG_0.1997,2026-09-22T05:41:53.319773+00:00,FETUSDT,LONG,1,2026-09-22T05:55:00+00:00,0.2024,0.1997,0.197048571429,0.2066,ELIGIBLE_UNRESOLVED,,,,
Bitget_2026-09-22T05:41:53.319773+00:00_FETUSDT_LONG_0.1997,2026-09-22T05:41:53.319773+00:00,FETUSDT,LONG,2,2026-09-22T06:00:00+00:00,0.2016,0.1997,0.197048571429,0.2066,ELIGIBLE_UNRESOLVED,,,,
Bitget_2026-09-22T05:41:53.319773+00:00_FETUSDT_LONG_0.1997,2026-09-22T05:41:53.319773+00:00,FETUSDT,LONG,3,2026-09-22T06:05:00+00:00,0.2001,0.1997,0.197048571429,0.2066,ELIGIBLE_UNRESOLVED,,,,
Bitget_2026-09-22T05:41:53.319773+00:00_FETUSDT_LONG_0.1997,2026-09-22T05:41:53.319773+00:00,FETUSDT,LONG,4,2026-09-22T06:10:00+00:00,0.2005,0.1997,0.197048571429,0.2066,ELIGIBLE_UNRESOLVED,,,,
Bitget_2026-09-22T05:42:02.128241+00:00_ONGUSDT_LONG_0.09071,2026-09-22T05:42:02.128241+00:00,ONGUSDT,LONG,0,2026-09-22T05:50:00+00:00,0.09094,0.09071,0.089818428571,0.09315,ELIGIBLE_UNRESOLVED,,,,
Bitget_2026-09-22T05:42:02.128241+00:00_ONGUSDT_LONG_0.09071,2026-09-22T05:42:02.128241+00:00,ONGUSDT,LONG,1,2026-09-22T05:55:00+00:00,0.09094,0.09071,0.089818428571,0.09315,ELIGIBLE_UNRESOLVED,,,,
Bitget_2026-09-22T05:42:02.128241+00:00_ONGUSDT_LONG_0.09071,2026-09-22T05:42:02.128241+00:00,ONGUSDT,LONG,2,2026-09-22T06:00:00+00:00,0.09075,0.09071,0.089818428571,0.09315,ELIGIBLE_UNRESOLVED,,,,
Bitget_2026-09-22T05:42:02.128241+00:00_ONGUSDT_LONG_0.09071,2026-09-22T05:42:02.128241+00:00,ONGUSDT,LONG,3,2026-09-22T06:05:00+00:00,0.09043,0.09071,0.089818428571,0.09315,SKIPPED,,,,closed candle did not preserve signal direction
Bitget_2026-09-22T05:42:02.128241+00:00_ONGUSDT_LONG_0.09071,2026-09-22T05:42:02.128241+00:00,ONGUSDT,LONG,4,2026-09-22T06:10:00+00:00,0.09054,0.09071,0.089818428571,0.09315,SKIPPED,,,,closed candle did not preserve signal direction
Bitget_2026-09-22T07:30:34.367957+00:00_DOGEUSDT_LONG_0.09913,2026-09-22T07:30:34.367957+00:00,DOGEUSDT,LONG,0,2026-09-22T07:50:00+00:00,0.09905,0.09913,0.098679571429,0.10135,SKIPPED,,,,closed candle did not preserve signal direction
Bitget_2026-09-22T07:30:34.367957+00:00_DOGEUSDT_LONG_0.09913,2026-09-22T07:30:34.367957+00:00,DOGEUSDT,LONG,1,2026-09-22T07:55:00+00:00,0.09887,0.09913,0.098679571429,0.10135,SKIPPED,,,,closed candle did not preserve signal direction
Bitget_2026-09-22T07:30:34.367957+00:00_DOGEUSDT_LONG_0.09913,2026-09-22T07:30:34.367957+00:00,DOGEUSDT,LONG,2,2026-09-22T08:00:00+00:00,0.09876,0.09913,0.098679571429,0.10135,SKIPPED,,,,closed candle did not preserve signal direction
Bitget_2026-09-22T07:30:34.367957+00:00_DOGEUSDT_LONG_0.09913,2026-09-22T07:30:34.367957+00:00,DOGEUSDT,LONG,3,2026-09-22T08:05:00+00:00,0.09879,0.09913,0.098679571429,0.10135,SKIPPED,,,,closed candle did not preserve signal direction
Bitget_2026-09-22T07:30:34.367957+00:00_DOGEUSDT_LONG_0.09913,2026-09-22T07:30:34.367957+00:00,DOGEUSDT,LONG,4,2026-09-22T08:10:00+00:00,0.09905,0.09913,0.098679571429,0.10135,SKIPPED,,,,closed candle did not preserve signal direction
Bitget_2026-09-22T07:46:08.378950+00:00_METUSDT_LONG_0.2725,2026-09-22T07:46:08.378950+00:00,METUSDT,LONG,0,2026-09-22T07:55:00+00:00,0.2734,0.2725,0.270375714286,0.2859,RESOLVED,EXPANSION,5.884331,2026-09-22T09:35:00+00:00,
Bitget_2026-09-22T07:46:08.378950+00:00_METUSDT_LONG_0.2725,2026-09-22T07:46:08.378950+00:00,METUSDT,LONG,1,2026-09-22T08:00:00+00:00,0.2724,0.2725,0.270375714286,0.2859,SKIPPED,,,,closed candle did not preserve signal direction
Bitget_2026-09-22T07:46:08.378950+00:00_METUSDT_LONG_0.2725,2026-09-22T07:46:08.378950+00:00,METUSDT,LONG,2,2026-09-22T08:05:00+00:00,0.2729,0.2725,0.270375714286,0.2859,RESOLVED,EXPANSION,6.119704,2026-09-22T09:35:00+00:00,
Bitget_2026-09-22T07:46:08.378950+00:00_METUSDT_LONG_0.2725,2026-09-22T07:46:08.378950+00:00,METUSDT,LONG,3,2026-09-22T08:10:00+00:00,0.2743,0.2725,0.270375714286,0.2859,RESOLVED,EXPANSION,5.460659,2026-09-22T09:35:00+00:00,
Bitget_2026-09-22T07:46:08.378950+00:00_METUSDT_LONG_0.2725,2026-09-22T07:46:08.378950+00:00,METUSDT,LONG,4,2026-09-22T08:15:00+00:00,0.2759,0.2725,0.270375714286,0.2859,RESOLVED,EXPANSION,4.707465,2026-09-22T09:35:00+00:00,
Bitget_2026-09-22T12:56:46.185974+00:00_COOKIEUSDT_LONG_0.01287,2026-09-22T12:56:46.185974+00:00,COOKIEUSDT,LONG,0,2026-09-22T13:25:00+00:00,0.01253,0.01287,0.012695,0.01381,SKIPPED,,,,closed candle did not preserve signal direction
Bitget_2026-09-22T12:56:46.185974+00:00_COOKIEUSDT_LONG_0.01287,2026-09-22T12:56:46.185974+00:00,COOKIEUSDT,LONG,1,2026-09-22T13:30:00+00:00,0.01253,0.01287,0.012695,0.01381,SKIPPED,,,,closed candle did not preserve signal direction
Bitget_2026-09-22T12:56:46.185974+00:00_COOKIEUSDT_LONG_0.01287,2026-09-22T12:56:46.185974+00:00,COOKIEUSDT,LONG,2,2026-09-22T13:35:00+00:00,0.01268,0.01287,0.012695,0.01381,SKIPPED,,,,closed candle did not preserve signal direction
Bitget_2026-09-22T12:56:46.185974+00:00_COOKIEUSDT_LONG_0.01287,2026-09-22T12:56:46.185974+00:00,COOKIEUSDT,LONG,3,2026-09-22T13:40:00+00:00,0.01267,0.01287,0.012695,0.01381,SKIPPED,,,,closed candle did not preserve signal direction
Bitget_2026-09-22T12:56:46.185974+00:00_COOKIEUSDT_LONG_0.01287,2026-09-22T12:56:46.185974+00:00,COOKIEUSDT,LONG,4,2026-09-22T13:45:00+00:00,0.01273,0.01287,0.012695,0.01381,SKIPPED,,,,closed candle did not preserve signal direction
Bitget_2026-09-22T12:57:03.914860+00:00_SONICUSDT_LONG_0.02631,2026-09-22T12:57:03.914860+00:00,SONICUSDT,LONG,0,2026-09-22T13:25:00+00:00,0.02644,0.02631,0.026040285714,0.02754,RESOLVED,FAIL,-1.0,2026-09-22T13:50:00+00:00,
Bitget_2026-09-22T12:57:03.914860+00:00_SONICUSDT_LONG_0.02631,2026-09-22T12:57:03.914860+00:00,SONICUSDT,LONG,1,2026-09-22T13:30:00+00:00,0.02632,0.02631,0.026040285714,0.02754,RESOLVED,FAIL,-1.0,2026-09-22T13:50:00+00:00,
Bitget_2026-09-22T12:57:03.914860+00:00_SONICUSDT_LONG_0.02631,2026-09-22T12:57:03.914860+00:00,SONICUSDT,LONG,2,2026-09-22T13:35:00+00:00,0.02635,0.02631,0.026040285714,0.02754,RESOLVED,FAIL,-1.0,2026-09-22T13:50:00+00:00,
Bitget_2026-09-22T12:57:03.914860+00:00_SONICUSDT_LONG_0.02631,2026-09-22T12:57:03.914860+00:00,SONICUSDT,LONG,3,2026-09-22T13:40:00+00:00,0.0262,0.02631,0.026040285714,0.02754,SKIPPED,,,,closed candle did not preserve signal direction
Bitget_2026-09-22T12:57:03.914860+00:00_SONICUSDT_LONG_0.02631,2026-09-22T12:57:03.914860+00:00,SONICUSDT,LONG,4,2026-09-22T13:45:00+00:00,0.02627,0.02631,0.026040285714,0.02754,SKIPPED,,,,closed candle did not preserve signal direction
Bitget_2026-09-22T13:36:39.747485+00:00_CYSUSDT_LONG_0.16676,2026-09-22T13:36:39.747485+00:00,CYSUSDT,LONG,0,2026-09-22T13:45:00+00:00,0.16786,0.16676,0.164087142857,0.17679,ELIGIBLE_UNRESOLVED,,,,
Bitget_2026-09-22T13:36:39.747485+00:00_CYSUSDT_LONG_0.16676,2026-09-22T13:36:39.747485+00:00,CYSUSDT,LONG,1,2026-09-22T13:50:00+00:00,0.16832,0.16676,0.164087142857,0.17679,ELIGIBLE_UNRESOLVED,,,,
Bitget_2026-09-22T13:36:39.747485+00:00_CYSUSDT_LONG_0.16676,2026-09-22T13:36:39.747485+00:00,CYSUSDT,LONG,2,2026-09-22T13:55:00+00:00,0.16835,0.16676,0.164087142857,0.17679,ELIGIBLE_UNRESOLVED,,,,
Bitget_2026-09-22T13:36:39.747485+00:00_CYSUSDT_LONG_0.16676,2026-09-22T13:36:39.747485+00:00,CYSUSDT,LONG,3,2026-09-22T14:00:00+00:00,0.16769,0.16676,0.164087142857,0.17679,ELIGIBLE_UNRESOLVED,,,,
Bitget_2026-09-22T13:36:39.747485+00:00_CYSUSDT_LONG_0.16676,2026-09-22T13:36:39.747485+00:00,CYSUSDT,LONG,4,2026-09-22T14:05:00+00:00,0.16734,0.16676,0.164087142857,0.17679,ELIGIBLE_UNRESOLVED,,,,
Bitget_2026-09-22T16:07:51.621583+00:00_PHAUSDT_SHORT_0.04613,2026-09-22T16:07:51.621583+00:00,PHAUSDT,SHORT,0,2026-09-22T16:15:00+00:00,0.04625,0.04613,0.046530428571,0.04446,SKIPPED,,,,closed candle did not preserve signal direction
Bitget_2026-09-22T16:07:51.621583+00:00_PHAUSDT_SHORT_0.04613,2026-09-22T16:07:51.621583+00:00,PHAUSDT,SHORT,1,2026-09-22T16:20:00+00:00,0.04664,0.04613,0.046530428571,0.04446,SKIPPED,,,,closed candle did not preserve signal direction
Bitget_2026-09-22T16:07:51.621583+00:00_PHAUSDT_SHORT_0.04613,2026-09-22T16:07:51.621583+00:00,PHAUSDT,SHORT,2,2026-09-22T16:25:00+00:00,0.04648,0.04613,0.046530428571,0.04446,SKIPPED,,,,closed candle did not preserve signal direction
Bitget_2026-09-22T16:07:51.621583+00:00_PHAUSDT_SHORT_0.04613,2026-09-22T16:07:51.621583+00:00,PHAUSDT,SHORT,3,2026-09-22T16:30:00+00:00,0.04615,0.04613,0.046530428571,0.04446,SKIPPED,,,,closed candle did not preserve signal direction
Bitget_2026-09-22T16:07:51.621583+00:00_PHAUSDT_SHORT_0.04613,2026-09-22T16:07:51.621583+00:00,PHAUSDT,SHORT,4,2026-09-22T16:35:00+00:00,0.04604,0.04613,0.046530428571,0.04446,RESOLVED,FAIL,-1.0,2026-09-22T17:10:00+00:00,
Bitget_2026-09-22T18:50:57.041382+00:00_SOPHUSDT_SHORT_0.003828,2026-09-22T18:50:57.041382+00:00,SOPHUSDT,SHORT,0,2026-09-22T19:00:00+00:00,0.003811,0.003828,0.003849557143,0.003761,RESOLVED,FAIL,-1.0,2026-09-22T20:35:00+00:00,
Bitget_2026-09-22T18:50:57.041382+00:00_SOPHUSDT_SHORT_0.003828,2026-09-22T18:50:57.041382+00:00,SOPHUSDT,SHORT,1,2026-09-22T19:05:00+00:00,0.003835,0.003828,0.003849557143,0.003761,SKIPPED,,,,closed candle did not preserve signal direction
Bitget_2026-09-22T18:50:57.041382+00:00_SOPHUSDT_SHORT_0.003828,2026-09-22T18:50:57.041382+00:00,SOPHUSDT,SHORT,2,2026-09-22T19:10:00+00:00,0.003835,0.003828,0.003849557143,0.003761,SKIPPED,,,,closed candle did not preserve signal direction
Bitget_2026-09-22T18:50:57.041382+00:00_SOPHUSDT_SHORT_0.003828,2026-09-22T18:50:57.041382+00:00,SOPHUSDT,SHORT,3,2026-09-22T19:15:00+00:00,0.003833,0.003828,0.003849557143,0.003761,SKIPPED,,,,closed candle did not preserve signal direction
Bitget_2026-09-22T18:50:57.041382+00:00_SOPHUSDT_SHORT_0.003828,2026-09-22T18:50:57.041382+00:00,SOPHUSDT,SHORT,4,2026-09-22T19:20:00+00:00,0.003844,0.003828,0.003849557143,0.003761,SKIPPED,,,,closed candle did not preserve signal direction
Bitget_2026-09-23T02:34:52.014017+00:00_SXTUSDT_LONG_0.009845,2026-09-23T02:34:52.014017+00:00,SXTUSDT,LONG,0,2026-09-23T02:40:00+00:00,0.009883,0.009845,0.009716157143,0.010209,ELIGIBLE_UNRESOLVED,,,,
Bitget_2026-09-23T02:34:52.014017+00:00_SXTUSDT_LONG_0.009845,2026-09-23T02:34:52.014017+00:00,SXTUSDT,LONG,1,2026-09-23T02:45:00+00:00,0.009823,0.009845,0.009716157143,0.010209,SKIPPED,,,,closed candle did not preserve signal direction
Bitget_2026-09-23T02:34:52.014017+00:00_SXTUSDT_LONG_0.009845,2026-09-23T02:34:52.014017+00:00,SXTUSDT,LONG,2,2026-09-23T02:50:00+00:00,0.009863,0.009845,0.009716157143,0.010209,ELIGIBLE_UNRESOLVED,,,,
Bitget_2026-09-23T02:34:52.014017+00:00_SXTUSDT_LONG_0.009845,2026-09-23T02:34:52.014017+00:00,SXTUSDT,LONG,3,2026-09-23T02:55:00+00:00,0.009878,0.009845,0.009716157143,0.010209,ELIGIBLE_UNRESOLVED,,,,
Bitget_2026-09-23T02:34:52.014017+00:00_SXTUSDT_LONG_0.009845,2026-09-23T02:34:52.014017+00:00,SXTUSDT,LONG,4,2026-09-23T03:00:00+00:00,0.009919,0.009845,0.009716157143,0.010209,ELIGIBLE_UNRESOLVED,,,,
Bitget_2026-09-23T02:58:12.848599+00:00_DASHUSDT_LONG_63.66,2026-09-23T02:58:12.848599+00:00,DASHUSDT,LONG,0,2026-09-23T03:05:00+00:00,63.55,63.66,62.988,65.24,SKIPPED,,,,closed candle did not preserve signal direction
Bitget_2026-09-23T02:58:12.848599+00:00_DASHUSDT_LONG_63.66,2026-09-23T02:58:12.848599+00:00,DASHUSDT,LONG,1,2026-09-23T03:10:00+00:00,63.43,63.66,62.988,65.24,SKIPPED,,,,closed candle did not preserve signal direction
Bitget_2026-09-23T02:58:12.848599+00:00_DASHUSDT_LONG_63.66,2026-09-23T02:58:12.848599+00:00,DASHUSDT,LONG,2,2026-09-23T03:15:00+00:00,63.65,63.66,62.988,65.24,SKIPPED,,,,closed candle did not preserve signal direction
Bitget_2026-09-23T02:58:12.848599+00:00_DASHUSDT_LONG_63.66,2026-09-23T02:58:12.848599+00:00,DASHUSDT,LONG,3,2026-09-23T03:20:00+00:00,63.48,63.66,62.988,65.24,SKIPPED,,,,closed candle did not preserve signal direction
Bitget_2026-09-23T02:58:12.848599+00:00_DASHUSDT_LONG_63.66,2026-09-23T02:58:12.848599+00:00,DASHUSDT,LONG,4,2026-09-23T03:25:00+00:00,63.9,63.66,62.988,65.24,RESOLVED,FAIL,-1.0,2026-09-23T04:55:00+00:00,
Bitget_2026-09-23T03:35:15.664832+00:00_BEATUSDT_LONG_0.0912,2026-09-23T03:35:15.664832+00:00,BEATUSDT,LONG,0,2026-09-23T03:45:00+00:00,0.092,0.0912,0.090955714286,0.0927,RESOLVED,EXPANSION,2.865497,2026-09-23T04:40:00+00:00,
Bitget_2026-09-23T03:35:15.664832+00:00_BEATUSDT_LONG_0.0912,2026-09-23T03:35:15.664832+00:00,BEATUSDT,LONG,1,2026-09-23T03:50:00+00:00,0.0919,0.0912,0.090955714286,0.0927,RESOLVED,EXPANSION,3.274854,2026-09-23T04:40:00+00:00,
Bitget_2026-09-23T03:35:15.664832+00:00_BEATUSDT_LONG_0.0912,2026-09-23T03:35:15.664832+00:00,BEATUSDT,LONG,2,2026-09-23T03:55:00+00:00,0.0918,0.0912,0.090955714286,0.0927,RESOLVED,EXPANSION,3.684211,2026-09-23T04:40:00+00:00,
Bitget_2026-09-23T03:35:15.664832+00:00_BEATUSDT_LONG_0.0912,2026-09-23T03:35:15.664832+00:00,BEATUSDT,LONG,3,2026-09-23T04:00:00+00:00,0.0917,0.0912,0.090955714286,0.0927,RESOLVED,EXPANSION,4.093567,2026-09-23T04:40:00+00:00,
Bitget_2026-09-23T03:35:15.664832+00:00_BEATUSDT_LONG_0.0912,2026-09-23T03:35:15.664832+00:00,BEATUSDT,LONG,4,2026-09-23T04:05:00+00:00,0.0913,0.0912,0.090955714286,0.0927,RESOLVED,EXPANSION,5.730994,2026-09-23T04:40:00+00:00,
Bitget_2026-09-23T03:35:19.671162+00:00_CLANKERUSDT_LONG_14.81,2026-09-23T03:35:19.671162+00:00,CLANKERUSDT,LONG,0,2026-09-23T03:45:00+00:00,14.8,14.81,14.6822857143,15.21,SKIPPED,,,,closed candle did not preserve signal direction
Bitget_2026-09-23T03:35:19.671162+00:00_CLANKERUSDT_LONG_14.81,2026-09-23T03:35:19.671162+00:00,CLANKERUSDT,LONG,1,2026-09-23T03:50:00+00:00,14.83,14.81,14.6822857143,15.21,RESOLVED,FAIL,-1.0,2026-09-23T04:10:00+00:00,
Bitget_2026-09-23T03:35:19.671162+00:00_CLANKERUSDT_LONG_14.81,2026-09-23T03:35:19.671162+00:00,CLANKERUSDT,LONG,2,2026-09-23T03:55:00+00:00,14.79,14.81,14.6822857143,15.21,SKIPPED,,,,closed candle did not preserve signal direction
Bitget_2026-09-23T03:35:19.671162+00:00_CLANKERUSDT_LONG_14.81,2026-09-23T03:35:19.671162+00:00,CLANKERUSDT,LONG,3,2026-09-23T04:00:00+00:00,14.79,14.81,14.6822857143,15.21,SKIPPED,,,,closed candle did not preserve signal direction
Bitget_2026-09-23T03:35:19.671162+00:00_CLANKERUSDT_LONG_14.81,2026-09-23T03:35:19.671162+00:00,CLANKERUSDT,LONG,4,2026-09-23T04:05:00+00:00,14.7,14.81,14.6822857143,15.21,SKIPPED,,,,closed candle did not preserve signal direction
Bitget_2026-09-23T03:35:43.142392+00:00_WALUSDT_LONG_0.03512,2026-09-23T03:35:43.142392+00:00,WALUSDT,LONG,0,2026-09-23T03:45:00+00:00,0.03509,0.03512,0.034872428571,0.03596,SKIPPED,,,,closed candle did not preserve signal direction
Bitget_2026-09-23T03:35:43.142392+00:00_WALUSDT_LONG_0.03512,2026-09-23T03:35:43.142392+00:00,WALUSDT,LONG,1,2026-09-23T03:50:00+00:00,0.03508,0.03512,0.034872428571,0.03596,SKIPPED,,,,closed candle did not preserve signal direction
Bitget_2026-09-23T03:35:43.142392+00:00_WALUSDT_LONG_0.03512,2026-09-23T03:35:43.142392+00:00,WALUSDT,LONG,2,2026-09-23T03:55:00+00:00,0.03511,0.03512,0.034872428571,0.03596,SKIPPED,,,,closed candle did not preserve signal direction
Bitget_2026-09-23T03:35:43.142392+00:00_WALUSDT_LONG_0.03512,2026-09-23T03:35:43.142392+00:00,WALUSDT,LONG,3,2026-09-23T04:00:00+00:00,0.03501,0.03512,0.034872428571,0.03596,SKIPPED,,,,closed candle did not preserve signal direction
Bitget_2026-09-23T03:35:43.142392+00:00_WALUSDT_LONG_0.03512,2026-09-23T03:35:43.142392+00:00,WALUSDT,LONG,4,2026-09-23T04:05:00+00:00,0.03488,0.03512,0.034872428571,0.03596,SKIPPED,,,,closed candle did not preserve signal direction
Bitget_2026-09-23T06:03:05.640087+00:00_KITEUSDT_LONG_0.13756,2026-09-23T06:03:05.640087+00:00,KITEUSDT,LONG,0,2026-09-23T06:10:00+00:00,0.13698,0.13756,0.137293428571,0.13973,SKIPPED,,,,closed candle did not preserve signal direction
Bitget_2026-09-23T06:03:05.640087+00:00_KITEUSDT_LONG_0.13756,2026-09-23T06:03:05.640087+00:00,KITEUSDT,LONG,1,2026-09-23T06:15:00+00:00,0.13656,0.13756,0.137293428571,0.13973,SKIPPED,,,,closed candle did not preserve signal direction
Bitget_2026-09-23T06:03:05.640087+00:00_KITEUSDT_LONG_0.13756,2026-09-23T06:03:05.640087+00:00,KITEUSDT,LONG,2,2026-09-23T06:20:00+00:00,0.13622,0.13756,0.137293428571,0.13973,SKIPPED,,,,closed candle did not preserve signal direction
Bitget_2026-09-23T06:03:05.640087+00:00_KITEUSDT_LONG_0.13756,2026-09-23T06:03:05.640087+00:00,KITEUSDT,LONG,3,2026-09-23T06:25:00+00:00,0.13589,0.13756,0.137293428571,0.13973,SKIPPED,,,,closed candle did not preserve signal direction
Bitget_2026-09-23T06:03:05.640087+00:00_KITEUSDT_LONG_0.13756,2026-09-23T06:03:05.640087+00:00,KITEUSDT,LONG,4,2026-09-23T06:30:00+00:00,0.13565,0.13756,0.137293428571,0.13973,SKIPPED,,,,closed candle did not preserve signal direction
Bitget_2026-09-23T07:43:03.352856+00:00_LABUSDT_LONG_0.0611,2026-09-23T07:43:03.352856+00:00,LABUSDT,LONG,0,2026-09-23T07:50:00+00:00,0.0607,0.0611,0.060865714286,0.0626,SKIPPED,,,,closed candle did not preserve signal direction
Bitget_2026-09-23T07:43:03.352856+00:00_LABUSDT_LONG_0.0611,2026-09-23T07:43:03.352856+00:00,LABUSDT,LONG,1,2026-09-23T07:55:00+00:00,0.0606,0.0611,0.060865714286,0.0626,SKIPPED,,,,closed candle did not preserve signal direction
Bitget_2026-09-23T07:43:03.352856+00:00_LABUSDT_LONG_0.0611,2026-09-23T07:43:03.352856+00:00,LABUSDT,LONG,2,2026-09-23T08:00:00+00:00,0.0606,0.0611,0.060865714286,0.0626,SKIPPED,,,,closed candle did not preserve signal direction
Bitget_2026-09-23T07:43:03.352856+00:00_LABUSDT_LONG_0.0611,2026-09-23T07:43:03.352856+00:00,LABUSDT,LONG,3,2026-09-23T08:05:00+00:00,0.0606,0.0611,0.060865714286,0.0626,SKIPPED,,,,closed candle did not preserve signal direction
Bitget_2026-09-23T07:43:03.352856+00:00_LABUSDT_LONG_0.0611,2026-09-23T07:43:03.352856+00:00,LABUSDT,LONG,4,2026-09-23T08:10:00+00:00,0.0603,0.0611,0.060865714286,0.0626,SKIPPED,,,,closed candle did not preserve signal direction
Bitget_2026-09-23T08:15:35.709475+00:00_BSVUSDT_LONG_22.34,2026-09-23T08:15:35.709475+00:00,BSVUSDT,LONG,0,2026-09-23T08:25:00+00:00,22.73,22.34,22.235,22.93,RESOLVED,EXPANSION,1.904762,2026-09-23T08:35:00+00:00,
Bitget_2026-09-23T08:15:35.709475+00:00_BSVUSDT_LONG_22.34,2026-09-23T08:15:35.709475+00:00,BSVUSDT,LONG,1,2026-09-23T08:30:00+00:00,22.71,22.34,22.235,22.93,RESOLVED,EXPANSION,2.095238,2026-09-23T08:35:00+00:00,
Bitget_2026-09-23T08:15:35.709475+00:00_BSVUSDT_LONG_22.34,2026-09-23T08:15:35.709475+00:00,BSVUSDT,LONG,2,2026-09-23T08:35:00+00:00,22.89,22.34,22.235,22.93,SKIPPED,,,,candidate candle also touched baseline stop/target; intrabar order ambiguous
Bitget_2026-09-23T08:15:35.709475+00:00_BSVUSDT_LONG_22.34,2026-09-23T08:15:35.709475+00:00,BSVUSDT,LONG,3,2026-09-23T08:40:00+00:00,22.74,22.34,22.235,22.93,RESOLVED,EXPANSION,1.809524,2026-09-23T10:00:00+00:00,
Bitget_2026-09-23T08:15:35.709475+00:00_BSVUSDT_LONG_22.34,2026-09-23T08:15:35.709475+00:00,BSVUSDT,LONG,4,2026-09-23T08:45:00+00:00,22.77,22.34,22.235,22.93,RESOLVED,EXPANSION,1.523810,2026-09-23T10:00:00+00:00,
Bitget_2026-09-23T08:15:53.342915+00:00_SAHARAUSDT_LONG_0.009992,2026-09-23T08:15:53.342915+00:00,SAHARAUSDT,LONG,0,2026-09-23T08:25:00+00:00,0.010039,0.009992,0.009881828571,0.010245,ELIGIBLE_UNRESOLVED,,,,
Bitget_2026-09-23T08:15:53.342915+00:00_SAHARAUSDT_LONG_0.009992,2026-09-23T08:15:53.342915+00:00,SAHARAUSDT,LONG,1,2026-09-23T08:30:00+00:00,0.010039,0.009992,0.009881828571,0.010245,ELIGIBLE_UNRESOLVED,,,,
Bitget_2026-09-23T08:15:53.342915+00:00_SAHARAUSDT_LONG_0.009992,2026-09-23T08:15:53.342915+00:00,SAHARAUSDT,LONG,2,2026-09-23T08:35:00+00:00,0.010027,0.009992,0.009881828571,0.010245,ELIGIBLE_UNRESOLVED,,,,
Bitget_2026-09-23T08:15:53.342915+00:00_SAHARAUSDT_LONG_0.009992,2026-09-23T08:15:53.342915+00:00,SAHARAUSDT,LONG,3,2026-09-23T08:40:00+00:00,0.010055,0.009992,0.009881828571,0.010245,ELIGIBLE_UNRESOLVED,,,,
Bitget_2026-09-23T08:15:53.342915+00:00_SAHARAUSDT_LONG_0.009992,2026-09-23T08:15:53.342915+00:00,SAHARAUSDT,LONG,4,2026-09-23T08:45:00+00:00,0.010062,0.009992,0.009881828571,0.010245,ELIGIBLE_UNRESOLVED,,,,
Bitget_2026-09-23T09:16:53.622058+00:00_ARBUSDT_LONG_0.2406,2026-09-23T09:16:53.622058+00:00,ARBUSDT,LONG,0,2026-09-23T09:25:00+00:00,0.242,0.2406,0.237184285714,0.2519,RESOLVED,FAIL,-1.0,2026-09-23T10:30:00+00:00,
Bitget_2026-09-23T09:16:53.622058+00:00_ARBUSDT_LONG_0.2406,2026-09-23T09:16:53.622058+00:00,ARBUSDT,LONG,1,2026-09-23T09:30:00+00:00,0.2408,0.2406,0.237184285714,0.2519,RESOLVED,FAIL,-1.0,2026-09-23T10:30:00+00:00,
Bitget_2026-09-23T09:16:53.622058+00:00_ARBUSDT_LONG_0.2406,2026-09-23T09:16:53.622058+00:00,ARBUSDT,LONG,2,2026-09-23T09:35:00+00:00,0.2391,0.2406,0.237184285714,0.2519,SKIPPED,,,,closed candle did not preserve signal direction
Bitget_2026-09-23T09:16:53.622058+00:00_ARBUSDT_LONG_0.2406,2026-09-23T09:16:53.622058+00:00,ARBUSDT,LONG,3,2026-09-23T09:40:00+00:00,0.2396,0.2406,0.237184285714,0.2519,SKIPPED,,,,closed candle did not preserve signal direction
Bitget_2026-09-23T09:16:53.622058+00:00_ARBUSDT_LONG_0.2406,2026-09-23T09:16:53.622058+00:00,ARBUSDT,LONG,4,2026-09-23T09:45:00+00:00,0.2403,0.2406,0.237184285714,0.2519,SKIPPED,,,,closed candle did not preserve signal direction
Bitget_2026-09-23T09:17:02.414362+00:00_ENSUSDT_LONG_7.121,2026-09-23T09:17:02.414362+00:00,ENSUSDT,LONG,0,2026-09-23T09:25:00+00:00,7.183,7.121,7.03104285714,7.333,ELIGIBLE_UNRESOLVED,,,,
Bitget_2026-09-23T09:17:02.414362+00:00_ENSUSDT_LONG_7.121,2026-09-23T09:17:02.414362+00:00,ENSUSDT,LONG,1,2026-09-23T09:30:00+00:00,7.16,7.121,7.03104285714,7.333,ELIGIBLE_UNRESOLVED,,,,
Bitget_2026-09-23T09:17:02.414362+00:00_ENSUSDT_LONG_7.121,2026-09-23T09:17:02.414362+00:00,ENSUSDT,LONG,2,2026-09-23T09:35:00+00:00,7.146,7.121,7.03104285714,7.333,ELIGIBLE_UNRESOLVED,,,,
Bitget_2026-09-23T09:17:02.414362+00:00_ENSUSDT_LONG_7.121,2026-09-23T09:17:02.414362+00:00,ENSUSDT,LONG,3,2026-09-23T09:40:00+00:00,7.145,7.121,7.03104285714,7.333,ELIGIBLE_UNRESOLVED,,,,
Bitget_2026-09-23T09:17:02.414362+00:00_ENSUSDT_LONG_7.121,2026-09-23T09:17:02.414362+00:00,ENSUSDT,LONG,4,2026-09-23T09:45:00+00:00,7.134,7.121,7.03104285714,7.333,ELIGIBLE_UNRESOLVED,,,,
Bitget_2026-09-23T09:59:55.527818+00:00_BUSDT_LONG_0.2289,2026-09-23T09:59:55.527818+00:00,BUSDT,LONG,0,2026-09-23T10:05:00+00:00,0.2292,0.2289,0.227562857143,0.2362,RESOLVED,FAIL,-1.0,2026-09-23T10:15:00+00:00,
Bitget_2026-09-23T09:59:55.527818+00:00_BUSDT_LONG_0.2289,2026-09-23T09:59:55.527818+00:00,BUSDT,LONG,1,2026-09-23T10:10:00+00:00,0.2279,0.2289,0.227562857143,0.2362,SKIPPED,,,,closed candle did not preserve signal direction
Bitget_2026-09-23T09:59:55.527818+00:00_BUSDT_LONG_0.2289,2026-09-23T09:59:55.527818+00:00,BUSDT,LONG,2,2026-09-23T10:15:00+00:00,0.2278,0.2289,0.227562857143,0.2362,SKIPPED,,,,closed candle did not preserve signal direction
Bitget_2026-09-23T09:59:55.527818+00:00_BUSDT_LONG_0.2289,2026-09-23T09:59:55.527818+00:00,BUSDT,LONG,3,2026-09-23T10:20:00+00:00,0.2276,0.2289,0.227562857143,0.2362,SKIPPED,,,,closed candle did not preserve signal direction
Bitget_2026-09-23T09:59:55.527818+00:00_BUSDT_LONG_0.2289,2026-09-23T09:59:55.527818+00:00,BUSDT,LONG,4,2026-09-23T10:25:00+00:00,0.2272,0.2289,0.227562857143,0.2362,SKIPPED,,,,closed candle did not preserve signal direction
Bitget_2026-09-23T10:00:08.962627+00:00_NILUSDT_LONG_0.09554,2026-09-23T10:00:08.962627+00:00,NILUSDT,LONG,0,2026-09-23T10:10:00+00:00,0.09477,0.09554,0.094933857143,0.09885,SKIPPED,,,,closed candle did not preserve signal direction
Bitget_2026-09-23T10:00:08.962627+00:00_NILUSDT_LONG_0.09554,2026-09-23T10:00:08.962627+00:00,NILUSDT,LONG,1,2026-09-23T10:15:00+00:00,0.09489,0.09554,0.094933857143,0.09885,SKIPPED,,,,closed candle did not preserve signal direction
Bitget_2026-09-23T10:00:08.962627+00:00_NILUSDT_LONG_0.09554,2026-09-23T10:00:08.962627+00:00,NILUSDT,LONG,2,2026-09-23T10:20:00+00:00,0.09585,0.09554,0.094933857143,0.09885,SKIPPED,,,,candidate candle also touched baseline stop/target; intrabar order ambiguous
Bitget_2026-09-23T10:00:08.962627+00:00_NILUSDT_LONG_0.09554,2026-09-23T10:00:08.962627+00:00,NILUSDT,LONG,3,2026-09-23T10:25:00+00:00,0.09489,0.09554,0.094933857143,0.09885,SKIPPED,,,,closed candle did not preserve signal direction
Bitget_2026-09-23T10:00:08.962627+00:00_NILUSDT_LONG_0.09554,2026-09-23T10:00:08.962627+00:00,NILUSDT,LONG,4,2026-09-23T10:30:00+00:00,0.09552,0.09554,0.094933857143,0.09885,SKIPPED,,,,closed candle did not preserve signal direction
Bitget_2026-09-23T10:33:22.935897+00:00_AAVEUSDT_LONG_148.07,2026-09-23T10:33:22.935897+00:00,AAVEUSDT,LONG,0,2026-09-23T10:40:00+00:00,148.69,148.07,147.606285714,151.45,RESOLVED,FAIL,-1.0,2026-09-23T11:25:00+00:00,
Bitget_2026-09-23T10:33:22.935897+00:00_AAVEUSDT_LONG_148.07,2026-09-23T10:33:22.935897+00:00,AAVEUSDT,LONG,1,2026-09-23T10:45:00+00:00,148.69,148.07,147.606285714,151.45,RESOLVED,FAIL,-1.0,2026-09-23T11:25:00+00:00,
Bitget_2026-09-23T10:33:22.935897+00:00_AAVEUSDT_LONG_148.07,2026-09-23T10:33:22.935897+00:00,AAVEUSDT,LONG,2,2026-09-23T10:50:00+00:00,149.03,148.07,147.606285714,151.45,RESOLVED,FAIL,-1.0,2026-09-23T11:25:00+00:00,
Bitget_2026-09-23T10:33:22.935897+00:00_AAVEUSDT_LONG_148.07,2026-09-23T10:33:22.935897+00:00,AAVEUSDT,LONG,3,2026-09-23T10:55:00+00:00,149.06,148.07,147.606285714,151.45,RESOLVED,FAIL,-1.0,2026-09-23T11:25:00+00:00,
Bitget_2026-09-23T10:33:22.935897+00:00_AAVEUSDT_LONG_148.07,2026-09-23T10:33:22.935897+00:00,AAVEUSDT,LONG,4,2026-09-23T11:00:00+00:00,149.92,148.07,147.606285714,151.45,RESOLVED,FAIL,-1.0,2026-09-23T11:25:00+00:00,
Bitget_2026-09-23T10:33:45.510856+00:00_NILUSDT_LONG_0.09552,2026-09-23T10:33:45.510856+00:00,NILUSDT,LONG,0,2026-09-23T10:40:00+00:00,0.09681,0.09552,0.093998857143,0.10282,ELIGIBLE_UNRESOLVED,,,,
Bitget_2026-09-23T10:33:45.510856+00:00_NILUSDT_LONG_0.09552,2026-09-23T10:33:45.510856+00:00,NILUSDT,LONG,1,2026-09-23T10:45:00+00:00,0.09792,0.09552,0.093998857143,0.10282,ELIGIBLE_UNRESOLVED,,,,
Bitget_2026-09-23T10:33:45.510856+00:00_NILUSDT_LONG_0.09552,2026-09-23T10:33:45.510856+00:00,NILUSDT,LONG,2,2026-09-23T10:50:00+00:00,0.09738,0.09552,0.093998857143,0.10282,ELIGIBLE_UNRESOLVED,,,,
Bitget_2026-09-23T10:33:45.510856+00:00_NILUSDT_LONG_0.09552,2026-09-23T10:33:45.510856+00:00,NILUSDT,LONG,3,2026-09-23T10:55:00+00:00,0.09744,0.09552,0.093998857143,0.10282,ELIGIBLE_UNRESOLVED,,,,
Bitget_2026-09-23T10:33:45.510856+00:00_NILUSDT_LONG_0.09552,2026-09-23T10:33:45.510856+00:00,NILUSDT,LONG,4,2026-09-23T11:00:00+00:00,0.09752,0.09552,0.093998857143,0.10282,ELIGIBLE_UNRESOLVED,,,,
Bitget_2026-09-23T12:31:00.744230+00:00_ATHUSDT_LONG_0.006025,2026-09-23T12:31:00.744230+00:00,ATHUSDT,LONG,0,2026-09-23T12:40:00+00:00,0.006048,0.006025,0.005945971429,0.006367,RESOLVED,FAIL,-1.0,2026-09-23T14:10:00+00:00,
Bitget_2026-09-23T12:31:00.744230+00:00_ATHUSDT_LONG_0.006025,2026-09-23T12:31:00.744230+00:00,ATHUSDT,LONG,1,2026-09-23T12:45:00+00:00,0.006048,0.006025,0.005945971429,0.006367,RESOLVED,FAIL,-1.0,2026-09-23T14:10:00+00:00,
Bitget_2026-09-23T12:31:00.744230+00:00_ATHUSDT_LONG_0.006025,2026-09-23T12:31:00.744230+00:00,ATHUSDT,LONG,2,2026-09-23T12:50:00+00:00,0.00605,0.006025,0.005945971429,0.006367,RESOLVED,FAIL,-1.0,2026-09-23T14:10:00+00:00,
Bitget_2026-09-23T12:31:00.744230+00:00_ATHUSDT_LONG_0.006025,2026-09-23T12:31:00.744230+00:00,ATHUSDT,LONG,3,2026-09-23T12:55:00+00:00,0.006035,0.006025,0.005945971429,0.006367,RESOLVED,FAIL,-1.0,2026-09-23T14:10:00+00:00,
Bitget_2026-09-23T12:31:00.744230+00:00_ATHUSDT_LONG_0.006025,2026-09-23T12:31:00.744230+00:00,ATHUSDT,LONG,4,2026-09-23T13:00:00+00:00,0.006092,0.006025,0.005945971429,0.006367,RESOLVED,FAIL,-1.0,2026-09-23T14:10:00+00:00,
Bitget_2026-09-23T14:04:33.701565+00:00_0GUSDT_LONG_0.2583,2026-09-23T14:04:33.701565+00:00,0GUSDT,LONG,0,2026-09-23T14:10:00+00:00,0.2559,0.2583,0.25719,0.2666,SKIPPED,,,,closed candle did not preserve signal direction
Bitget_2026-09-23T14:04:33.701565+00:00_0GUSDT_LONG_0.2583,2026-09-23T14:04:33.701565+00:00,0GUSDT,LONG,1,2026-09-23T14:15:00+00:00,0.2527,0.2583,0.25719,0.2666,SKIPPED,,,,closed candle did not preserve signal direction
Bitget_2026-09-23T14:04:33.701565+00:00_0GUSDT_LONG_0.2583,2026-09-23T14:04:33.701565+00:00,0GUSDT,LONG,2,2026-09-23T14:20:00+00:00,0.2497,0.2583,0.25719,0.2666,SKIPPED,,,,closed candle did not preserve signal direction
Bitget_2026-09-23T14:04:33.701565+00:00_0GUSDT_LONG_0.2583,2026-09-23T14:04:33.701565+00:00,0GUSDT,LONG,3,2026-09-23T14:25:00+00:00,0.2499,0.2583,0.25719,0.2666,SKIPPED,,,,closed candle did not preserve signal direction
Bitget_2026-09-23T14:04:33.701565+00:00_0GUSDT_LONG_0.2583,2026-09-23T14:04:33.701565+00:00,0GUSDT,LONG,4,2026-09-23T14:30:00+00:00,0.2476,0.2583,0.25719,0.2666,SKIPPED,,,,closed candle did not preserve signal direction
Bitget_2026-09-23T17:31:53.963477+00:00_FOLKSUSDT_SHORT_2.298,2026-09-23T17:31:53.963477+00:00,FOLKSUSDT,SHORT,0,2026-09-23T17:40:00+00:00,2.3078,2.298,2.31846857143,2.2102,SKIPPED,,,,closed candle did not preserve signal direction
Bitget_2026-09-23T17:31:53.963477+00:00_FOLKSUSDT_SHORT_2.298,2026-09-23T17:31:53.963477+00:00,FOLKSUSDT,SHORT,1,2026-09-23T17:45:00+00:00,2.3169,2.298,2.31846857143,2.2102,SKIPPED,,,,closed candle did not preserve signal direction
Bitget_2026-09-23T17:31:53.963477+00:00_FOLKSUSDT_SHORT_2.298,2026-09-23T17:31:53.963477+00:00,FOLKSUSDT,SHORT,2,2026-09-23T17:50:00+00:00,2.311,2.298,2.31846857143,2.2102,SKIPPED,,,,closed candle did not preserve signal direction
Bitget_2026-09-23T17:31:53.963477+00:00_FOLKSUSDT_SHORT_2.298,2026-09-23T17:31:53.963477+00:00,FOLKSUSDT,SHORT,3,2026-09-23T17:55:00+00:00,2.3012,2.298,2.31846857143,2.2102,SKIPPED,,,,closed candle did not preserve signal direction
Bitget_2026-09-23T17:31:53.963477+00:00_FOLKSUSDT_SHORT_2.298,2026-09-23T17:31:53.963477+00:00,FOLKSUSDT,SHORT,4,2026-09-23T18:00:00+00:00,2.3057,2.298,2.31846857143,2.2102,SKIPPED,,,,closed candle did not preserve signal direction
Bitget_2026-09-23T19:43:08.682516+00:00_APRUSDT_LONG_0.14728,2026-09-23T19:43:08.682516+00:00,APRUSDT,LONG,0,2026-09-23T19:50:00+00:00,0.14744,0.14728,0.145995,0.15373,ELIGIBLE_UNRESOLVED,,,,
Bitget_2026-09-23T19:43:08.682516+00:00_APRUSDT_LONG_0.14728,2026-09-23T19:43:08.682516+00:00,APRUSDT,LONG,1,2026-09-23T19:55:00+00:00,0.14715,0.14728,0.145995,0.15373,SKIPPED,,,,closed candle did not preserve signal direction
Bitget_2026-09-23T19:43:08.682516+00:00_APRUSDT_LONG_0.14728,2026-09-23T19:43:08.682516+00:00,APRUSDT,LONG,2,2026-09-23T20:00:00+00:00,0.14708,0.14728,0.145995,0.15373,SKIPPED,,,,closed candle did not preserve signal direction
Bitget_2026-09-23T19:43:08.682516+00:00_APRUSDT_LONG_0.14728,2026-09-23T19:43:08.682516+00:00,APRUSDT,LONG,3,2026-09-23T20:05:00+00:00,0.14738,0.14728,0.145995,0.15373,ELIGIBLE_UNRESOLVED,,,,
Bitget_2026-09-23T19:43:08.682516+00:00_APRUSDT_LONG_0.14728,2026-09-23T19:43:08.682516+00:00,APRUSDT,LONG,4,2026-09-23T20:10:00+00:00,0.14707,0.14728,0.145995,0.15373,SKIPPED,,,,closed candle did not preserve signal direction
Bitget_2026-09-23T19:43:15.493301+00:00_CYSUSDT_SHORT_0.16688,2026-09-23T19:43:15.493301+00:00,CYSUSDT,SHORT,0,2026-09-23T19:50:00+00:00,0.16717,0.16688,0.167570714286,0.16282,SKIPPED,,,,closed candle did not preserve signal direction
Bitget_2026-09-23T19:43:15.493301+00:00_CYSUSDT_SHORT_0.16688,2026-09-23T19:43:15.493301+00:00,CYSUSDT,SHORT,1,2026-09-23T19:55:00+00:00,0.16694,0.16688,0.167570714286,0.16282,SKIPPED,,,,closed candle did not preserve signal direction
Bitget_2026-09-23T19:43:15.493301+00:00_CYSUSDT_SHORT_0.16688,2026-09-23T19:43:15.493301+00:00,CYSUSDT,SHORT,2,2026-09-23T20:00:00+00:00,0.1667,0.16688,0.167570714286,0.16282,RESOLVED,FAIL,-1.0,2026-09-23T21:10:00+00:00,
Bitget_2026-09-23T19:43:15.493301+00:00_CYSUSDT_SHORT_0.16688,2026-09-23T19:43:15.493301+00:00,CYSUSDT,SHORT,3,2026-09-23T20:05:00+00:00,0.16586,0.16688,0.167570714286,0.16282,RESOLVED,FAIL,-1.0,2026-09-23T21:10:00+00:00,
Bitget_2026-09-23T19:43:15.493301+00:00_CYSUSDT_SHORT_0.16688,2026-09-23T19:43:15.493301+00:00,CYSUSDT,SHORT,4,2026-09-23T20:10:00+00:00,0.16574,0.16688,0.167570714286,0.16282,RESOLVED,FAIL,-1.0,2026-09-23T21:10:00+00:00,
Bitget_2026-09-24T03:53:19.302275+00:00_GRVTUSDT_LONG_0.1939,2026-09-24T03:53:19.302275+00:00,GRVTUSDT,LONG,0,2026-09-24T04:00:00+00:00,0.19453,0.1939,0.193171571429,0.1954,RESOLVED,EXPANSION,1.194352,2026-09-24T04:05:00+00:00,
Bitget_2026-09-24T03:53:19.302275+00:00_GRVTUSDT_LONG_0.1939,2026-09-24T03:53:19.302275+00:00,GRVTUSDT,LONG,1,2026-09-24T04:05:00+00:00,0.19588,0.1939,0.193171571429,0.1954,SKIPPED,,,,candidate candle also touched baseline stop/target; intrabar order ambiguous
Bitget_2026-09-24T03:53:19.302275+00:00_GRVTUSDT_LONG_0.1939,2026-09-24T03:53:19.302275+00:00,GRVTUSDT,LONG,2,2026-09-24T04:10:00+00:00,0.19566,0.1939,0.193171571429,0.1954,SKIPPED,,,,candidate candle also touched baseline stop/target; intrabar order ambiguous
Bitget_2026-09-24T03:53:19.302275+00:00_GRVTUSDT_LONG_0.1939,2026-09-24T03:53:19.302275+00:00,GRVTUSDT,LONG,3,2026-09-24T04:15:00+00:00,0.19566,0.1939,0.193171571429,0.1954,SKIPPED,,,,candidate candle also touched baseline stop/target; intrabar order ambiguous
Bitget_2026-09-24T03:53:19.302275+00:00_GRVTUSDT_LONG_0.1939,2026-09-24T03:53:19.302275+00:00,GRVTUSDT,LONG,4,2026-09-24T04:20:00+00:00,0.19548,0.1939,0.193171571429,0.1954,SKIPPED,,,,candidate candle also touched baseline stop/target; intrabar order ambiguous
Bitget_2026-09-24T05:03:18.519044+00:00_CAPUSDT_LONG_0.04993,2026-09-24T05:03:18.519044+00:00,CAPUSDT,LONG,0,2026-09-24T05:10:00+00:00,0.0501,0.04993,0.049422285714,0.05285,RESOLVED,FAIL,-1.0,2026-09-24T06:20:00+00:00,
Bitget_2026-09-24T05:03:18.519044+00:00_CAPUSDT_LONG_0.04993,2026-09-24T05:03:18.519044+00:00,CAPUSDT,LONG,1,2026-09-24T05:15:00+00:00,0.05038,0.04993,0.049422285714,0.05285,RESOLVED,FAIL,-1.0,2026-09-24T06:20:00+00:00,
Bitget_2026-09-24T05:03:18.519044+00:00_CAPUSDT_LONG_0.04993,2026-09-24T05:03:18.519044+00:00,CAPUSDT,LONG,2,2026-09-24T05:20:00+00:00,0.05023,0.04993,0.049422285714,0.05285,RESOLVED,FAIL,-1.0,2026-09-24T06:20:00+00:00,
Bitget_2026-09-24T05:03:18.519044+00:00_CAPUSDT_LONG_0.04993,2026-09-24T05:03:18.519044+00:00,CAPUSDT,LONG,3,2026-09-24T05:25:00+00:00,0.04991,0.04993,0.049422285714,0.05285,SKIPPED,,,,closed candle did not preserve signal direction
Bitget_2026-09-24T05:03:18.519044+00:00_CAPUSDT_LONG_0.04993,2026-09-24T05:03:18.519044+00:00,CAPUSDT,LONG,4,2026-09-24T05:30:00+00:00,0.0498,0.04993,0.049422285714,0.05285,SKIPPED,,,,closed candle did not preserve signal direction
Bitget_2026-09-24T07:04:41.837621+00:00_CHILLGUYUSDT_SHORT_0.01294,2026-09-24T07:04:41.837621+00:00,CHILLGUYUSDT,SHORT,0,2026-09-24T07:10:00+00:00,0.01293,0.01294,0.012983285714,0.01269,RESOLVED,EXPANSION,5.544554,2026-09-24T08:50:00+00:00,
Bitget_2026-09-24T07:04:41.837621+00:00_CHILLGUYUSDT_SHORT_0.01294,2026-09-24T07:04:41.837621+00:00,CHILLGUYUSDT,SHORT,1,2026-09-24T07:15:00+00:00,0.01291,0.01294,0.012983285714,0.01269,RESOLVED,EXPANSION,5.082508,2026-09-24T08:50:00+00:00,
Bitget_2026-09-24T07:04:41.837621+00:00_CHILLGUYUSDT_SHORT_0.01294,2026-09-24T07:04:41.837621+00:00,CHILLGUYUSDT,SHORT,2,2026-09-24T07:20:00+00:00,0.01291,0.01294,0.012983285714,0.01269,RESOLVED,EXPANSION,5.082508,2026-09-24T08:50:00+00:00,
Bitget_2026-09-24T07:04:41.837621+00:00_CHILLGUYUSDT_SHORT_0.01294,2026-09-24T07:04:41.837621+00:00,CHILLGUYUSDT,SHORT,3,2026-09-24T07:25:00+00:00,0.01293,0.01294,0.012983285714,0.01269,RESOLVED,EXPANSION,5.544554,2026-09-24T08:50:00+00:00,
Bitget_2026-09-24T07:04:41.837621+00:00_CHILLGUYUSDT_SHORT_0.01294,2026-09-24T07:04:41.837621+00:00,CHILLGUYUSDT,SHORT,4,2026-09-24T07:30:00+00:00,0.01293,0.01294,0.012983285714,0.01269,RESOLVED,EXPANSION,5.544554,2026-09-24T08:50:00+00:00,
Bitget_2026-09-24T07:04:48.095986+00:00_GRAMUSDT_SHORT_1.4268,2026-09-24T07:04:48.095986+00:00,GRAMUSDT,SHORT,0,2026-09-24T07:10:00+00:00,1.4251,1.4268,1.43359142857,1.406,RESOLVED,EXPANSION,2.812369,2026-09-24T08:50:00+00:00,
Bitget_2026-09-24T07:04:48.095986+00:00_GRAMUSDT_SHORT_1.4268,2026-09-24T07:04:48.095986+00:00,GRAMUSDT,SHORT,1,2026-09-24T07:15:00+00:00,1.4242,1.4268,1.43359142857,1.406,RESOLVED,EXPANSION,2.679849,2026-09-24T08:50:00+00:00,
Bitget_2026-09-24T07:04:48.095986+00:00_GRAMUSDT_SHORT_1.4268,2026-09-24T07:04:48.095986+00:00,GRAMUSDT,SHORT,2,2026-09-24T07:20:00+00:00,1.4232,1.4268,1.43359142857,1.406,RESOLVED,EXPANSION,2.532604,2026-09-24T08:50:00+00:00,
Bitget_2026-09-24T07:04:48.095986+00:00_GRAMUSDT_SHORT_1.4268,2026-09-24T07:04:48.095986+00:00,GRAMUSDT,SHORT,3,2026-09-24T07:25:00+00:00,1.4262,1.4268,1.43359142857,1.406,RESOLVED,EXPANSION,2.974337,2026-09-24T08:50:00+00:00,
Bitget_2026-09-24T07:04:48.095986+00:00_GRAMUSDT_SHORT_1.4268,2026-09-24T07:04:48.095986+00:00,GRAMUSDT,SHORT,4,2026-09-24T07:30:00+00:00,1.4249,1.4268,1.43359142857,1.406,RESOLVED,EXPANSION,2.782920,2026-09-24T08:50:00+00:00,
Bitget_2026-09-24T07:04:50.116254+00:00_IOSTUSDT_SHORT_0.0009067,2026-09-24T07:04:50.116254+00:00,IOSTUSDT,SHORT,0,2026-09-24T07:10:00+00:00,0.0009055,0.0009067,0.000912551429,0.0008756,RESOLVED,FAIL,-1.0,2026-09-24T07:30:00+00:00,
Bitget_2026-09-24T07:04:50.116254+00:00_IOSTUSDT_SHORT_0.0009067,2026-09-24T07:04:50.116254+00:00,IOSTUSDT,SHORT,1,2026-09-24T07:15:00+00:00,0.000906,0.0009067,0.000912551429,0.0008756,RESOLVED,FAIL,-1.0,2026-09-24T07:30:00+00:00,
Bitget_2026-09-24T07:04:50.116254+00:00_IOSTUSDT_SHORT_0.0009067,2026-09-24T07:04:50.116254+00:00,IOSTUSDT,SHORT,2,2026-09-24T07:20:00+00:00,0.0009072,0.0009067,0.000912551429,0.0008756,SKIPPED,,,,closed candle did not preserve signal direction
Bitget_2026-09-24T07:04:50.116254+00:00_IOSTUSDT_SHORT_0.0009067,2026-09-24T07:04:50.116254+00:00,IOSTUSDT,SHORT,3,2026-09-24T07:25:00+00:00,0.000909,0.0009067,0.000912551429,0.0008756,SKIPPED,,,,closed candle did not preserve signal direction
Bitget_2026-09-24T07:04:50.116254+00:00_IOSTUSDT_SHORT_0.0009067,2026-09-24T07:04:50.116254+00:00,IOSTUSDT,SHORT,4,2026-09-24T07:30:00+00:00,0.0009139,0.0009067,0.000912551429,0.0008756,SKIPPED,,,,closed candle did not preserve signal direction
Bitget_2026-09-24T07:04:58.372487+00:00_PNUTUSDT_SHORT_0.05418,2026-09-24T07:04:58.372487+00:00,PNUTUSDT,SHORT,0,2026-09-24T07:10:00+00:00,0.05418,0.05418,0.054564428571,0.05242,ELIGIBLE_UNRESOLVED,,,,
Bitget_2026-09-24T07:04:58.372487+00:00_PNUTUSDT_SHORT_0.05418,2026-09-24T07:04:58.372487+00:00,PNUTUSDT,SHORT,1,2026-09-24T07:15:00+00:00,0.05418,0.05418,0.054564428571,0.05242,ELIGIBLE_UNRESOLVED,,,,
Bitget_2026-09-24T07:04:58.372487+00:00_PNUTUSDT_SHORT_0.05418,2026-09-24T07:04:58.372487+00:00,PNUTUSDT,SHORT,2,2026-09-24T07:20:00+00:00,0.0544,0.05418,0.054564428571,0.05242,SKIPPED,,,,closed candle did not preserve signal direction
Bitget_2026-09-24T07:04:58.372487+00:00_PNUTUSDT_SHORT_0.05418,2026-09-24T07:04:58.372487+00:00,PNUTUSDT,SHORT,3,2026-09-24T07:25:00+00:00,0.05432,0.05418,0.054564428571,0.05242,SKIPPED,,,,closed candle did not preserve signal direction
Bitget_2026-09-24T07:04:58.372487+00:00_PNUTUSDT_SHORT_0.05418,2026-09-24T07:04:58.372487+00:00,PNUTUSDT,SHORT,4,2026-09-24T07:30:00+00:00,0.05432,0.05418,0.054564428571,0.05242,SKIPPED,,,,closed candle did not preserve signal direction
Bitget_2026-09-24T07:05:00.012386+00:00_REZUSDT_SHORT_0.003835,2026-09-24T07:05:00.012386+00:00,REZUSDT,SHORT,0,2026-09-24T07:15:00+00:00,0.003843,0.003835,0.0038622,0.003676,SKIPPED,,,,closed candle did not preserve signal direction
Bitget_2026-09-24T07:05:00.012386+00:00_REZUSDT_SHORT_0.003835,2026-09-24T07:05:00.012386+00:00,REZUSDT,SHORT,1,2026-09-24T07:20:00+00:00,0.003862,0.003835,0.0038622,0.003676,SKIPPED,,,,closed candle did not preserve signal direction
Bitget_2026-09-24T07:05:00.012386+00:00_REZUSDT_SHORT_0.003835,2026-09-24T07:05:00.012386+00:00,REZUSDT,SHORT,2,2026-09-24T07:25:00+00:00,0.003847,0.003835,0.0038622,0.003676,SKIPPED,,,,closed candle did not preserve signal direction
Bitget_2026-09-24T07:05:00.012386+00:00_REZUSDT_SHORT_0.003835,2026-09-24T07:05:00.012386+00:00,REZUSDT,SHORT,3,2026-09-24T07:30:00+00:00,0.003847,0.003835,0.0038622,0.003676,SKIPPED,,,,closed candle did not preserve signal direction
Bitget_2026-09-24T07:05:00.012386+00:00_REZUSDT_SHORT_0.003835,2026-09-24T07:05:00.012386+00:00,REZUSDT,SHORT,4,2026-09-24T07:35:00+00:00,0.003846,0.003835,0.0038622,0.003676,SKIPPED,,,,closed candle did not preserve signal direction
Bitget_2026-09-24T07:05:00.383429+00:00_SANDUSDT_SHORT_0.04054,2026-09-24T07:05:00.383429+00:00,SANDUSDT,SHORT,0,2026-09-24T07:15:00+00:00,0.04059,0.04054,0.040743857143,0.03985,SKIPPED,,,,closed candle did not preserve signal direction
Bitget_2026-09-24T07:05:00.383429+00:00_SANDUSDT_SHORT_0.04054,2026-09-24T07:05:00.383429+00:00,SANDUSDT,SHORT,1,2026-09-24T07:20:00+00:00,0.04072,0.04054,0.040743857143,0.03985,SKIPPED,,,,closed candle did not preserve signal direction
Bitget_2026-09-24T07:05:00.383429+00:00_SANDUSDT_SHORT_0.04054,2026-09-24T07:05:00.383429+00:00,SANDUSDT,SHORT,2,2026-09-24T07:25:00+00:00,0.04063,0.04054,0.040743857143,0.03985,SKIPPED,,,,closed candle did not preserve signal direction
Bitget_2026-09-24T07:05:00.383429+00:00_SANDUSDT_SHORT_0.04054,2026-09-24T07:05:00.383429+00:00,SANDUSDT,SHORT,3,2026-09-24T07:30:00+00:00,0.04063,0.04054,0.040743857143,0.03985,SKIPPED,,,,closed candle did not preserve signal direction
Bitget_2026-09-24T07:05:00.383429+00:00_SANDUSDT_SHORT_0.04054,2026-09-24T07:05:00.383429+00:00,SANDUSDT,SHORT,4,2026-09-24T07:35:00+00:00,0.0408,0.04054,0.040743857143,0.03985,SKIPPED,,,,closed candle did not preserve signal direction
Bitget_2026-09-24T07:05:02.080427+00:00_SPKUSDT_SHORT_0.02041,2026-09-24T07:05:02.080427+00:00,SPKUSDT,SHORT,0,2026-09-24T07:15:00+00:00,0.0204,0.02041,0.020526571429,0.02008,RESOLVED,FAIL,-1.0,2026-09-24T07:40:00+00:00,
Bitget_2026-09-24T07:05:02.080427+00:00_SPKUSDT_SHORT_0.02041,2026-09-24T07:05:02.080427+00:00,SPKUSDT,SHORT,1,2026-09-24T07:20:00+00:00,0.0204,0.02041,0.020526571429,0.02008,RESOLVED,FAIL,-1.0,2026-09-24T07:40:00+00:00,
Bitget_2026-09-24T07:05:02.080427+00:00_SPKUSDT_SHORT_0.02041,2026-09-24T07:05:02.080427+00:00,SPKUSDT,SHORT,2,2026-09-24T07:25:00+00:00,0.02044,0.02041,0.020526571429,0.02008,SKIPPED,,,,closed candle did not preserve signal direction
Bitget_2026-09-24T07:05:02.080427+00:00_SPKUSDT_SHORT_0.02041,2026-09-24T07:05:02.080427+00:00,SPKUSDT,SHORT,3,2026-09-24T07:30:00+00:00,0.02049,0.02041,0.020526571429,0.02008,SKIPPED,,,,closed candle did not preserve signal direction
Bitget_2026-09-24T07:05:02.080427+00:00_SPKUSDT_SHORT_0.02041,2026-09-24T07:05:02.080427+00:00,SPKUSDT,SHORT,4,2026-09-24T07:35:00+00:00,0.02048,0.02041,0.020526571429,0.02008,SKIPPED,,,,closed candle did not preserve signal direction
Bitget_2026-09-24T07:05:03.559654+00:00_SUSHIUSDT_SHORT_0.2521,2026-09-24T07:05:03.559654+00:00,SUSHIUSDT,SHORT,0,2026-09-24T07:15:00+00:00,0.2507,0.2521,0.253265714286,0.2455,ELIGIBLE_UNRESOLVED,,,,
Bitget_2026-09-24T07:05:03.559654+00:00_SUSHIUSDT_SHORT_0.2521,2026-09-24T07:05:03.559654+00:00,SUSHIUSDT,SHORT,1,2026-09-24T07:20:00+00:00,0.2513,0.2521,0.253265714286,0.2455,ELIGIBLE_UNRESOLVED,,,,
Bitget_2026-09-24T07:05:03.559654+00:00_SUSHIUSDT_SHORT_0.2521,2026-09-24T07:05:03.559654+00:00,SUSHIUSDT,SHORT,2,2026-09-24T07:25:00+00:00,0.2512,0.2521,0.253265714286,0.2455,ELIGIBLE_UNRESOLVED,,,,
Bitget_2026-09-24T07:05:03.559654+00:00_SUSHIUSDT_SHORT_0.2521,2026-09-24T07:05:03.559654+00:00,SUSHIUSDT,SHORT,3,2026-09-24T07:30:00+00:00,0.2518,0.2521,0.253265714286,0.2455,ELIGIBLE_UNRESOLVED,,,,
Bitget_2026-09-24T07:05:03.559654+00:00_SUSHIUSDT_SHORT_0.2521,2026-09-24T07:05:03.559654+00:00,SUSHIUSDT,SHORT,4,2026-09-24T07:35:00+00:00,0.2527,0.2521,0.253265714286,0.2455,SKIPPED,,,,closed candle did not preserve signal direction
Bitget_2026-09-24T07:05:08.433699+00:00_ZKUSDT_SHORT_0.01161,2026-09-24T07:05:08.433699+00:00,ZKUSDT,SHORT,0,2026-09-24T07:15:00+00:00,0.01157,0.01161,0.011632571429,0.01148,RESOLVED,FAIL,-1.0,2026-09-24T07:55:00+00:00,
Bitget_2026-09-24T07:05:08.433699+00:00_ZKUSDT_SHORT_0.01161,2026-09-24T07:05:08.433699+00:00,ZKUSDT,SHORT,1,2026-09-24T07:20:00+00:00,0.01157,0.01161,0.011632571429,0.01148,RESOLVED,FAIL,-1.0,2026-09-24T07:55:00+00:00,
Bitget_2026-09-24T07:05:08.433699+00:00_ZKUSDT_SHORT_0.01161,2026-09-24T07:05:08.433699+00:00,ZKUSDT,SHORT,2,2026-09-24T07:25:00+00:00,0.01157,0.01161,0.011632571429,0.01148,RESOLVED,FAIL,-1.0,2026-09-24T07:55:00+00:00,
Bitget_2026-09-24T07:05:08.433699+00:00_ZKUSDT_SHORT_0.01161,2026-09-24T07:05:08.433699+00:00,ZKUSDT,SHORT,3,2026-09-24T07:30:00+00:00,0.01159,0.01161,0.011632571429,0.01148,RESOLVED,FAIL,-1.0,2026-09-24T07:55:00+00:00,
Bitget_2026-09-24T07:05:08.433699+00:00_ZKUSDT_SHORT_0.01161,2026-09-24T07:05:08.433699+00:00,ZKUSDT,SHORT,4,2026-09-24T07:35:00+00:00,0.0116,0.01161,0.011632571429,0.01148,RESOLVED,FAIL,-1.0,2026-09-24T07:55:00+00:00,
Bitget_2026-09-24T10:59:19.018963+00:00_BEATUSDT_LONG_0.09049,2026-09-24T10:59:19.018963+00:00,BEATUSDT,LONG,0,2026-09-24T11:05:00+00:00,0.09041,0.09049,0.089512428571,0.0936,SKIPPED,,,,closed candle did not preserve signal direction
Bitget_2026-09-24T10:59:19.018963+00:00_BEATUSDT_LONG_0.09049,2026-09-24T10:59:19.018963+00:00,BEATUSDT,LONG,1,2026-09-24T11:10:00+00:00,0.09078,0.09049,0.089512428571,0.0936,ELIGIBLE_UNRESOLVED,,,,
Bitget_2026-09-24T10:59:19.018963+00:00_BEATUSDT_LONG_0.09049,2026-09-24T10:59:19.018963+00:00,BEATUSDT,LONG,2,2026-09-24T11:15:00+00:00,0.09103,0.09049,0.089512428571,0.0936,ELIGIBLE_UNRESOLVED,,,,
Bitget_2026-09-24T10:59:19.018963+00:00_BEATUSDT_LONG_0.09049,2026-09-24T10:59:19.018963+00:00,BEATUSDT,LONG,3,2026-09-24T11:20:00+00:00,0.09107,0.09049,0.089512428571,0.0936,ELIGIBLE_UNRESOLVED,,,,
Bitget_2026-09-24T10:59:19.018963+00:00_BEATUSDT_LONG_0.09049,2026-09-24T10:59:19.018963+00:00,BEATUSDT,LONG,4,2026-09-24T11:25:00+00:00,0.09124,0.09049,0.089512428571,0.0936,ELIGIBLE_UNRESOLVED,,,,
Bitget_2026-09-24T10:59:21.583374+00:00_CELRUSDT_LONG_0.003044,2026-09-24T10:59:21.583374+00:00,CELRUSDT,LONG,0,2026-09-24T11:05:00+00:00,0.003038,0.003044,0.002985657143,0.003359,SKIPPED,,,,closed candle did not preserve signal direction
Bitget_2026-09-24T10:59:21.583374+00:00_CELRUSDT_LONG_0.003044,2026-09-24T10:59:21.583374+00:00,CELRUSDT,LONG,1,2026-09-24T11:10:00+00:00,0.003037,0.003044,0.002985657143,0.003359,SKIPPED,,,,closed candle did not preserve signal direction
Bitget_2026-09-24T10:59:21.583374+00:00_CELRUSDT_LONG_0.003044,2026-09-24T10:59:21.583374+00:00,CELRUSDT,LONG,2,2026-09-24T11:15:00+00:00,0.003035,0.003044,0.002985657143,0.003359,SKIPPED,,,,closed candle did not preserve signal direction
Bitget_2026-09-24T10:59:21.583374+00:00_CELRUSDT_LONG_0.003044,2026-09-24T10:59:21.583374+00:00,CELRUSDT,LONG,3,2026-09-24T11:20:00+00:00,0.003034,0.003044,0.002985657143,0.003359,SKIPPED,,,,closed candle did not preserve signal direction
Bitget_2026-09-24T10:59:21.583374+00:00_CELRUSDT_LONG_0.003044,2026-09-24T10:59:21.583374+00:00,CELRUSDT,LONG,4,2026-09-24T11:25:00+00:00,0.00304,0.003044,0.002985657143,0.003359,SKIPPED,,,,closed candle did not preserve signal direction
Bitget_2026-09-24T10:59:48.791010+00:00_ZESTUSDT_LONG_0.18285,2026-09-24T10:59:48.791010+00:00,ZESTUSDT,LONG,0,2026-09-24T11:05:00+00:00,0.18319,0.18285,0.181795714286,0.18781,RESOLVED,EXPANSION,4.382114,2026-09-24T12:25:00+00:00,
Bitget_2026-09-24T10:59:48.791010+00:00_ZESTUSDT_LONG_0.18285,2026-09-24T10:59:48.791010+00:00,ZESTUSDT,LONG,1,2026-09-24T11:10:00+00:00,0.18429,0.18285,0.181795714286,0.18781,RESOLVED,EXPANSION,3.338753,2026-09-24T12:25:00+00:00,
Bitget_2026-09-24T10:59:48.791010+00:00_ZESTUSDT_LONG_0.18285,2026-09-24T10:59:48.791010+00:00,ZESTUSDT,LONG,2,2026-09-24T11:15:00+00:00,0.18472,0.18285,0.181795714286,0.18781,RESOLVED,EXPANSION,2.930894,2026-09-24T12:25:00+00:00,
Bitget_2026-09-24T10:59:48.791010+00:00_ZESTUSDT_LONG_0.18285,2026-09-24T10:59:48.791010+00:00,ZESTUSDT,LONG,3,2026-09-24T11:20:00+00:00,0.18499,0.18285,0.181795714286,0.18781,RESOLVED,EXPANSION,2.674797,2026-09-24T12:25:00+00:00,
Bitget_2026-09-24T10:59:48.791010+00:00_ZESTUSDT_LONG_0.18285,2026-09-24T10:59:48.791010+00:00,ZESTUSDT,LONG,4,2026-09-24T11:25:00+00:00,0.18473,0.18285,0.181795714286,0.18781,RESOLVED,EXPANSION,2.921409,2026-09-24T12:25:00+00:00,
Bitget_2026-09-24T12:30:50.786697+00:00_BLESSUSDT_LONG_0.00966,2026-09-24T12:30:50.786697+00:00,BLESSUSDT,LONG,0,2026-09-24T12:40:00+00:00,0.00963,0.00966,0.009555285714,0.010156,SKIPPED,,,,closed candle did not preserve signal direction
Bitget_2026-09-24T12:30:50.786697+00:00_BLESSUSDT_LONG_0.00966,2026-09-24T12:30:50.786697+00:00,BLESSUSDT,LONG,1,2026-09-24T12:45:00+00:00,0.009767,0.00966,0.009555285714,0.010156,ELIGIBLE_UNRESOLVED,,,,
Bitget_2026-09-24T12:30:50.786697+00:00_BLESSUSDT_LONG_0.00966,2026-09-24T12:30:50.786697+00:00,BLESSUSDT,LONG,2,2026-09-24T12:50:00+00:00,0.00978,0.00966,0.009555285714,0.010156,ELIGIBLE_UNRESOLVED,,,,
Bitget_2026-09-24T12:30:50.786697+00:00_BLESSUSDT_LONG_0.00966,2026-09-24T12:30:50.786697+00:00,BLESSUSDT,LONG,3,2026-09-24T12:55:00+00:00,0.009873,0.00966,0.009555285714,0.010156,ELIGIBLE_UNRESOLVED,,,,
Bitget_2026-09-24T12:30:50.786697+00:00_BLESSUSDT_LONG_0.00966,2026-09-24T12:30:50.786697+00:00,BLESSUSDT,LONG,4,2026-09-24T13:00:00+00:00,0.009942,0.00966,0.009555285714,0.010156,ELIGIBLE_UNRESOLVED,,,,
Bitget_2026-09-24T12:30:50.961747+00:00_BSVUSDT_SHORT_21.47,2026-09-24T12:30:50.961747+00:00,BSVUSDT,SHORT,0,2026-09-24T12:40:00+00:00,21.48,21.47,21.5124285714,21.24,SKIPPED,,,,closed candle did not preserve signal direction
Bitget_2026-09-24T12:30:50.961747+00:00_BSVUSDT_SHORT_21.47,2026-09-24T12:30:50.961747+00:00,BSVUSDT,SHORT,1,2026-09-24T12:45:00+00:00,21.5,21.47,21.5124285714,21.24,SKIPPED,,,,closed candle did not preserve signal direction
Bitget_2026-09-24T12:30:50.961747+00:00_BSVUSDT_SHORT_21.47,2026-09-24T12:30:50.961747+00:00,BSVUSDT,SHORT,2,2026-09-24T12:50:00+00:00,21.55,21.47,21.5124285714,21.24,SKIPPED,,,,closed candle did not preserve signal direction
Bitget_2026-09-24T12:30:50.961747+00:00_BSVUSDT_SHORT_21.47,2026-09-24T12:30:50.961747+00:00,BSVUSDT,SHORT,3,2026-09-24T12:55:00+00:00,21.6,21.47,21.5124285714,21.24,SKIPPED,,,,closed candle did not preserve signal direction
Bitget_2026-09-24T12:30:50.961747+00:00_BSVUSDT_SHORT_21.47,2026-09-24T12:30:50.961747+00:00,BSVUSDT,SHORT,4,2026-09-24T13:00:00+00:00,21.61,21.47,21.5124285714,21.24,SKIPPED,,,,closed candle did not preserve signal direction
Bitget_2026-09-24T16:07:02.653213+00:00_牛来USDT_SHORT_0.10385,2026-09-24T16:07:02.653213+00:00,牛来USDT,SHORT,0,2026-09-24T16:15:00+00:00,0.10345,0.10385,0.105876571429,0.09964,RESOLVED,FAIL,-1.0,2026-09-24T16:45:00+00:00,
Bitget_2026-09-24T16:07:02.653213+00:00_牛来USDT_SHORT_0.10385,2026-09-24T16:07:02.653213+00:00,牛来USDT,SHORT,1,2026-09-24T16:20:00+00:00,0.10535,0.10385,0.105876571429,0.09964,SKIPPED,,,,closed candle did not preserve signal direction
Bitget_2026-09-24T16:07:02.653213+00:00_牛来USDT_SHORT_0.10385,2026-09-24T16:07:02.653213+00:00,牛来USDT,SHORT,2,2026-09-24T16:25:00+00:00,0.10498,0.10385,0.105876571429,0.09964,SKIPPED,,,,closed candle did not preserve signal direction
Bitget_2026-09-24T16:07:02.653213+00:00_牛来USDT_SHORT_0.10385,2026-09-24T16:07:02.653213+00:00,牛来USDT,SHORT,3,2026-09-24T16:30:00+00:00,0.10531,0.10385,0.105876571429,0.09964,SKIPPED,,,,closed candle did not preserve signal direction
Bitget_2026-09-24T16:07:02.653213+00:00_牛来USDT_SHORT_0.10385,2026-09-24T16:07:02.653213+00:00,牛来USDT,SHORT,4,2026-09-24T16:35:00+00:00,0.10504,0.10385,0.105876571429,0.09964,SKIPPED,,,,closed candle did not preserve signal direction
Bitget_2026-09-25T07:41:09.272022+00:00_龙虾USDT_SHORT_0.132940771429,2026-09-25T07:41:09.272022+00:00,龙虾USDT,SHORT,0,2026-09-25T07:50:00+00:00,0.128872,0.132940771429,0.133643457143,0.130078,SKIPPED,,,,candidate candle also touched baseline stop/target; intrabar order ambiguous
Bitget_2026-09-25T07:41:09.272022+00:00_龙虾USDT_SHORT_0.132940771429,2026-09-25T07:41:09.272022+00:00,龙虾USDT,SHORT,1,2026-09-25T07:55:00+00:00,0.12896,0.132940771429,0.133643457143,0.130078,SKIPPED,,,,candidate candle also touched baseline stop/target; intrabar order ambiguous
Bitget_2026-09-25T07:41:09.272022+00:00_龙虾USDT_SHORT_0.132940771429,2026-09-25T07:41:09.272022+00:00,龙虾USDT,SHORT,2,2026-09-25T08:00:00+00:00,0.128573,0.132940771429,0.133643457143,0.130078,SKIPPED,,,,candidate candle also touched baseline stop/target; intrabar order ambiguous
Bitget_2026-09-25T07:41:09.272022+00:00_龙虾USDT_SHORT_0.132940771429,2026-09-25T07:41:09.272022+00:00,龙虾USDT,SHORT,3,2026-09-25T08:05:00+00:00,0.127264,0.132940771429,0.133643457143,0.130078,SKIPPED,,,,candidate candle also touched baseline stop/target; intrabar order ambiguous
Bitget_2026-09-25T07:41:09.272022+00:00_龙虾USDT_SHORT_0.132940771429,2026-09-25T07:41:09.272022+00:00,龙虾USDT,SHORT,4,2026-09-25T08:10:00+00:00,0.127807,0.132940771429,0.133643457143,0.130078,SKIPPED,,,,candidate candle also touched baseline stop/target; intrabar order ambiguous
Bitget_2026-09-25T17:06:31.088982+00:00_FOLKSUSDT_SHORT_2.353534285714,2026-09-25T17:06:31.088982+00:00,FOLKSUSDT,SHORT,0,2026-09-25T17:15:00+00:00,2.3406,2.35353428571,2.35703142857,2.3367,RESOLVED,EXPANSION,1.115196,2026-09-25T17:25:00+00:00,
Bitget_2026-09-25T17:06:31.088982+00:00_FOLKSUSDT_SHORT_2.353534285714,2026-09-25T17:06:31.088982+00:00,FOLKSUSDT,SHORT,1,2026-09-25T17:20:00+00:00,2.3379,2.35353428571,2.35703142857,2.3367,RESOLVED,EXPANSION,0.343137,2026-09-25T17:25:00+00:00,
Bitget_2026-09-25T17:06:31.088982+00:00_FOLKSUSDT_SHORT_2.353534285714,2026-09-25T17:06:31.088982+00:00,FOLKSUSDT,SHORT,2,2026-09-25T17:25:00+00:00,2.3325,2.35353428571,2.35703142857,2.3367,SKIPPED,,,,candidate candle also touched baseline stop/target; intrabar order ambiguous
Bitget_2026-09-25T17:06:31.088982+00:00_FOLKSUSDT_SHORT_2.353534285714,2026-09-25T17:06:31.088982+00:00,FOLKSUSDT,SHORT,3,2026-09-25T17:30:00+00:00,2.3317,2.35353428571,2.35703142857,2.3367,SKIPPED,,,,candidate candle also touched baseline stop/target; intrabar order ambiguous
Bitget_2026-09-25T17:06:31.088982+00:00_FOLKSUSDT_SHORT_2.353534285714,2026-09-25T17:06:31.088982+00:00,FOLKSUSDT,SHORT,4,2026-09-25T17:35:00+00:00,2.3302,2.35353428571,2.35703142857,2.3367,SKIPPED,,,,candidate candle also touched baseline stop/target; intrabar order ambiguous
Bitget_2026-09-26T03:39:09.507166+00:00_DYMUSDT_LONG_0.020307642857,2026-09-26T03:39:09.507166+00:00,DYMUSDT,LONG,0,2026-09-26T03:45:00+00:00,0.02073,0.020307642857,0.020284714286,0.02041,SKIPPED,,,,candidate candle also touched baseline stop/target; intrabar order ambiguous
Bitget_2026-09-26T03:39:09.507166+00:00_DYMUSDT_LONG_0.020307642857,2026-09-26T03:39:09.507166+00:00,DYMUSDT,LONG,1,2026-09-26T03:50:00+00:00,0.02061,0.020307642857,0.020284714286,0.02041,SKIPPED,,,,candidate candle also touched baseline stop/target; intrabar order ambiguous
Bitget_2026-09-26T03:39:09.507166+00:00_DYMUSDT_LONG_0.020307642857,2026-09-26T03:39:09.507166+00:00,DYMUSDT,LONG,2,2026-09-26T03:55:00+00:00,0.02057,0.020307642857,0.020284714286,0.02041,SKIPPED,,,,candidate candle also touched baseline stop/target; intrabar order ambiguous
Bitget_2026-09-26T03:39:09.507166+00:00_DYMUSDT_LONG_0.020307642857,2026-09-26T03:39:09.507166+00:00,DYMUSDT,LONG,3,2026-09-26T04:00:00+00:00,0.02057,0.020307642857,0.020284714286,0.02041,SKIPPED,,,,candidate candle also touched baseline stop/target; intrabar order ambiguous
Bitget_2026-09-26T03:39:09.507166+00:00_DYMUSDT_LONG_0.020307642857,2026-09-26T03:39:09.507166+00:00,DYMUSDT,LONG,4,2026-09-26T04:05:00+00:00,0.02057,0.020307642857,0.020284714286,0.02041,SKIPPED,,,,candidate candle also touched baseline stop/target; intrabar order ambiguous
Bitget_2026-09-26T04:54:09.295007+00:00_XPLUSDT_LONG_0.109576,2026-09-26T04:54:09.295007+00:00,XPLUSDT,LONG,0,2026-09-26T05:00:00+00:00,0.11219,0.109576,0.109378,0.11053,SKIPPED,,,,candidate candle also touched baseline stop/target; intrabar order ambiguous
Bitget_2026-09-26T04:54:09.295007+00:00_XPLUSDT_LONG_0.109576,2026-09-26T04:54:09.295007+00:00,XPLUSDT,LONG,1,2026-09-26T05:05:00+00:00,0.11153,0.109576,0.109378,0.11053,SKIPPED,,,,candidate candle also touched baseline stop/target; intrabar order ambiguous
Bitget_2026-09-26T04:54:09.295007+00:00_XPLUSDT_LONG_0.109576,2026-09-26T04:54:09.295007+00:00,XPLUSDT,LONG,2,2026-09-26T05:10:00+00:00,0.11177,0.109576,0.109378,0.11053,SKIPPED,,,,candidate candle also touched baseline stop/target; intrabar order ambiguous
Bitget_2026-09-26T04:54:09.295007+00:00_XPLUSDT_LONG_0.109576,2026-09-26T04:54:09.295007+00:00,XPLUSDT,LONG,3,2026-09-26T05:15:00+00:00,0.1115,0.109576,0.109378,0.11053,SKIPPED,,,,candidate candle also touched baseline stop/target; intrabar order ambiguous
Bitget_2026-09-26T04:54:09.295007+00:00_XPLUSDT_LONG_0.109576,2026-09-26T04:54:09.295007+00:00,XPLUSDT,LONG,4,2026-09-26T05:20:00+00:00,0.11165,0.109576,0.109378,0.11053,SKIPPED,,,,candidate candle also touched baseline stop/target; intrabar order ambiguous
Bitget_2026-09-26T05:08:00.188107+00:00_VTHOUSDT_LONG_0.000793563571,2026-09-26T05:08:00.188107+00:00,VTHOUSDT,LONG,0,2026-09-26T05:15:00+00:00,0.0007953,0.000793563571,0.000792472857,0.0007978,SKIPPED,,,,candidate candle also touched baseline stop/target; intrabar order ambiguous
Bitget_2026-09-26T05:08:00.188107+00:00_VTHOUSDT_LONG_0.000793563571,2026-09-26T05:08:00.188107+00:00,VTHOUSDT,LONG,1,2026-09-26T05:20:00+00:00,0.0007989,0.000793563571,0.000792472857,0.0007978,SKIPPED,,,,candidate candle also touched baseline stop/target; intrabar order ambiguous
Bitget_2026-09-26T05:08:00.188107+00:00_VTHOUSDT_LONG_0.000793563571,2026-09-26T05:08:00.188107+00:00,VTHOUSDT,LONG,2,2026-09-26T05:25:00+00:00,0.0007992,0.000793563571,0.000792472857,0.0007978,SKIPPED,,,,candidate candle also touched baseline stop/target; intrabar order ambiguous
Bitget_2026-09-26T05:08:00.188107+00:00_VTHOUSDT_LONG_0.000793563571,2026-09-26T05:08:00.188107+00:00,VTHOUSDT,LONG,3,2026-09-26T05:30:00+00:00,0.0008008,0.000793563571,0.000792472857,0.0007978,SKIPPED,,,,candidate candle also touched baseline stop/target; intrabar order ambiguous
Bitget_2026-09-26T05:08:00.188107+00:00_VTHOUSDT_LONG_0.000793563571,2026-09-26T05:08:00.188107+00:00,VTHOUSDT,LONG,4,2026-09-26T05:35:00+00:00,0.0008012,0.000793563571,0.000792472857,0.0007978,SKIPPED,,,,candidate candle also touched baseline stop/target; intrabar order ambiguous
Bitget_BABYUSDT_LONG_2026-09-26T14:30:00+00:00,2026-09-26T14:36:50.217553+00:00,BABYUSDT,LONG,0,2026-09-26T14:45:00+00:00,0.01394,0.013775785714,0.013758428571,0.01384,SKIPPED,,,,candidate candle also touched baseline stop/target; intrabar order ambiguous
Bitget_BABYUSDT_LONG_2026-09-26T14:30:00+00:00,2026-09-26T14:36:50.217553+00:00,BABYUSDT,LONG,1,2026-09-26T14:50:00+00:00,0.01394,0.013775785714,0.013758428571,0.01384,SKIPPED,,,,candidate candle also touched baseline stop/target; intrabar order ambiguous
Bitget_BABYUSDT_LONG_2026-09-26T14:30:00+00:00,2026-09-26T14:36:50.217553+00:00,BABYUSDT,LONG,2,2026-09-26T14:55:00+00:00,0.01387,0.013775785714,0.013758428571,0.01384,SKIPPED,,,,candidate candle also touched baseline stop/target; intrabar order ambiguous
Bitget_BABYUSDT_LONG_2026-09-26T14:30:00+00:00,2026-09-26T14:36:50.217553+00:00,BABYUSDT,LONG,3,2026-09-26T15:00:00+00:00,0.01398,0.013775785714,0.013758428571,0.01384,SKIPPED,,,,candidate candle also touched baseline stop/target; intrabar order ambiguous
Bitget_BABYUSDT_LONG_2026-09-26T14:30:00+00:00,2026-09-26T14:36:50.217553+00:00,BABYUSDT,LONG,4,2026-09-26T15:05:00+00:00,0.014,0.013775785714,0.013758428571,0.01384,SKIPPED,,,,candidate candle also touched baseline stop/target; intrabar order ambiguous
Bitget_OPGUSDT_LONG_2026-09-26T16:30:00+00:00,2026-09-26T16:37:57.372340+00:00,OPGUSDT,LONG,0,2026-09-26T16:45:00+00:00,0.1408,0.139751428571,0.139597142857,0.1406,SKIPPED,,,,candidate candle also touched baseline stop/target; intrabar order ambiguous
Bitget_OPGUSDT_LONG_2026-09-26T16:30:00+00:00,2026-09-26T16:37:57.372340+00:00,OPGUSDT,LONG,1,2026-09-26T16:50:00+00:00,0.1406,0.139751428571,0.139597142857,0.1406,SKIPPED,,,,candidate candle also touched baseline stop/target; intrabar order ambiguous
Bitget_OPGUSDT_LONG_2026-09-26T16:30:00+00:00,2026-09-26T16:37:57.372340+00:00,OPGUSDT,LONG,2,2026-09-26T16:55:00+00:00,0.1402,0.139751428571,0.139597142857,0.1406,SKIPPED,,,,candidate candle also touched baseline stop/target; intrabar order ambiguous
Bitget_OPGUSDT_LONG_2026-09-26T16:30:00+00:00,2026-09-26T16:37:57.372340+00:00,OPGUSDT,LONG,3,2026-09-26T17:00:00+00:00,0.1399,0.139751428571,0.139597142857,0.1406,RESOLVED,FAIL,-1.0,2026-09-26T17:10:00+00:00,
Bitget_OPGUSDT_LONG_2026-09-26T16:30:00+00:00,2026-09-26T16:37:57.372340+00:00,OPGUSDT,LONG,4,2026-09-26T17:05:00+00:00,0.1397,0.139751428571,0.139597142857,0.1406,SKIPPED,,,,closed candle did not preserve signal direction
Bitget_PENGUUSDT_LONG_2026-09-26T18:00:00+00:00,2026-09-26T18:06:27.951614+00:00,PENGUUSDT,LONG,0,2026-09-26T18:15:00+00:00,0.010088,0.010084578571,0.010073842857,0.010134,RESOLVED,FAIL,-1.0,2026-09-26T18:20:00+00:00,
Bitget_PENGUUSDT_LONG_2026-09-26T18:00:00+00:00,2026-09-26T18:06:27.951614+00:00,PENGUUSDT,LONG,1,2026-09-26T18:20:00+00:00,0.01008,0.010084578571,0.010073842857,0.010134,SKIPPED,,,,closed candle did not preserve signal direction
Bitget_PENGUUSDT_LONG_2026-09-26T18:00:00+00:00,2026-09-26T18:06:27.951614+00:00,PENGUUSDT,LONG,2,2026-09-26T18:25:00+00:00,0.010078,0.010084578571,0.010073842857,0.010134,SKIPPED,,,,closed candle did not preserve signal direction
Bitget_PENGUUSDT_LONG_2026-09-26T18:00:00+00:00,2026-09-26T18:06:27.951614+00:00,PENGUUSDT,LONG,3,2026-09-26T18:30:00+00:00,0.010083,0.010084578571,0.010073842857,0.010134,SKIPPED,,,,closed candle did not preserve signal direction
Bitget_PENGUUSDT_LONG_2026-09-26T18:00:00+00:00,2026-09-26T18:06:27.951614+00:00,PENGUUSDT,LONG,4,2026-09-26T18:35:00+00:00,0.010058,0.010084578571,0.010073842857,0.010134,SKIPPED,,,,closed candle did not preserve signal direction
Bitget_DOGSUSDT_LONG_2026-09-27T04:25:00+00:00,2026-09-27T04:33:11.313878+00:00,DOGSUSDT,LONG,0,2026-09-27T04:40:00+00:00,5.076e-05,5.1044571e-05,5.0934e-05,5.135e-05,SKIPPED,,,,closed candle did not preserve signal direction
Bitget_DOGSUSDT_LONG_2026-09-27T04:25:00+00:00,2026-09-27T04:33:11.313878+00:00,DOGSUSDT,LONG,1,2026-09-27T04:45:00+00:00,5.048e-05,5.1044571e-05,5.0934e-05,5.135e-05,SKIPPED,,,,closed candle did not preserve signal direction
Bitget_DOGSUSDT_LONG_2026-09-27T04:25:00+00:00,2026-09-27T04:33:11.313878+00:00,DOGSUSDT,LONG,2,2026-09-27T04:50:00+00:00,5.067e-05,5.1044571e-05,5.0934e-05,5.135e-05,SKIPPED,,,,closed candle did not preserve signal direction
Bitget_DOGSUSDT_LONG_2026-09-27T04:25:00+00:00,2026-09-27T04:33:11.313878+00:00,DOGSUSDT,LONG,3,2026-09-27T04:55:00+00:00,5.055e-05,5.1044571e-05,5.0934e-05,5.135e-05,SKIPPED,,,,closed candle did not preserve signal direction
Bitget_DOGSUSDT_LONG_2026-09-27T04:25:00+00:00,2026-09-27T04:33:11.313878+00:00,DOGSUSDT,LONG,4,2026-09-27T05:00:00+00:00,5.06e-05,5.1044571e-05,5.0934e-05,5.135e-05,SKIPPED,,,,closed candle did not preserve signal direction
Bitget_BLESSUSDT_SHORT_2026-09-27T07:45:00+00:00,2026-09-27T07:51:13.916937+00:00,BLESSUSDT,SHORT,0,2026-09-27T08:00:00+00:00,0.00928,0.009282910714,0.009301476536,0.009114704372,RESOLVED,FAIL,-1.0,2026-09-27T08:05:00+00:00,
Bitget_BLESSUSDT_SHORT_2026-09-27T07:45:00+00:00,2026-09-27T07:51:13.916937+00:00,BLESSUSDT,SHORT,1,2026-09-27T08:05:00+00:00,0.009289,0.009282910714,0.009301476536,0.009114704372,SKIPPED,,,,closed candle did not preserve signal direction
Bitget_BLESSUSDT_SHORT_2026-09-27T07:45:00+00:00,2026-09-27T07:51:13.916937+00:00,BLESSUSDT,SHORT,2,2026-09-27T08:10:00+00:00,0.009289,0.009282910714,0.009301476536,0.009114704372,SKIPPED,,,,closed candle did not preserve signal direction
Bitget_BLESSUSDT_SHORT_2026-09-27T07:45:00+00:00,2026-09-27T07:51:13.916937+00:00,BLESSUSDT,SHORT,3,2026-09-27T08:15:00+00:00,0.009277,0.009282910714,0.009301476536,0.009114704372,ELIGIBLE_UNRESOLVED,,,,
Bitget_BLESSUSDT_SHORT_2026-09-27T07:45:00+00:00,2026-09-27T07:51:13.916937+00:00,BLESSUSDT,SHORT,4,2026-09-27T08:20:00+00:00,0.009266,0.009282910714,0.009301476536,0.009114704372,ELIGIBLE_UNRESOLVED,,,,
