timestamp,rank,symbol,score,long_score,short_score,score_gap_to_70,bias,diagnostic_status,blocker,long_blocker,short_blocker,early_status,early_direction,early_score,early_blocker,early_location,early_exhaustion,early_flow,early_structure,direction,signal,location,exhaustion,flow,reclaim,expansion,long_location,long_exhaustion,long_flow,long_reclaim,long_expansion,short_location,short_exhaustion,short_flow,short_reject,short_expansion,price,range_pos,atr_pct,volume_ratio,taker_ratio,taker_stability,taker_fills,book_ratio,funding,24h_change,selection
2026-09-16T08:41:19.879214+00:00,1,KORUUSDT,70.5,17.6,70.5,0.0,SHORT,NEAR SHORT,rejection 0.00<0.25; expansion 0.18<0.40,location 0.00<0.60; flow 0.10<0.55; exhaustion 0.00<0.50,rejection 0.00<0.25; expansion 0.18<0.40,MONITOR SHORT,SHORT,77.2,structure 0.00<0.15,1.0,0.9907128780647199,0.8954426462108209,0.0,NONE,NO SETUP,1.0,0.991,0.895,0.0,0.183,0.0,0.0,0.105,0.851,0.183,1.0,0.991,0.895,0.0,0.183,19.113,1.0,0.8544235345014074,0.33887731853570574,0.3340716389345133,0.5502460613488319,500,0.45225740638135997,0.000412,1.53,MONITOR
2026-09-16T08:41:19.879214+00:00,2,EWYUSDT,68.1,19.2,68.1,1.9,SHORT,NEAR SHORT,rejection 0.00<0.25; expansion 0.20<0.40,location 0.00<0.60; flow 0.13<0.55; exhaustion 0.00<0.50,rejection 0.00<0.25; expansion 0.20<0.40,MONITOR SHORT,SHORT,73.7,structure 0.00<0.15,1.0,0.8820604913345593,0.8679306912905073,0.0,NONE,NO SETUP,1.0,0.882,0.868,0.0,0.205,0.0,0.0,0.132,0.899,0.205,1.0,0.882,0.868,0.0,0.205,178.27,1.0,0.29060307706279015,0.05985142828536226,0.36055149642312695,0.8012196303154197,500,1.0382490242322537,0.0,0.649,MONITOR
2026-09-16T08:41:19.879214+00:00,3,NATGASUSDT,64.9,64.9,21.1,5.1,LONG,NEAR LONG,flow 0.49<0.55; reclaim 0.00<0.25; expansion 0.34<0.40,flow 0.49<0.55; reclaim 0.00<0.25; expansion 0.34<0.40,location 0.00<0.60; flow 0.51<0.55; exhaustion 0.00<0.50,MONITOR LONG,LONG,67.3,flow 0.49<0.55; structure 0.00<0.15,1.0,1.0,0.4921926564292579,0.0,NONE,NO SETUP,0.0,0.0,0.508,0.389,0.337,1.0,1.0,0.492,0.0,0.337,0.0,0.0,0.508,0.389,0.337,3.032,0.0,0.17510579308332241,0.029918931454290885,0.9785860524974239,0.8702119521966752,500,1.1592539034234566,0.0,-0.525,MONITOR
2026-09-16T08:41:19.879214+00:00,4,IDOLUSDT,64.5,19.1,64.5,5.5,SHORT,NEAR SHORT,rejection 0.00<0.25; expansion 0.06<0.40,location 0.00<0.60; flow 0.16<0.55; exhaustion 0.00<0.50,rejection 0.00<0.25; expansion 0.06<0.40,MONITOR SHORT,SHORT,72.0,structure 0.00<0.15,1.0,0.842609924359573,0.8388872841203985,0.0,NONE,NO SETUP,1.0,0.843,0.839,0.0,0.058,0.0,0.0,0.161,1.0,0.058,1.0,0.843,0.839,0.0,0.058,0.00917,1.0,1.100539619426299,1.2115241233221734,0.39078604741929973,0.8069091008882843,500,1.0978499152679244,5e-05,-0.326,MONITOR
2026-09-16T08:41:19.879214+00:00,5,SKHYNIXUSDT,62.2,15.1,62.2,7.8,SHORT,NEAR SHORT,rejection 0.00<0.25; exhaustion 0.47<0.50; expansion 0.19<0.40,location 0.00<0.60; flow 0.00<0.55; exhaustion 0.00<0.50,rejection 0.00<0.25; exhaustion 0.47<0.50; expansion 0.19<0.40,MONITOR SHORT,SHORT,66.7,exhaustion 0.47<0.50; structure 0.00<0.15,1.0,0.4695529131965157,1.0,0.0,NONE,NO SETUP,1.0,0.47,1.0,0.0,0.189,0.0,0.0,0.0,0.818,0.189,1.0,0.47,1.0,0.0,0.189,1278.6,1.0,0.8570854096009755,0.48852147362963394,0.1767698800688817,0.6551302524635748,500,2.004126846220678,0.0,2.933,MONITOR
2026-09-16T08:41:19.879214+00:00,6,INTCUSDT,61.4,18.7,61.4,8.6,SHORT,NEAR SHORT,rejection 0.00<0.25; exhaustion 0.43<0.50; expansion 0.22<0.40,location 0.00<0.60; flow 0.02<0.55; exhaustion 0.00<0.50,rejection 0.00<0.25; exhaustion 0.43<0.50; expansion 0.22<0.40,MONITOR SHORT,SHORT,65.2,exhaustion 0.43<0.50; structure 0.00<0.15,1.0,0.42687767631859463,0.9801205805958071,0.0,NONE,NO SETUP,1.0,0.427,0.98,0.0,0.218,0.0,0.0,0.02,1.0,0.218,1.0,0.427,0.98,0.0,0.218,102.22,1.0,0.5891088415360237,0.10459498401630161,0.2641661792330333,0.6906855613917852,500,1.2385240286748749,0.001821,5.165,MONITOR
2026-09-16T08:41:19.879214+00:00,7,QQQUSDT,61.2,25.7,61.2,8.8,SHORT,NEAR SHORT,rejection 0.00<0.25; exhaustion 0.49<0.50,location 0.00<0.60; flow 0.23<0.55; exhaustion 0.00<0.50,rejection 0.00<0.25; exhaustion 0.49<0.50,MONITOR SHORT,SHORT,61.4,exhaustion 0.49<0.50; structure 0.00<0.15,1.0,0.485550833217377,0.7702682992693275,0.0,NONE,NO SETUP,1.0,0.486,0.77,0.0,0.407,0.0,0.0,0.23,1.0,0.407,1.0,0.486,0.77,0.0,0.407,707.58,1.0,0.18387750821505833,1.8705357142857144,0.4726770758584842,0.6015753385964571,500,1.5726603816969418,0.0,0.23700000000000002,MONITOR
2026-09-16T08:41:19.879214+00:00,8,SKHYUSDT,61.1,19.5,61.1,8.9,SHORT,NEAR SHORT,rejection 0.00<0.25; exhaustion 0.47<0.50; expansion 0.21<0.40,location 0.00<0.60; flow 0.07<0.55; exhaustion 0.00<0.50,rejection 0.00<0.25; exhaustion 0.47<0.50; expansion 0.21<0.40,MONITOR SHORT,SHORT,65.0,exhaustion 0.47<0.50; structure 0.00<0.15,1.0,0.4675643136000161,0.9306518238957855,0.0,NONE,NO SETUP,1.0,0.468,0.931,0.0,0.207,0.0,0.0,0.069,1.0,0.207,1.0,0.468,0.931,0.0,0.207,179.5,1.0,0.7012420045481845,0.1621626387911776,0.3030006312488357,0.9190605738170496,500,1.1062122875572138,0.000244,2.413,MONITOR
2026-09-16T08:41:19.879214+00:00,9,XAGUSDT,60.8,14.5,60.8,9.2,SHORT,NEAR SHORT,expansion 0.23<0.40,location 0.00<0.60; flow 0.31<0.55; exhaustion 0.00<0.50,expansion 0.23<0.40,MONITOR SHORT,SHORT,64.9,none,0.9582289055973251,0.5026638696105964,0.6864958458799764,0.3218390804597859,NONE,NO SETUP,0.958,0.503,0.686,0.322,0.227,0.0,0.0,0.314,0.322,0.227,0.958,0.503,0.686,0.322,0.227,64.42,0.9841269841269835,0.0962410672802485,0.4502381432382041,0.5962613036645071,0.7322711364851064,500,1.6883792042625505,0.0,2.4490000000000003,MONITOR
2026-09-16T08:41:19.879214+00:00,10,ARMUSDT,60.6,29.8,60.6,9.4,SHORT,NEAR SHORT,flow 0.52<0.55; rejection 0.00<0.25; expansion 0.36<0.40,location 0.00<0.60; flow 0.48<0.55; exhaustion 0.00<0.50,flow 0.52<0.55; rejection 0.00<0.25; expansion 0.36<0.40,MONITOR SHORT,SHORT,61.6,flow 0.52<0.55; structure 0.00<0.15,1.0,0.7379966320730109,0.5244338992796826,0.0,NONE,NO SETUP,1.0,0.738,0.524,0.0,0.355,0.0,0.0,0.476,1.0,0.355,1.0,0.738,0.524,0.0,0.355,245.18,1.0,0.494218925047038,0.04121374478388543,0.934498596852414,0.7748959857577463,500,1.2749165527901611,0.000255,2.2560000000000002,MONITOR
2026-09-16T08:41:19.879214+00:00,11,BZUSDT,60.6,60.6,10.5,9.4,LONG,NEAR LONG,exhaustion 0.41<0.50; expansion 0.08<0.40,exhaustion 0.41<0.50; expansion 0.08<0.40,location 0.00<0.60; flow 0.00<0.55; exhaustion 0.00<0.50,MONITOR LONG,LONG,68.3,exhaustion 0.41<0.50,0.858252187846672,0.41453706719276195,1.0,0.3571824736550066,NONE,NO SETUP,0.0,0.0,0.0,0.621,0.078,0.858,0.415,1.0,0.357,0.078,0.0,0.0,0.0,0.621,0.078,103.1,0.05386416861826463,0.4283861034684269,0.3241028203856456,10.821051852149736,0.35832018425365825,500,0.740212237680254,0.0,0.253,MONITOR
2026-09-16T08:41:19.879214+00:00,12,TSLAUSDT,59.5,24.9,59.5,10.5,SHORT,MONITOR SHORT,rejection 0.05<0.25; expansion 0.20<0.40,location 0.00<0.60; flow 0.34<0.55; exhaustion 0.00<0.50,rejection 0.05<0.25; expansion 0.20<0.40,MONITOR SHORT,SHORT,63.2,structure 0.05<0.15,0.9835354810383617,0.6562754972483864,0.6568877007966467,0.045197740112996314,NONE,NO SETUP,0.984,0.656,0.657,0.045,0.204,0.0,0.0,0.343,1.0,0.204,0.984,0.656,0.657,0.045,0.204,357.22,0.9937434827945775,0.2404303295389701,1.5089634561297476,0.6472743308848529,0.7470855640797052,500,0.8047858884660088,0.0,-0.145,MONITOR
2026-09-16T08:41:19.879214+00:00,13,SOXLUSDT,58.7,14.5,58.7,11.3,SHORT,MONITOR SHORT,rejection 0.08<0.25; exhaustion 0.25<0.50; expansion 0.30<0.40,location 0.00<0.60; flow 0.06<0.55; exhaustion 0.00<0.50,rejection 0.08<0.25; exhaustion 0.25<0.50; expansion 0.30<0.40,MONITOR SHORT,SHORT,60.6,exhaustion 0.25<0.50; structure 0.08<0.15,0.9726825714806037,0.2511713816872576,0.939902686932446,0.08055898068228835,NONE,NO SETUP,0.973,0.251,0.94,0.081,0.296,0.0,0.0,0.06,0.587,0.296,0.973,0.251,0.94,0.081,0.296,105.93,0.9896193771626294,1.4326934401130598,0.09928259261818127,0.2953278367507283,0.7910583894354744,500,0.9316015619759057,0.001105,4.809,MONITOR
2026-09-16T08:41:19.879214+00:00,14,MUUSDT,58.4,20.9,58.4,11.6,SHORT,MONITOR SHORT,rejection 0.04<0.25; exhaustion 0.42<0.50; expansion 0.28<0.40,location 0.00<0.60; flow 0.20<0.55; exhaustion 0.00<0.50,rejection 0.04<0.25; exhaustion 0.42<0.50; expansion 0.28<0.40,MONITOR SHORT,SHORT,60.5,exhaustion 0.42<0.50; structure 0.04<0.15,0.9803709045599226,0.41549565205128164,0.7960725868680281,0.04144144144144485,NONE,NO SETUP,0.98,0.415,0.796,0.041,0.278,0.0,0.0,0.204,0.841,0.278,0.98,0.415,0.796,0.041,0.278,932.1,0.9925409437327706,0.7638551978281716,0.4837836234593533,0.4400409380766215,0.5743833235173961,500,0.45849595063632864,0.000145,0.508,MONITOR
2026-09-16T08:41:19.879214+00:00,15,BTWUSDT,58.3,58.3,9.8,11.7,LONG,MONITOR LONG,reclaim 0.00<0.25; exhaustion 0.30<0.50; expansion 0.35<0.40,reclaim 0.00<0.25; exhaustion 0.30<0.50; expansion 0.35<0.40,location 0.00<0.60; flow 0.15<0.55; rejection 0.10<0.25,MONITOR LONG,LONG,58.8,exhaustion 0.30<0.50; structure 0.00<0.15,1.0,0.3,0.8507864435018154,0.0,NONE,NO SETUP,0.0,0.0,0.149,0.103,0.349,1.0,0.3,0.851,0.0,0.349,0.0,0.0,0.149,0.103,0.349,0.766681,0.0,10.006689384278879,0.09671069450997316,2.6447764325120215,0.7287378391728127,500,4.431850695799193,5e-05,6.13,MONITOR
2026-09-16T08:41:19.879214+00:00,16,DRAMUSDT,58.1,22.2,58.1,11.9,SHORT,MONITOR SHORT,rejection 0.00<0.25; exhaustion 0.43<0.50; expansion 0.22<0.40,location 0.00<0.60; flow 0.19<0.55; exhaustion 0.00<0.50,rejection 0.00<0.25; exhaustion 0.43<0.50; expansion 0.22<0.40,MONITOR SHORT,SHORT,61.0,exhaustion 0.43<0.50; structure 0.00<0.15,1.0,0.43117733762965216,0.8077349595337746,0.0,NONE,NO SETUP,1.0,0.431,0.808,0.0,0.224,0.0,0.0,0.192,1.0,0.224,1.0,0.431,0.808,0.0,0.224,55.97,1.0,0.7213772191519527,0.1459485972316449,0.4260398134647804,0.9049012097028158,500,1.0548059417793243,0.0002,1.193,MONITOR
2026-09-16T08:41:19.879214+00:00,17,CBRSUSDT,57.7,19.9,57.7,12.3,SHORT,MONITOR SHORT,rejection 0.03<0.25; exhaustion 0.39<0.50; expansion 0.26<0.40,location 0.00<0.60; flow 0.20<0.55; exhaustion 0.00<0.50,rejection 0.03<0.25; exhaustion 0.39<0.50; expansion 0.26<0.40,MONITOR SHORT,SHORT,60.0,exhaustion 0.39<0.50; structure 0.03<0.15,0.9858896571186674,0.3925936179371676,0.7980531092562633,0.03118040089086972,NONE,NO SETUP,0.986,0.393,0.798,0.031,0.259,0.0,0.0,0.202,0.795,0.259,0.986,0.393,0.798,0.031,0.259,185.28,0.9946380697050936,0.6697593937857081,0.024389662596426553,0.43763121885074496,0.7295374129749499,500,0.9614452074773411,9e-06,2.2800000000000002,MONITOR
2026-09-16T08:41:19.879214+00:00,18,AAOIUSDT,57.6,20.7,57.6,12.4,SHORT,MONITOR SHORT,rejection 0.13<0.25; exhaustion 0.30<0.50; expansion 0.24<0.40,location 0.00<0.60; flow 0.14<0.55; exhaustion 0.00<0.50,rejection 0.13<0.25; exhaustion 0.30<0.50; expansion 0.24<0.40,MONITOR SHORT,SHORT,60.5,exhaustion 0.30<0.50; structure 0.13<0.15,0.9562964350377722,0.3041347326957346,0.8640007119907476,0.12886259040105244,NONE,NO SETUP,0.956,0.304,0.864,0.129,0.243,0.0,0.0,0.136,0.957,0.243,0.956,0.304,0.864,0.129,0.243,97.35,0.9833926453143534,0.6950918563202633,0.08017678002229306,0.3645016251562614,0.9573867383501823,500,1.0772961141165436,0.000415,1.7670000000000001,MONITOR
2026-09-16T08:41:19.879214+00:00,19,SNDKUSDT,57.5,22.9,57.5,12.5,SHORT,MONITOR SHORT,rejection 0.00<0.25; exhaustion 0.42<0.50; expansion 0.23<0.40,location 0.00<0.60; flow 0.22<0.55; exhaustion 0.00<0.50,rejection 0.00<0.25; exhaustion 0.42<0.50; expansion 0.23<0.40,MONITOR SHORT,SHORT,60.0,exhaustion 0.42<0.50; structure 0.00<0.15,1.0,0.42069571395644767,0.7805300022461932,0.0,NONE,NO SETUP,1.0,0.421,0.781,0.0,0.234,0.0,0.0,0.219,1.0,0.234,1.0,0.421,0.781,0.0,0.234,1541.38,1.0,0.9416869370850058,0.25646793820121067,0.4594182239552482,0.5608153265750054,500,0.8122619413754761,5.3e-05,-0.9289999999999999,MONITOR
2026-09-16T08:41:19.879214+00:00,20,SAMSUNGUSDT,57.4,32.9,57.4,12.6,SHORT,MONITOR SHORT,flow 0.44<0.55; rejection 0.00<0.25,location 0.00<0.60; exhaustion 0.00<0.50,flow 0.44<0.55; rejection 0.00<0.25,MONITOR SHORT,SHORT,56.0,flow 0.44<0.55; structure 0.00<0.15,1.0,0.6039398454521656,0.4360043477848341,0.0,NONE,NO SETUP,1.0,0.604,0.436,0.0,0.438,0.0,0.0,0.564,1.0,0.438,1.0,0.604,0.436,0.0,0.438,184.56,1.0,0.4357024499940811,2.118531845330508,1.194148791978873,0.7562528043125786,500,1.1198892081306204,0.0,1.295,MONITOR
2026-09-16T08:41:19.879214+00:00,21,COHRUSDT,57.2,27.3,57.2,12.8,SHORT,MONITOR SHORT,flow 0.51<0.55; rejection 0.11<0.25; expansion 0.32<0.40,location 0.00<0.60; flow 0.49<0.55; exhaustion 0.00<0.50,flow 0.51<0.55; rejection 0.11<0.25; expansion 0.32<0.40,MONITOR SHORT,SHORT,58.3,flow 0.51<0.55; structure 0.11<0.15,0.9774787071412981,0.556824479163465,0.5143858957672791,0.11127167630057287,NONE,NO SETUP,0.977,0.557,0.514,0.111,0.319,0.0,0.0,0.486,0.853,0.319,0.977,0.557,0.514,0.111,0.319,277.33,0.9914419087136933,0.6483498465790634,0.07651175620080551,0.9608988097677692,0.671763166678017,500,0.8620393694389143,8.9e-05,3.1350000000000002,MONITOR
2026-09-16T08:41:19.879214+00:00,22,TSMUSDT,57.2,27.1,57.2,12.8,SHORT,MONITOR SHORT,flow 0.46<0.55; rejection 0.00<0.25; expansion 0.19<0.40,location 0.00<0.60; flow 0.54<0.55; exhaustion 0.00<0.50,flow 0.46<0.55; rejection 0.00<0.25; expansion 0.19<0.40,MONITOR SHORT,SHORT,60.5,flow 0.46<0.55; structure 0.00<0.15,1.0,0.7552065284119359,0.463057144445985,0.0,NONE,NO SETUP,1.0,0.755,0.463,0.0,0.188,0.0,0.0,0.537,0.905,0.188,1.0,0.755,0.463,0.0,0.188,417.08,1.0,0.18090934670705278,0.6493833375283161,1.1078568072908173,0.8954794978858496,500,0.629121713871322,0.0,-0.6859999999999999,MONITOR
2026-09-16T08:41:19.879214+00:00,23,NVDAUSDT,57.0,21.2,57.0,13.0,SHORT,MONITOR SHORT,rejection 0.02<0.25; exhaustion 0.41<0.50; expansion 0.25<0.40,location 0.00<0.60; flow 0.26<0.55; exhaustion 0.00<0.50,rejection 0.02<0.25; exhaustion 0.41<0.50; expansion 0.25<0.40,MONITOR SHORT,SHORT,59.1,exhaustion 0.41<0.50; structure 0.02<0.15,0.9928972228141167,0.41308720318283,0.7432199706149832,0.018246985988930774,NONE,NO SETUP,0.993,0.413,0.743,0.018,0.252,0.0,0.0,0.257,0.821,0.252,0.993,0.413,0.743,0.018,0.252,213.63,0.9973009446693644,0.3349902744759029,1.4204152487655357,0.5094880160736243,0.8626557319450481,500,0.4984349779127419,0.0,0.936,MONITOR
2026-09-16T08:41:19.879214+00:00,24,TQQQUSDT,56.9,25.3,56.9,13.1,SHORT,MONITOR SHORT,rejection 0.00<0.25; expansion 0.15<0.40,location 0.00<0.60; flow 0.40<0.55; exhaustion 0.00<0.50,rejection 0.00<0.25; expansion 0.15<0.40,MONITOR SHORT,SHORT,60.8,structure 0.00<0.15,1.0,0.6296915035729787,0.6004241855276778,0.0,NONE,NO SETUP,1.0,0.63,0.6,0.0,0.155,0.0,0.0,0.4,1.0,0.155,1.0,0.63,0.6,0.0,0.155,68.63,1.0,0.4225408926806652,0.4700418247252213,0.7569674961099159,0.7149704384745387,500,0.9881838523396814,0.000158,0.616,MONITOR
2026-09-16T08:41:19.879214+00:00,25,SNXXUSDT,56.6,25.8,56.6,13.4,SHORT,MONITOR SHORT,rejection 0.00<0.25; exhaustion 0.49<0.50; expansion 0.25<0.40,location 0.00<0.60; flow 0.35<0.55; exhaustion 0.00<0.50,rejection 0.00<0.25; exhaustion 0.49<0.50; expansion 0.25<0.40,MONITOR SHORT,SHORT,58.5,exhaustion 0.49<0.50; structure 0.00<0.15,1.0,0.49104099331372986,0.6500161420655365,0.0,NONE,NO SETUP,1.0,0.491,0.65,0.0,0.253,0.0,0.0,0.35,1.0,0.253,1.0,0.491,0.65,0.0,0.253,13.478,1.0,1.7164347924442942,0.24438766124873232,0.6597244285551482,0.7253901204178882,500,1.0792975233806008,0.000542,-1.95,MONITOR
2026-09-16T08:41:19.879214+00:00,26,WDCUSDT,56.5,20.5,56.5,13.5,SHORT,MONITOR SHORT,rejection 0.00<0.25; exhaustion 0.41<0.50; expansion 0.20<0.40,location 0.00<0.60; flow 0.23<0.55; exhaustion 0.00<0.50,rejection 0.00<0.25; exhaustion 0.41<0.50; expansion 0.20<0.40,MONITOR SHORT,SHORT,59.5,exhaustion 0.41<0.50; structure 0.00<0.15,1.0,0.4119155211331579,0.766239060815936,0.0,NONE,NO SETUP,1.0,0.412,0.766,0.0,0.198,0.0,0.0,0.234,0.859,0.198,1.0,0.412,0.766,0.0,0.198,418.03,1.0,0.6546263878525859,0.7589115871309237,0.47798715585976126,0.9203860180910952,500,1.164379153723345,8.1e-05,-2.414,MONITOR
2026-09-16T08:41:19.879214+00:00,27,MRVLUSDT,55.8,22.4,55.8,14.2,SHORT,MONITOR SHORT,rejection 0.00<0.25; exhaustion 0.34<0.50; expansion 0.21<0.40,location 0.00<0.60; flow 0.21<0.55; exhaustion 0.00<0.50,rejection 0.00<0.25; exhaustion 0.34<0.50; expansion 0.21<0.40,MONITOR SHORT,SHORT,58.2,exhaustion 0.34<0.50; structure 0.00<0.15,1.0,0.3383185984099941,0.7900833706332779,0.0,NONE,NO SETUP,1.0,0.338,0.79,0.0,0.215,0.0,0.0,0.21,1.0,0.215,1.0,0.338,0.79,0.0,0.215,225.09,1.0,0.7045227791617941,1.1159524259014537,0.4474091037873648,0.6087401116174543,500,1.0813600937482561,0.000315,3.058,MONITOR
2026-09-16T08:41:19.879214+00:00,28,FFUSDT,55.7,14.9,55.7,14.3,SHORT,MONITOR SHORT,rejection 0.10<0.25; exhaustion 0.19<0.50; expansion 0.14<0.40,location 0.00<0.60; flow 0.00<0.55; exhaustion 0.00<0.50,rejection 0.10<0.25; exhaustion 0.19<0.50; expansion 0.14<0.40,MONITOR SHORT,SHORT,60.0,exhaustion 0.19<0.50; structure 0.10<0.15,0.940976011760251,0.18888888888888913,1.0,0.10374720357941881,NONE,NO SETUP,0.941,0.189,1.0,0.104,0.141,0.0,0.0,0.0,0.85,0.141,0.941,0.189,1.0,0.104,0.141,0.13867,0.9775708844688954,2.2821914398675114,1.0633445518956541,0.1728218637626261,0.6629377966120029,500,1.1139841273239148,5e-05,-4.7010000000000005,MONITOR
2026-09-16T08:41:19.879214+00:00,29,KIOXIAUSDT,55.6,24.6,55.6,14.4,SHORT,MONITOR SHORT,rejection 0.03<0.25; exhaustion 0.45<0.50; expansion 0.37<0.40,location 0.00<0.60; flow 0.44<0.55; exhaustion 0.00<0.50,rejection 0.03<0.25; exhaustion 0.45<0.50; expansion 0.37<0.40,MONITOR SHORT,SHORT,55.2,exhaustion 0.45<0.50; structure 0.03<0.15,0.9774077483055827,0.4532288644290561,0.5581714847089942,0.03205291274484643,NONE,NO SETUP,0.977,0.453,0.558,0.032,0.369,0.0,0.0,0.442,0.685,0.369,0.977,0.453,0.558,0.032,0.369,329.94,0.9914149443561214,1.5876157089546235,0.08953527178674232,0.8510489747134947,0.8904147079965304,500,0.4265998203030799,0.000166,-0.737,MONITOR
2026-09-16T08:41:19.879214+00:00,30,SPYUSDT,55.3,21.3,55.3,14.7,SHORT,MONITOR SHORT,rejection 0.00<0.25; exhaustion 0.34<0.50; expansion 0.16<0.40,location 0.00<0.60; flow 0.19<0.55; exhaustion 0.00<0.50,rejection 0.00<0.25; exhaustion 0.34<0.50; expansion 0.16<0.40,MONITOR SHORT,SHORT,58.6,exhaustion 0.34<0.50; structure 0.00<0.15,1.0,0.33718835466530445,0.8061654783708713,0.0,NONE,NO SETUP,1.0,0.337,0.806,0.0,0.163,0.0,0.0,0.194,1.0,0.163,1.0,0.337,0.806,0.0,0.163,759.52,1.0,0.1525474016559082,0.0011919483886347721,0.4278977762476216,0.5540126299466914,500,0.26092279072558566,0.0,0.23800000000000002,MONITOR
2026-09-16T08:41:19.879214+00:00,31,CRDOUSDT,55.2,25.5,55.2,14.8,SHORT,MONITOR SHORT,rejection 0.04<0.25; exhaustion 0.35<0.50; expansion 0.29<0.40,location 0.00<0.60; flow 0.31<0.55; exhaustion 0.00<0.50,rejection 0.04<0.25; exhaustion 0.35<0.50; expansion 0.29<0.40,MONITOR SHORT,SHORT,56.4,exhaustion 0.35<0.50; structure 0.04<0.15,0.9776122440672476,0.35207297234487633,0.6933605260780186,0.04431017119838285,NONE,NO SETUP,0.978,0.352,0.693,0.044,0.288,0.0,0.0,0.307,1.0,0.288,0.978,0.352,0.693,0.044,0.288,153.14,0.9914926527455541,1.016335052812575,0.1223353214011244,0.5850200177671891,0.7708904385047719,500,0.31906113197099994,4.8e-05,1.7610000000000001,MONITOR
2026-09-16T08:41:19.879214+00:00,32,FILUSDT,55.2,55.2,19.7,14.8,LONG,MONITOR LONG,flow 0.46<0.55; reclaim 0.07<0.25; expansion 0.32<0.40,flow 0.46<0.55; reclaim 0.07<0.25; expansion 0.32<0.40,location 0.00<0.60; flow 0.54<0.55; exhaustion 0.00<0.50,MONITOR LONG,LONG,56.2,flow 0.46<0.55; structure 0.07<0.15,0.9331583898598793,0.6047820577946293,0.4649251080322464,0.07433957254745792,NONE,NO SETUP,0.0,0.0,0.535,0.282,0.316,0.933,0.605,0.465,0.074,0.316,0.0,0.0,0.535,0.282,0.316,0.8062,0.025399811853245868,2.2219665864363582,0.06321560430015022,0.9073307334053871,0.7313825570100246,500,1.043236063189482,0.0001,-9.038,MONITOR
2026-09-16T08:41:19.879214+00:00,33,INTWUSDT,55.1,25.3,55.1,14.9,SHORT,MONITOR SHORT,rejection 0.00<0.25; exhaustion 0.46<0.50; expansion 0.21<0.40,location 0.00<0.60; flow 0.36<0.55; exhaustion 0.00<0.50,rejection 0.00<0.25; exhaustion 0.46<0.50; expansion 0.21<0.40,MONITOR SHORT,SHORT,57.5,exhaustion 0.46<0.50; structure 0.00<0.15,1.0,0.4567537627163117,0.641680649360048,0.0,NONE,NO SETUP,1.0,0.457,0.642,0.0,0.211,0.0,0.0,0.358,1.0,0.211,1.0,0.457,0.642,0.0,0.211,23.384,1.0,1.1100778798093682,0.3850063446090106,0.6751487982339397,0.9062608092957974,500,1.3214970825854822,0.003615,10.767,MONITOR
2026-09-16T08:41:19.879214+00:00,34,NBISUSDT,54.5,28.0,54.5,15.5,SHORT,MONITOR SHORT,rejection 0.01<0.25; exhaustion 0.42<0.50; expansion 0.31<0.40,location 0.00<0.60; flow 0.42<0.55; exhaustion 0.00<0.50,rejection 0.01<0.25; exhaustion 0.42<0.50; expansion 0.31<0.40,MONITOR SHORT,SHORT,54.9,exhaustion 0.42<0.50; structure 0.01<0.15,0.9952979530422243,0.41510177198172094,0.5798993175901215,0.009964412811388261,NONE,NO SETUP,0.995,0.415,0.58,0.01,0.308,0.0,0.0,0.42,1.0,0.308,0.995,0.415,0.58,0.01,0.308,210.59,0.9982132221560452,0.9024517140159439,0.44348905811508177,0.801293528192938,0.7793103435523276,500,1.4508902048522283,0.000314,0.16199999999999998,MONITOR
2026-09-16T08:41:19.879214+00:00,35,SOXSUSDT,54.4,54.4,19.2,15.6,LONG,MONITOR LONG,reclaim 0.05<0.25; exhaustion 0.26<0.50; expansion 0.30<0.40,reclaim 0.05<0.25; exhaustion 0.26<0.50; expansion 0.30<0.40,location 0.00<0.60; flow 0.27<0.55; exhaustion 0.00<0.50,MONITOR LONG,LONG,55.1,exhaustion 0.26<0.50; structure 0.05<0.15,0.9837991660092417,0.2550355962828896,0.726134950588387,0.050652823658958034,NONE,NO SETUP,0.0,0.0,0.274,0.619,0.298,0.984,0.255,0.726,0.051,0.298,0.0,0.0,0.274,0.619,0.298,49.389,0.006156316916488138,1.3665633736509273,0.06721373522697954,1.8719472770796528,0.8658400608215945,500,0.7628386878720167,-0.001315,-4.64,MONITOR
2026-09-16T08:41:19.879214+00:00,36,MUUUSDT,54.2,25.6,54.2,15.8,SHORT,MONITOR SHORT,rejection 0.03<0.25; exhaustion 0.43<0.50; expansion 0.28<0.40,location 0.00<0.60; flow 0.44<0.55; exhaustion 0.00<0.50,rejection 0.03<0.25; exhaustion 0.43<0.50; expansion 0.28<0.40,MONITOR SHORT,SHORT,55.0,exhaustion 0.43<0.50; structure 0.03<0.15,0.9854022347851484,0.4302583513549961,0.5623950574820942,0.03205328338016218,NONE,NO SETUP,0.985,0.43,0.562,0.032,0.284,0.0,0.0,0.438,0.839,0.284,0.985,0.43,0.562,0.032,0.284,28.517,0.9944528492183564,1.477275871929453,0.6192333884735155,0.8411411201260912,0.6698620371597607,500,0.9171771871266474,0.000618,0.963,MONITOR
2026-09-16T08:41:19.879214+00:00,37,VVVUSDT,54.1,21.0,54.1,15.9,SHORT,MONITOR SHORT,rejection 0.09<0.25; exhaustion 0.39<0.50; expansion 0.21<0.40,location 0.00<0.60; flow 0.30<0.55; exhaustion 0.00<0.50,rejection 0.09<0.25; exhaustion 0.39<0.50; expansion 0.21<0.40,MONITOR SHORT,SHORT,56.8,exhaustion 0.39<0.50; structure 0.09<0.15,0.9262087922224049,0.3874073430662645,0.7044194161182792,0.08578431372549217,NONE,NO SETUP,0.926,0.387,0.704,0.086,0.213,0.0,0.0,0.296,0.794,0.213,0.926,0.387,0.704,0.086,0.213,22.209,0.9719593410445139,2.569067296340024,1.4324585611047025,0.5673544900306353,0.6432810535136332,500,1.1874909227874344,5e-05,0.872,MONITOR
2026-09-16T08:41:19.879214+00:00,38,CHIPUSDT,54.0,23.5,54.0,16.0,SHORT,MONITOR SHORT,flow 0.47<0.55; rejection 0.08<0.25; expansion 0.18<0.40,location 0.00<0.60; flow 0.53<0.55; exhaustion 0.00<0.50,flow 0.47<0.55; rejection 0.08<0.25; expansion 0.18<0.40,MONITOR SHORT,SHORT,57.1,flow 0.47<0.55; structure 0.08<0.15,0.9580472921434023,0.6030115972014268,0.4690687269935957,0.07616221562809034,NONE,NO SETUP,0.958,0.603,0.469,0.076,0.18,0.0,0.0,0.531,0.679,0.18,0.958,0.603,0.469,0.076,0.18,0.03659,0.9840579710144929,2.0109798305287017,0.6964743713325336,1.0895444778927086,0.7607768101413588,500,0.9369044047711739,5e-05,-10.581999999999999,MONITOR
2026-09-16T08:41:19.879214+00:00,39,WETUSDT,53.7,21.9,53.7,16.3,SHORT,MONITOR SHORT,rejection 0.05<0.25; exhaustion 0.04<0.50,location 0.00<0.60; flow 0.24<0.55; exhaustion 0.00<0.50,rejection 0.05<0.25; exhaustion 0.04<0.50,MONITOR SHORT,SHORT,49.7,exhaustion 0.04<0.50; structure 0.05<0.15,0.9536693847294342,0.03863636363636282,0.7649428647984935,0.048060418812215726,NONE,NO SETUP,0.954,0.039,0.765,0.048,0.55,0.0,0.0,0.235,0.596,0.55,0.954,0.039,0.765,0.048,0.55,0.0562,0.982394366197185,1.0794886047804346,5.903600288051994,0.47970804535405737,0.8806862647177411,500,1.8317209041844424,5e-05,-7.4590000000000005,MONITOR
2026-09-16T08:41:19.879214+00:00,40,USELESSUSDT,53.5,16.8,53.5,16.5,SHORT,MONITOR SHORT,rejection 0.00<0.25; exhaustion 0.30<0.50; expansion 0.10<0.40,location 0.00<0.60; flow 0.21<0.55; exhaustion 0.00<0.50,rejection 0.00<0.25; exhaustion 0.30<0.50; expansion 0.10<0.40,MONITOR SHORT,SHORT,57.4,exhaustion 0.30<0.50; structure 0.00<0.15,1.0,0.3,0.7946659017546469,0.0,NONE,NO SETUP,1.0,0.3,0.795,0.0,0.104,0.0,0.0,0.205,0.742,0.104,1.0,0.3,0.795,0.0,0.104,0.23888,1.0,3.3355795148247998,0.5413744281025639,0.4417605189652614,0.9042692614436154,500,1.0225149694084177,5e-05,19.41,MONITOR
2026-09-16T08:41:19.879214+00:00,41,CSOPSK2LHKDUSDT,53.4,22.1,53.4,16.6,SHORT,MONITOR SHORT,flow 0.54<0.55; rejection 0.00<0.25; exhaustion 0.49<0.50,location 0.00<0.60; flow 0.46<0.55; exhaustion 0.00<0.50,flow 0.54<0.55; rejection 0.00<0.25; exhaustion 0.49<0.50,MONITOR SHORT,SHORT,55.8,exhaustion 0.49<0.50; flow 0.54<0.55; structure 0.00<0.15,1.0,0.4884719150539094,0.5443072829230997,0.0,NONE,NO SETUP,1.0,0.488,0.544,0.0,0.184,0.0,0.0,0.456,0.681,0.184,1.0,0.488,0.544,0.0,0.184,38.722,1.0,1.5806600784421203,0.6312791342402341,0.8843999620178266,0.5855262289608011,500,1.021945968615958,-0.000698,5.914,MONITOR
2026-09-16T08:41:19.879214+00:00,42,AVGOUSDT,53.1,23.0,53.1,16.9,SHORT,MONITOR SHORT,rejection 0.06<0.25; exhaustion 0.37<0.50; expansion 0.26<0.40,location 0.00<0.60; flow 0.42<0.55; exhaustion 0.00<0.50,rejection 0.06<0.25; exhaustion 0.37<0.50; expansion 0.26<0.40,MONITOR SHORT,SHORT,54.3,exhaustion 0.37<0.50; structure 0.06<0.15,0.9830717143736515,0.3667454015110014,0.579437348519815,0.056472313898063634,NONE,NO SETUP,0.983,0.367,0.579,0.056,0.257,0.0,0.0,0.421,0.719,0.257,0.983,0.367,0.579,0.056,0.257,341.85,0.9935672514619875,0.3589692960805598,0.018617424149877593,0.8023205227690277,0.6012740977277066,500,0.8562898128365939,0.0,-0.8009999999999999,MONITOR
2026-09-16T08:41:19.879214+00:00,43,XAUTUSDT,53.1,15.4,53.1,16.9,SHORT,MONITOR SHORT,exhaustion 0.29<0.50; expansion 0.22<0.40,location 0.00<0.60; flow 0.36<0.55; exhaustion 0.00<0.50,exhaustion 0.29<0.50; expansion 0.22<0.40,MONITOR SHORT,SHORT,55.7,exhaustion 0.29<0.50,0.9063689609688499,0.2902146278995155,0.6439666473772869,0.2573398008679934,NONE,NO SETUP,0.906,0.29,0.644,0.257,0.224,0.0,0.0,0.356,0.329,0.224,0.906,0.29,0.644,0.257,0.224,4322.11,0.964420205168163,0.06433615501383477,0.06479998527273062,0.6708831482209707,0.888891042829299,500,0.9183485028360375,-6e-06,1.21,MONITOR
2026-09-16T08:41:19.879214+00:00,44,AIOUSDT,52.8,9.9,52.8,17.2,SHORT,MONITOR SHORT,rejection 0.25<0.25; expansion 0.02<0.40,location 0.00<0.60; flow 0.36<0.55; reclaim 0.16<0.25,rejection 0.25<0.25; expansion 0.02<0.40,MONITOR SHORT,SHORT,59.7,none,0.8449478852614355,0.5386759822910905,0.6367403739053876,0.24615384615384583,NONE,NO SETUP,0.845,0.539,0.637,0.246,0.017,0.0,0.0,0.363,0.157,0.017,0.845,0.539,0.637,0.246,0.017,0.03658,0.9410801963993455,2.407407407407405,0.06423887977600806,0.684460173997554,0.8224068899854816,500,0.5781307325657048,5e-05,-13.379,MONITOR
2026-09-16T08:41:19.879214+00:00,45,AZTECUSDT,52.7,23.9,52.7,17.3,SHORT,MONITOR SHORT,rejection 0.00<0.25; exhaustion 0.30<0.50; expansion 0.19<0.40,location 0.00<0.60; flow 0.31<0.55; exhaustion 0.00<0.50,rejection 0.00<0.25; exhaustion 0.30<0.50; expansion 0.19<0.40,MONITOR SHORT,SHORT,54.9,exhaustion 0.30<0.50; structure 0.00<0.15,1.0,0.30277102240336057,0.6927883963668429,0.0,NONE,NO SETUP,1.0,0.303,0.693,0.0,0.187,0.0,0.0,0.307,1.0,0.187,1.0,0.303,0.693,0.0,0.187,0.01251,1.0,1.050857539407158,1.1773523173822678,0.5859487599741505,0.6968516570893089,500,1.8139060518746402,5e-05,-8.552999999999999,MONITOR
2026-09-16T08:41:19.879214+00:00,46,XAUUSDT,52.7,13.8,52.7,17.3,SHORT,MONITOR SHORT,flow 0.50<0.55; exhaustion 0.27<0.50; expansion 0.23<0.40,location 0.00<0.60; flow 0.50<0.55; reclaim 0.02<0.25,flow 0.50<0.55; exhaustion 0.27<0.50; expansion 0.23<0.40,MONITOR SHORT,SHORT,54.9,exhaustion 0.27<0.50; flow 0.50<0.55,0.9499967946663123,0.2737772637378222,0.5000786777594941,0.3510125361620995,NONE,NO SETUP,0.95,0.274,0.5,0.351,0.233,0.0,0.0,0.5,0.02,0.233,0.95,0.274,0.5,0.351,0.233,4330.83,0.9809987819731987,0.06800441471282326,0.08274777104385446,0.9997818827223686,0.7810676512332443,500,0.5837876881494943,0.0,1.319,MONITOR
2026-09-16T08:41:19.879214+00:00,47,BEUSDT,52.6,20.8,52.6,17.4,SHORT,MONITOR SHORT,rejection 0.00<0.25; exhaustion 0.42<0.50; expansion 0.21<0.40,location 0.00<0.60; flow 0.45<0.55; exhaustion 0.00<0.50,rejection 0.00<0.25; exhaustion 0.42<0.50; expansion 0.21<0.40,MONITOR SHORT,SHORT,54.3,exhaustion 0.42<0.50; structure 0.00<0.15,1.0,0.42104797523407467,0.5526321216335668,0.0,NONE,NO SETUP,1.0,0.421,0.553,0.0,0.206,0.0,0.0,0.447,0.584,0.206,1.0,0.421,0.553,0.0,0.206,265.69,1.0,1.0872285839434341,0.4301105172116513,0.864220592934886,0.6875134410563365,500,1.808756213797411,0.000332,5.286,MONITOR
2026-09-16T08:41:19.879214+00:00,48,CLUSDT,52.2,52.2,18.2,17.8,LONG,MONITOR LONG,flow 0.55<0.55; exhaustion 0.47<0.50; expansion 0.03<0.40,flow 0.55<0.55; exhaustion 0.47<0.50; expansion 0.03<0.40,location 0.00<0.60; flow 0.45<0.55; exhaustion 0.00<0.50,MONITOR LONG,LONG,58.3,exhaustion 0.47<0.50; flow 0.55<0.55,0.8902245242051825,0.4738736668833905,0.5450569846080127,0.3065940713853825,NONE,NO SETUP,0.0,0.0,0.455,0.571,0.033,0.89,0.474,0.545,0.307,0.033,0.0,0.0,0.455,0.571,0.033,99.999,0.04171468080203067,0.4099403466116271,0.17142179482543388,1.1330628892915138,0.6899087252105865,500,1.2921394540629998,-0.000118,0.9480000000000001,MONITOR
2026-09-16T08:41:19.879214+00:00,49,AMZNUSDT,51.9,20.5,51.9,18.1,SHORT,MONITOR SHORT,flow 0.49<0.55; rejection 0.01<0.25; exhaustion 0.41<0.50,location 0.00<0.60; flow 0.51<0.55; exhaustion 0.00<0.50,flow 0.49<0.55; rejection 0.01<0.25; exhaustion 0.41<0.50,MONITOR SHORT,SHORT,52.7,exhaustion 0.41<0.50; flow 0.49<0.55; structure 0.01<0.15,0.9940596412023339,0.4146712895630329,0.4884979592176669,0.012733060482025587,NONE,NO SETUP,0.994,0.415,0.488,0.013,0.254,0.0,0.0,0.512,0.433,0.254,0.994,0.415,0.488,0.013,0.254,248.98,0.9977426636568869,0.20374014653725328,0.16358553521507804,1.0324043770688656,0.6598521076205934,500,0.6305278481817604,0.0,-1.214,MONITOR
2026-09-16T08:41:19.879214+00:00,50,ZHONGJIUSDT,51.8,17.4,51.8,18.2,SHORT,MONITOR SHORT,rejection 0.00<0.25; exhaustion 0.32<0.50; expansion 0.20<0.40,location 0.00<0.60; flow 0.38<0.55; exhaustion 0.00<0.50,rejection 0.00<0.25; exhaustion 0.32<0.50; expansion 0.20<0.40,MONITOR SHORT,SHORT,53.5,exhaustion 0.32<0.50; structure 0.00<0.15,1.0,0.32196688484144115,0.6198867964692252,0.0,NONE,NO SETUP,1.0,0.322,0.62,0.0,0.199,0.0,0.0,0.38,0.457,0.199,1.0,0.322,0.62,0.0,0.199,144.6,1.0,0.9271909124781442,0.15034639421653542,0.7172026948231935,0.9561851040729065,500,1.086239437731975,0.0,5.271,MONITOR
2026-09-16T08:41:19.879214+00:00,51,BRUSDT,50.9,50.9,19.5,19.1,LONG,MONITOR LONG,flow 0.31<0.55; exhaustion 0.33<0.50; expansion 0.24<0.40,flow 0.31<0.55; exhaustion 0.33<0.50; expansion 0.24<0.40,location 0.00<0.60; rejection 0.15<0.25; exhaustion 0.00<0.50,MONITOR LONG,LONG,52.6,exhaustion 0.33<0.50; flow 0.31<0.55,0.9427050470326289,0.32760447296338363,0.3142043669970098,0.41357285429141954,NONE,NO SETUP,0.0,0.0,0.686,0.145,0.238,0.943,0.328,0.314,0.414,0.238,0.0,0.0,0.686,0.145,0.238,0.20943,0.021772082127601008,3.5336237346664676,0.2726694273892838,0.5974200111410451,0.8482797492630474,500,1.626069929240035,5e-05,-43.89,MONITOR
2026-09-16T08:41:19.879214+00:00,52,ALCHUSDT,50.7,25.1,50.7,19.3,SHORT,MONITOR SHORT,rejection 0.11<0.25; exhaustion 0.30<0.50; expansion 0.24<0.40,location 0.00<0.60; flow 0.32<0.55; exhaustion 0.00<0.50,rejection 0.11<0.25; exhaustion 0.30<0.50; expansion 0.24<0.40,MONITOR SHORT,SHORT,52.5,exhaustion 0.30<0.50; structure 0.11<0.15,0.8664789279471738,0.3,0.6759040732179938,0.10564588049667317,NONE,NO SETUP,0.866,0.3,0.676,0.106,0.241,0.0,0.0,0.324,1.0,0.241,0.866,0.3,0.676,0.106,0.241,0.03374,0.949261992619926,7.728154722142699,1.8747877226055678,0.6140311313473251,0.58688020571321,500,1.4868791247227173,5e-05,-8.365,MONITOR
2026-09-16T08:41:19.879214+00:00,53,ETHFIUSDT,50.4,22.2,50.4,19.6,SHORT,MONITOR SHORT,rejection 0.00<0.25; exhaustion 0.39<0.50; expansion 0.00<0.40,location 0.00<0.60; flow 0.37<0.55; exhaustion 0.00<0.50,rejection 0.00<0.25; exhaustion 0.39<0.50; expansion 0.00<0.40,MONITOR SHORT,SHORT,55.5,exhaustion 0.39<0.50; structure 0.00<0.15,1.0,0.3888295966535718,0.6298147960154753,0.0,NONE,NO SETUP,1.0,0.389,0.63,0.0,0.0,0.0,0.0,0.37,0.989,0.0,1.0,0.389,0.63,0.0,0.0,0.5816,1.0,2.3107755217716965,0.8830239056641067,0.6977300217172626,0.795095921398836,500,0.9870565919589938,-8.9e-05,-4.858,MONITOR
2026-09-16T08:41:19.879214+00:00,54,LITEUSDT,50.4,31.2,50.4,19.6,SHORT,MONITOR SHORT,flow 0.37<0.55; rejection 0.00<0.25; exhaustion 0.47<0.50,location 0.00<0.60; exhaustion 0.00<0.50; expansion 0.24<0.40,flow 0.37<0.55; rejection 0.00<0.25; exhaustion 0.47<0.50,MONITOR SHORT,SHORT,51.1,exhaustion 0.47<0.50; flow 0.37<0.55; structure 0.00<0.15,1.0,0.4701009266659,0.3720016703669238,0.0,NONE,NO SETUP,1.0,0.47,0.372,0.0,0.24,0.0,0.0,0.628,1.0,0.24,1.0,0.47,0.372,0.0,0.24,855.18,1.0,0.6607713017156271,0.05965252404742377,1.4260191131113846,0.814595862038976,500,1.4769863531326752,0.000279,2.018,MONITOR
2026-09-16T08:41:19.879214+00:00,55,ORCAUSDT,50.4,22.2,50.4,19.6,SHORT,MONITOR SHORT,rejection 0.00<0.25; exhaustion 0.38<0.50; expansion 0.00<0.40,location 0.00<0.60; flow 0.36<0.55; exhaustion 0.00<0.50,rejection 0.00<0.25; exhaustion 0.38<0.50; expansion 0.00<0.40,MONITOR SHORT,SHORT,55.4,exhaustion 0.38<0.50; structure 0.00<0.15,1.0,0.37627158186530224,0.6412605098550989,0.0,NONE,NO SETUP,1.0,0.376,0.641,0.0,0.0,0.0,0.0,0.359,1.0,0.0,1.0,0.376,0.641,0.0,0.0,1.301,1.0,1.2181616832779611,0.7173507996111546,0.6759357197943151,0.815319129327178,500,1.193090930175689,5e-05,-3.4869999999999997,MONITOR
2026-09-16T08:41:19.879214+00:00,56,BILLUSDT,50.1,16.4,50.1,19.9,SHORT,MONITOR SHORT,exhaustion 0.33<0.50; expansion 0.00<0.40,location 0.00<0.60; flow 0.25<0.55; exhaustion 0.00<0.50,exhaustion 0.33<0.50; expansion 0.00<0.40,MONITOR SHORT,SHORT,56.7,exhaustion 0.33<0.50,0.8245614035087732,0.328009183227868,0.7492698312558066,0.2522522522522506,NONE,NO SETUP,0.825,0.328,0.749,0.252,0.0,0.0,0.0,0.251,0.757,0.0,0.825,0.328,0.749,0.252,0.0,0.0122,0.9333333333333338,0.992808844048514,0.13606877655116778,0.5010132541116854,0.5896405109295816,500,1.788084650168292,5e-05,-8.133,MONITOR
2026-09-16T08:41:19.879214+00:00,57,CRWVUSDT,50.0,25.4,50.0,20.0,SHORT,MONITOR SHORT,flow 0.51<0.55; rejection 0.00<0.25; exhaustion 0.46<0.50,location 0.00<0.60; flow 0.49<0.55; exhaustion 0.00<0.50,flow 0.51<0.55; rejection 0.00<0.25; exhaustion 0.46<0.50,MONITOR SHORT,SHORT,54.2,exhaustion 0.46<0.50; flow 0.51<0.55; structure 0.00<0.15,1.0,0.4585423450888002,0.5102121867465197,0.0,NONE,NO SETUP,1.0,0.459,0.51,0.0,0.039,0.0,0.0,0.49,1.0,0.039,1.0,0.459,0.51,0.0,0.039,81.77,1.0,0.7669749605233473,0.17312221706465866,0.9720828963934438,0.5575277680959639,500,1.1783426646422472,0.0,-0.897,MONITOR
2026-09-16T08:41:19.879214+00:00,58,AMDUSDT,49.7,28.2,49.7,20.3,SHORT,NO EDGE,flow 0.44<0.55; rejection 0.14<0.25; exhaustion 0.42<0.50,location 0.00<0.60; exhaustion 0.00<0.50; expansion 0.13<0.40,flow 0.44<0.55; rejection 0.14<0.25; exhaustion 0.42<0.50,MONITOR SHORT,SHORT,52.8,exhaustion 0.42<0.50; flow 0.44<0.55; structure 0.14<0.15,0.9493927125506136,0.42098847053106403,0.4376421171352174,0.14193322845654557,NONE,NO SETUP,0.949,0.421,0.438,0.142,0.127,0.0,0.0,0.562,1.0,0.127,0.949,0.421,0.438,0.142,0.127,510.42,0.9807692307692332,0.5288950890690398,0.7841822494531008,1.1887386212160467,0.9757401102722563,500,1.3777069235663997,8.9e-05,3.9739999999999998,SKIP
2026-09-16T08:41:19.879214+00:00,59,RIVERUSDT,49.7,28.4,49.7,20.3,SHORT,NO EDGE,flow 0.47<0.55; rejection 0.08<0.25; exhaustion 0.19<0.50,location 0.00<0.60; flow 0.53<0.55; exhaustion 0.00<0.50,flow 0.47<0.55; rejection 0.08<0.25; exhaustion 0.19<0.50,MONITOR SHORT,SHORT,45.1,exhaustion 0.19<0.50; flow 0.47<0.55; structure 0.08<0.15,0.8982262285548138,0.1928571428571429,0.4691692539196993,0.08228379513014156,NONE,NO SETUP,0.898,0.193,0.469,0.082,0.55,0.0,0.0,0.531,0.635,0.55,0.898,0.193,0.469,0.082,0.55,1.177,0.9613259668508293,4.316155686018697,3.183273000309131,1.0892408425667666,0.6635150157416598,500,1.1252196760105095,5e-05,-7.249999999999999,SKIP
2026-09-16T08:41:19.879214+00:00,60,QCOMUSDT,49.3,24.4,49.3,20.7,SHORT,NO EDGE,flow 0.51<0.55; rejection 0.00<0.25; exhaustion 0.37<0.50,location 0.00<0.60; flow 0.49<0.55; exhaustion 0.00<0.50,flow 0.51<0.55; rejection 0.00<0.25; exhaustion 0.37<0.50,MONITOR SHORT,SHORT,50.8,exhaustion 0.37<0.50; flow 0.51<0.55; structure 0.00<0.15,0.9511718750000006,0.37486398519669784,0.514667238297928,0.0,NONE,NO SETUP,0.951,0.375,0.515,0.0,0.196,0.0,0.0,0.485,0.781,0.196,0.951,0.375,0.515,0.0,0.196,189.13,0.9814453125000002,0.4186866460995994,0.030789653201570826,0.9601495556760733,0.8379381762807685,500,0.8210758082041814,0.0,5.955,SKIP
2026-09-16T08:41:19.879214+00:00,61,CPUSDT,49.1,22.6,49.1,20.9,SHORT,NO EDGE,flow 0.52<0.55; rejection 0.00<0.25; exhaustion 0.44<0.50,location 0.00<0.60; flow 0.48<0.55; exhaustion 0.00<0.50,flow 0.52<0.55; rejection 0.00<0.25; exhaustion 0.44<0.50,MONITOR SHORT,SHORT,53.9,exhaustion 0.44<0.50; flow 0.52<0.55; structure 0.00<0.15,1.0,0.4351694441735756,0.52003876572617,0.0,NONE,NO SETUP,1.0,0.435,0.52,0.0,0.0,0.0,0.0,0.48,0.865,0.0,1.0,0.435,0.52,0.0,0.0,0.012155,1.0,2.7162280006342163,0.8585737399304938,0.9459559685752297,0.6690929340721411,500,1.4118982021077686,5e-05,-4.539,SKIP
2026-09-16T08:41:19.879214+00:00,62,IOSTUSDT,48.6,26.3,48.6,21.4,SHORT,NO EDGE,rejection 0.00<0.25; exhaustion 0.26<0.50; expansion 0.16<0.40,location 0.00<0.60; flow 0.45<0.55; exhaustion 0.00<0.50,rejection 0.00<0.25; exhaustion 0.26<0.50; expansion 0.16<0.40,MONITOR SHORT,SHORT,50.3,exhaustion 0.26<0.50; structure 0.00<0.15,1.0,0.2602435530085956,0.5509022147535099,0.0,NONE,NO SETUP,1.0,0.26,0.551,0.0,0.155,0.0,0.0,0.449,1.0,0.155,1.0,0.26,0.551,0.0,0.155,0.0008294,1.0,3.3368091762252368,1.5647183866137417,0.868375628188332,0.7764490686470453,500,1.2080628254625443,-0.008535,6.361,SKIP
2026-09-16T08:41:19.879214+00:00,63,KNCUSDT,48.6,28.1,48.6,21.4,SHORT,NO EDGE,rejection 0.00<0.25; exhaustion 0.00<0.50,location 0.00<0.60; flow 0.38<0.55; exhaustion 0.00<0.50,rejection 0.00<0.25; exhaustion 0.00<0.50,MONITOR SHORT,SHORT,43.4,exhaustion 0.00<0.50; structure 0.00<0.15,0.9319419237749558,0.0,0.618530485994757,0.0,NONE,NO SETUP,0.932,0.0,0.619,0.0,0.55,0.0,0.0,0.381,0.814,0.55,0.932,0.0,0.619,0.0,0.55,0.1306,0.9741379310344832,3.840924541128484,4.542712622778666,0.7199048066416425,0.8475077835159435,500,1.5144600040817628,0.0001,-3.116,SKIP
2026-09-16T08:41:19.879214+00:00,64,GRAMUSDT,47.2,23.3,47.2,22.8,SHORT,NO EDGE,rejection 0.06<0.25; exhaustion 0.31<0.50; expansion 0.00<0.40,location 0.00<0.60; flow 0.41<0.55; exhaustion 0.00<0.50,rejection 0.06<0.25; exhaustion 0.31<0.50; expansion 0.00<0.40,MONITOR SHORT,SHORT,52.0,exhaustion 0.31<0.50; structure 0.06<0.15,0.9460188933873056,0.31204119570784705,0.5866650041330073,0.05725971370144095,NONE,NO SETUP,0.946,0.312,0.587,0.057,0.0,0.0,0.0,0.413,1.0,0.0,0.946,0.312,0.587,0.057,0.0,1.3085,0.9794871794871761,0.675290778966558,0.6940700808625337,0.7864025928257374,0.6178956717349738,500,1.0081903031350115,5e-05,-2.2849999999999997,SKIP
2026-09-16T08:41:19.879214+00:00,65,MEUSDT,47.0,47.0,24.0,23.0,LONG,NO EDGE,flow 0.55<0.55; reclaim 0.00<0.25; exhaustion 0.30<0.50,flow 0.55<0.55; reclaim 0.00<0.25; exhaustion 0.30<0.50,location 0.00<0.60; flow 0.45<0.55; exhaustion 0.00<0.50,MONITOR LONG,LONG,51.2,exhaustion 0.30<0.50; flow 0.55<0.55; structure 0.00<0.15,1.0,0.3,0.5495468930394575,0.0,NONE,NO SETUP,0.0,0.0,0.45,1.0,0.0,1.0,0.3,0.55,0.0,0.0,0.0,0.0,0.45,1.0,0.0,0.0597,0.0,1.5523602097964244,0.4878416173593211,1.1472561751705275,0.7878869886328006,500,1.1179395242335757,5e-05,-8.576,SKIP
2026-09-16T08:41:19.879214+00:00,66,ZHIPUHKDUSDT,47.0,30.5,47.0,23.0,SHORT,NO EDGE,flow 0.45<0.55; rejection 0.00<0.25; exhaustion 0.18<0.50,location 0.00<0.60; exhaustion 0.00<0.50; expansion 0.30<0.40,flow 0.45<0.55; rejection 0.00<0.25; exhaustion 0.18<0.50,MONITOR SHORT,SHORT,45.7,exhaustion 0.18<0.50; flow 0.45<0.55; structure 0.00<0.15,1.0,0.18260318609703122,0.44529375667843873,0.0,NONE,NO SETUP,1.0,0.183,0.445,0.0,0.297,0.0,0.0,0.555,1.0,0.297,1.0,0.183,0.445,0.0,0.297,721.71,1.0,0.9925374832207113,0.4097865016977534,1.163785336246171,0.47678676979495016,500,0.9435940888135718,0.0,6.353000000000001,SKIP
2026-09-16T08:41:19.879214+00:00,67,UAIUSDT,46.9,20.1,46.9,23.1,SHORT,NO EDGE,rejection 0.12<0.25; exhaustion 0.22<0.50; expansion 0.00<0.40,location 0.00<0.60; flow 0.26<0.55; exhaustion 0.00<0.50,rejection 0.12<0.25; exhaustion 0.22<0.50; expansion 0.00<0.40,MONITOR SHORT,SHORT,52.3,exhaustion 0.22<0.50; structure 0.12<0.15,0.8593432025856904,0.22356910899127255,0.742677545592359,0.11656677197437217,NONE,NO SETUP,0.859,0.224,0.743,0.117,0.0,0.0,0.0,0.257,1.0,0.0,0.859,0.224,0.743,0.117,0.0,0.33721,0.9465504169825624,8.113132068059379,0.291042131764779,0.5102548225190087,0.7429657761330456,500,1.5881237545594329,5e-05,-17.046,SKIP
2026-09-16T08:41:19.879214+00:00,68,AXTIUSDT,46.7,32.4,46.7,23.3,SHORT,NO EDGE,flow 0.29<0.55; rejection 0.02<0.25; exhaustion 0.38<0.50,location 0.00<0.60; exhaustion 0.00<0.50; expansion 0.21<0.40,flow 0.29<0.55; rejection 0.02<0.25; exhaustion 0.38<0.50,MONITOR SHORT,SHORT,46.9,exhaustion 0.38<0.50; flow 0.29<0.55; structure 0.02<0.15,0.9925451021321025,0.3783008586988614,0.29022131391450356,0.022544283413844103,NONE,NO SETUP,0.993,0.378,0.29,0.023,0.211,0.0,0.0,0.71,1.0,0.211,0.993,0.378,0.29,0.023,0.211,59.03,0.9971671388101989,0.9223776846983351,0.010322326341948617,1.788952081704893,0.7311533960890859,500,1.006543509397562,0.000789,2.093,SKIP
2026-09-16T08:41:19.879214+00:00,69,ZHIPUUSDT,46.5,30.0,46.5,23.5,SHORT,NO EDGE,flow 0.46<0.55; rejection 0.00<0.25; exhaustion 0.15<0.50,location 0.00<0.60; flow 0.54<0.55; exhaustion 0.00<0.50,flow 0.46<0.55; rejection 0.00<0.25; exhaustion 0.15<0.50,MONITOR SHORT,SHORT,45.4,exhaustion 0.15<0.50; flow 0.46<0.55; structure 0.00<0.15,1.0,0.15372340425531972,0.4614422372966608,0.0,NONE,NO SETUP,1.0,0.154,0.461,0.0,0.283,0.0,0.0,0.539,1.0,0.283,1.0,0.154,0.461,0.0,0.283,91.97,1.0,1.1151862122431957,0.473489077641317,1.1128283282413507,0.7696481845263011,500,0.8196630100682829,0.0,5.907,SKIP
2026-09-16T08:41:19.879214+00:00,70,BGBUSDT,46.2,7.8,46.2,23.8,SHORT,NO EDGE,location 0.27<0.60; exhaustion 0.17<0.50,location 0.00<0.60; flow 0.05<0.55; reclaim 0.00<0.25,location 0.27<0.60; exhaustion 0.17<0.50,MONITOR SHORT,SHORT,47.9,location 0.27<0.65; exhaustion 0.17<0.50,0.2730444896772313,0.16935483870967624,0.9498263172199144,0.5882654368434523,NONE,NO SETUP,0.273,0.169,0.95,0.588,0.453,0.0,0.0,0.05,0.0,0.453,0.273,0.169,0.95,0.588,0.453,1.898,0.7237569060773479,0.4777572948875199,1.9046898492306998,0.2873129112378875,0.6970586614706862,500,1.0863198458574181,6.5e-05,-1.5610000000000002,SKIP
2026-09-16T08:41:19.879214+00:00,71,BEAMUSDT,46.1,46.1,24.9,23.9,LONG,NO EDGE,flow 0.50<0.55; reclaim 0.00<0.25; exhaustion 0.30<0.50,flow 0.50<0.55; reclaim 0.00<0.25; exhaustion 0.30<0.50,location 0.00<0.60; flow 0.50<0.55; exhaustion 0.00<0.50,MONITOR LONG,LONG,50.1,exhaustion 0.30<0.50; flow 0.50<0.55; structure 0.00<0.15,1.0,0.3,0.5035697845264032,0.0,NONE,NO SETUP,0.0,0.0,0.496,1.0,0.0,1.0,0.3,0.504,0.0,0.0,0.0,0.0,0.496,1.0,0.0,0.001513,0.0,1.8970431065194182,0.06731594383416534,1.0099466870073357,0.8018948148419671,500,1.0627983988894527,5e-05,-7.8,SKIP
2026-09-16T08:41:19.879214+00:00,72,CAKEUSDT,46.0,46.0,13.1,24.0,LONG,NO EDGE,location 0.41<0.60; exhaustion 0.00<0.50; expansion 0.19<0.40,location 0.41<0.60; exhaustion 0.00<0.50; expansion 0.19<0.40,location 0.00<0.60; flow 0.21<0.55; rejection 0.15<0.25,MONITOR LONG,LONG,52.0,location 0.41<0.65; exhaustion 0.00<0.50,0.4078022059367819,0.0,0.7916990202648639,1.0,NONE,NO SETUP,0.0,0.193,0.208,0.147,0.193,0.408,0.0,0.792,1.0,0.193,0.0,0.193,0.208,0.147,0.193,2.1613,0.22503516174402288,0.8179163235899537,0.13314883685739062,2.245125482574553,0.40334452237418483,500,1.109183153496312,5e-05,-5.364,SKIP
2026-09-16T08:41:19.879214+00:00,73,HBARUSDT,46.0,46.0,25.2,24.0,LONG,NO EDGE,flow 0.51<0.55; reclaim 0.00<0.25; exhaustion 0.18<0.50,flow 0.51<0.55; reclaim 0.00<0.25; exhaustion 0.18<0.50,location 0.00<0.60; flow 0.49<0.55; exhaustion 0.00<0.50,MONITOR LONG,LONG,47.3,exhaustion 0.18<0.50; flow 0.51<0.55; structure 0.00<0.15,1.0,0.18049450549450638,0.5110254634661465,0.0,NONE,NO SETUP,0.0,0.0,0.489,0.885,0.143,1.0,0.18,0.511,0.0,0.143,0.0,0.0,0.489,0.885,0.143,0.07388,0.0,0.8565310492505337,0.2014613745332939,1.0310411074378611,0.8209360355314003,500,0.9630160319474874,0.0001,-3.626,SKIP
2026-09-16T08:41:19.879214+00:00,74,ORDIUSDT,46.0,21.8,46.0,24.0,SHORT,NO EDGE,exhaustion 0.23<0.50; expansion 0.15<0.40,location 0.00<0.60; flow 0.38<0.55; exhaustion 0.00<0.50,exhaustion 0.23<0.50; expansion 0.15<0.40,MONITOR SHORT,SHORT,49.7,exhaustion 0.23<0.50,0.7338852749852228,0.23269230769230873,0.6239004603403746,0.31111111111110223,NONE,NO SETUP,0.734,0.233,0.624,0.311,0.148,0.0,0.0,0.376,0.807,0.148,0.734,0.233,0.624,0.311,0.148,3.839,0.8988764044943847,1.3677811550151984,1.5377895317766161,0.7092657357887805,0.6702890427197767,500,1.3522817495810193,5e-05,-5.976,SKIP
2026-09-16T08:41:19.879214+00:00,75,HANMIUSDT,45.8,21.2,45.8,24.2,SHORT,NO EDGE,flow 0.53<0.55; rejection 0.00<0.25; exhaustion 0.23<0.50,location 0.00<0.60; flow 0.47<0.55; exhaustion 0.00<0.50,flow 0.53<0.55; rejection 0.00<0.25; exhaustion 0.23<0.50,MONITOR SHORT,SHORT,48.9,exhaustion 0.23<0.50; flow 0.53<0.55; structure 0.00<0.15,1.0,0.22667204485387377,0.5300715535869327,0.0,NONE,NO SETUP,1.0,0.227,0.53,0.0,0.046,0.0,0.0,0.47,0.739,0.046,1.0,0.227,0.53,0.0,0.046,164.84,1.0,0.9099593594663271,0.10919255471313584,0.9200051139296102,0.7692711566033383,500,0.9585914130912393,-0.001753,1.365,SKIP
2026-09-16T08:41:19.879214+00:00,76,PAXGUSDT,45.7,18.8,45.7,24.3,SHORT,NO EDGE,flow 0.30<0.55; exhaustion 0.15<0.50; expansion 0.20<0.40,location 0.00<0.60; reclaim 0.12<0.25; exhaustion 0.00<0.50,flow 0.30<0.55; exhaustion 0.15<0.50; expansion 0.20<0.40,MONITOR SHORT,SHORT,46.6,exhaustion 0.15<0.50; flow 0.30<0.55,0.9385398981324452,0.1499150322323489,0.3049097385994197,0.3554565701558908,NONE,NO SETUP,0.939,0.15,0.305,0.355,0.205,0.0,0.0,0.695,0.125,0.205,0.939,0.15,0.305,0.355,0.205,4327.46,0.9766451612903292,0.07366594903891754,0.06422783904749176,1.7175606519448003,0.8036153931803957,500,1.0087636498241719,-3e-06,1.286,SKIP
2026-09-16T08:41:19.879214+00:00,77,CAPUSDT,45.2,45.2,22.9,24.8,LONG,NO EDGE,reclaim 0.00<0.25; exhaustion 0.15<0.50; expansion 0.00<0.40,reclaim 0.00<0.25; exhaustion 0.15<0.50; expansion 0.00<0.40,location 0.00<0.60; flow 0.40<0.55; exhaustion 0.00<0.50,MONITOR LONG,LONG,49.0,exhaustion 0.15<0.50; structure 0.00<0.15,1.0,0.15488505747126355,0.603681458428226,0.0,NONE,NO SETUP,0.0,0.0,0.396,1.0,0.0,1.0,0.155,0.604,0.0,0.0,0.0,0.0,0.396,1.0,0.0,0.059,0.0,1.871623565514816,0.6172168276723015,1.3330453242993527,0.8496874077973489,500,2.0277850495657592,-0.000116,-3.7359999999999998,SKIP
2026-09-16T08:41:19.879214+00:00,78,DELLUSDT,45.2,18.6,45.2,24.8,SHORT,NO EDGE,flow 0.41<0.55; exhaustion 0.10<0.50; expansion 0.24<0.40,location 0.00<0.60; reclaim 0.20<0.25; exhaustion 0.00<0.50,flow 0.41<0.55; exhaustion 0.10<0.50; expansion 0.24<0.40,MONITOR SHORT,SHORT,45.4,exhaustion 0.10<0.50; flow 0.41<0.55,0.9148049981067806,0.09774800456100588,0.4060238246906013,0.26582278481011845,NONE,NO SETUP,0.915,0.098,0.406,0.266,0.243,0.0,0.0,0.594,0.202,0.243,0.915,0.098,0.406,0.266,0.243,554.76,0.9676258992805766,0.5217899376341604,0.004497527943267803,1.2976530462495528,0.6416775702404406,500,1.1967027497822569,0.0,4.963,SKIP
2026-09-16T08:41:19.879214+00:00,79,TUTUSDT,45.2,23.3,45.2,24.8,SHORT,NO EDGE,rejection 0.05<0.25; exhaustion 0.15<0.50; expansion 0.05<0.40,location 0.00<0.60; flow 0.38<0.55; exhaustion 0.00<0.50,rejection 0.05<0.25; exhaustion 0.15<0.50; expansion 0.05<0.40,MONITOR SHORT,SHORT,48.6,exhaustion 0.15<0.50; structure 0.05<0.15,0.9378367177787011,0.1542452830188685,0.6219137354000248,0.05273069679849131,NONE,NO SETUP,0.938,0.154,0.622,0.053,0.051,0.0,0.0,0.378,1.0,0.051,0.938,0.154,0.622,0.053,0.051,0.01964,0.9763779527559064,1.8898142216527847,1.187160735168345,0.7131834148244939,0.6623450004449082,500,1.75208454905012,-0.001069,2.026,SKIP
2026-09-16T08:41:19.879214+00:00,80,RKLBUSDT,45.0,24.1,45.0,25.0,SHORT,NO EDGE,flow 0.53<0.55; rejection 0.00<0.25; exhaustion 0.24<0.50,location 0.00<0.60; flow 0.47<0.55; exhaustion 0.00<0.50,flow 0.53<0.55; rejection 0.00<0.25; exhaustion 0.24<0.50,MONITOR SHORT,SHORT,47.4,exhaustion 0.24<0.50; flow 0.53<0.55; structure 0.00<0.15,0.9373433583959937,0.2389249397256403,0.5331706543127984,0.0,NONE,NO SETUP,0.937,0.239,0.533,0.0,0.097,0.0,0.0,0.467,0.887,0.097,0.937,0.239,0.533,0.0,0.097,63.76,0.9761904761904776,0.5713833133443458,0.15340298294511096,0.9121338064628761,0.7007053993506493,500,1.1244902492466595,0.0,2.888,SKIP
2026-09-16T08:41:19.879214+00:00,81,RAVEUSDT,44.7,26.8,44.7,25.3,SHORT,NO EDGE,flow 0.41<0.55; rejection 0.00<0.25; exhaustion 0.32<0.50,location 0.00<0.60; exhaustion 0.00<0.50; expansion 0.00<0.40,flow 0.41<0.55; rejection 0.00<0.25; exhaustion 0.32<0.50,MONITOR SHORT,SHORT,48.3,exhaustion 0.32<0.50; flow 0.41<0.55; structure 0.00<0.15,1.0,0.32333893576444867,0.4099620396932917,0.0,NONE,NO SETUP,1.0,0.323,0.41,0.0,0.0,0.0,0.0,0.59,1.0,0.0,1.0,0.323,0.41,0.0,0.0,0.16942,1.0,2.5138121546961325,0.9088821221477691,1.283560983088887,0.8683021305326052,500,0.7184291378902865,5e-05,-9.459,SKIP
2026-09-16T08:41:19.879214+00:00,82,ARQQUSDT,44.1,30.5,44.1,25.9,SHORT,NO EDGE,flow 0.31<0.55; rejection 0.00<0.25; exhaustion 0.30<0.50,location 0.00<0.60; exhaustion 0.00<0.50; expansion 0.12<0.40,flow 0.31<0.55; rejection 0.00<0.25; exhaustion 0.30<0.50,MONITOR SHORT,SHORT,45.4,exhaustion 0.30<0.50; flow 0.31<0.55; structure 0.00<0.15,1.0,0.30465007903452085,0.31223426210952576,0.0,NONE,NO SETUP,1.0,0.305,0.312,0.0,0.118,0.0,0.0,0.688,1.0,0.118,1.0,0.305,0.312,0.0,0.118,18.394,1.0,0.6014818514818521,0.3119226943299701,1.6830324015785108,0.668917092261399,500,0.9320721204263249,0.0,7.775,SKIP
2026-09-16T08:41:19.879214+00:00,83,IOTAUSDT,44.0,44.0,21.1,26.0,LONG,NO EDGE,reclaim 0.00<0.25; exhaustion 0.20<0.50; expansion 0.03<0.40,reclaim 0.00<0.25; exhaustion 0.20<0.50; expansion 0.03<0.40,location 0.00<0.60; flow 0.35<0.55; exhaustion 0.00<0.50,MONITOR LONG,LONG,47.9,exhaustion 0.20<0.50; structure 0.00<0.15,0.8824188129899204,0.20097402597402728,0.6543601740575556,0.0,NONE,NO SETUP,0.0,0.0,0.346,0.913,0.031,0.882,0.201,0.654,0.0,0.031,0.0,0.0,0.346,0.913,0.031,0.03816,0.04468085106383022,1.6864094197758557,0.7499118453909088,1.5341512212115407,0.8678109868922547,500,1.5122197751785653,-0.000239,-9.809,SKIP
2026-09-16T08:41:19.879214+00:00,84,KASUSDT,43.9,10.7,43.9,26.1,SHORT,NO EDGE,exhaustion 0.06<0.50; expansion 0.11<0.40,location 0.00<0.60; flow 0.25<0.55; exhaustion 0.00<0.50,exhaustion 0.06<0.50; expansion 0.11<0.40,MONITOR SHORT,SHORT,48.2,exhaustion 0.06<0.50,0.6759139227378874,0.0570598006644526,0.7529779755038433,0.38503850385037447,NONE,NO SETUP,0.676,0.057,0.753,0.385,0.107,0.0,0.0,0.247,0.277,0.107,0.676,0.057,0.753,0.385,0.107,0.03176,0.8768472906403972,1.2367346938775514,0.44551322314933833,0.4958886458201228,0.6772064175826088,500,1.156932075632394,1.1e-05,-6.008,SKIP
2026-09-16T08:41:19.879214+00:00,85,MOCAUSDT,43.8,43.8,27.2,26.2,LONG,NO EDGE,flow 0.39<0.55; reclaim 0.00<0.25; exhaustion 0.30<0.50,flow 0.39<0.55; reclaim 0.00<0.25; exhaustion 0.30<0.50,location 0.00<0.60; exhaustion 0.00<0.50; expansion 0.00<0.40,MONITOR LONG,LONG,47.3,exhaustion 0.30<0.50; flow 0.39<0.55; structure 0.00<0.15,1.0,0.3,0.39041939096710376,0.0,NONE,NO SETUP,0.0,0.0,0.61,1.0,0.0,1.0,0.3,0.39,0.0,0.0,0.0,0.0,0.61,1.0,0.0,0.008737,0.0,1.9304805209208002,0.45728190096490745,0.7379922463181884,0.7685305840548601,500,0.8872714408643808,5e-05,-9.442,SKIP
2026-09-16T08:41:19.879214+00:00,86,BUSDT,43.7,43.7,25.1,26.3,LONG,NO EDGE,flow 0.50<0.55; reclaim 0.00<0.25; exhaustion 0.19<0.50,flow 0.50<0.55; reclaim 0.00<0.25; exhaustion 0.19<0.50,location 0.00<0.60; flow 0.50<0.55; exhaustion 0.00<0.50,MONITOR LONG,LONG,47.1,exhaustion 0.19<0.50; flow 0.50<0.55; structure 0.00<0.15,1.0,0.18812649164677867,0.49739945602641045,0.0,NONE,NO SETUP,0.0,0.0,0.503,1.0,0.0,1.0,0.188,0.497,0.0,0.0,0.0,0.0,0.503,1.0,0.0,0.1995,0.0,3.4148677521550153,0.4842404973046737,0.9928156925182638,0.7341759833328341,500,1.5249043507833575,5e-05,-8.149000000000001,SKIP
2026-09-16T08:41:19.879214+00:00,87,BIRBUSDT,43.6,43.6,8.3,26.4,LONG,NO EDGE,location 0.56<0.60; exhaustion 0.23<0.50; expansion 0.00<0.40,location 0.56<0.60; exhaustion 0.23<0.50; expansion 0.00<0.40,location 0.00<0.60; flow 0.22<0.55; exhaustion 0.00<0.50,MONITOR LONG,LONG,50.8,location 0.56<0.65; exhaustion 0.23<0.50,0.5627406931964078,0.23422038980509738,0.7807474133841686,0.42601898380792613,NONE,NO SETUP,0.0,0.0,0.219,0.262,0.0,0.563,0.234,0.781,0.426,0.0,0.0,0.0,0.219,0.262,0.0,0.05885,0.166158536585365,2.604939348983332,0.979395105282981,2.177978410978571,0.858210729587749,500,1.255200063920848,5e-05,-12.125,SKIP
2026-09-16T08:41:19.879214+00:00,88,FLUXUSDT,43.4,43.4,26.3,26.6,LONG,NO EDGE,flow 0.37<0.55; reclaim 0.00<0.25; exhaustion 0.30<0.50,flow 0.37<0.55; reclaim 0.00<0.25; exhaustion 0.30<0.50,location 0.00<0.60; exhaustion 0.00<0.50; expansion 0.00<0.40,MONITOR LONG,LONG,46.7,exhaustion 0.30<0.50; flow 0.37<0.55; structure 0.00<0.15,1.0,0.3,0.3698126064725376,0.0,NONE,NO SETUP,0.0,0.0,0.63,0.912,0.0,1.0,0.3,0.37,0.0,0.0,0.0,0.0,0.63,0.912,0.0,0.05222,0.0,2.250799573560767,0.8201863716079257,0.6970095971633286,0.5634886940381613,500,1.0022339393934954,5e-05,-8.834,SKIP
2026-09-16T08:41:19.879214+00:00,89,COTIUSDT,43.3,20.8,43.3,26.7,SHORT,NO EDGE,exhaustion 0.19<0.50; expansion 0.00<0.40,location 0.00<0.60; flow 0.29<0.55; exhaustion 0.00<0.50,exhaustion 0.19<0.50; expansion 0.00<0.40,MONITOR SHORT,SHORT,49.1,exhaustion 0.19<0.50,0.7056786703601109,0.1900375939849626,0.7112514822412882,0.27122507122507133,NONE,NO SETUP,0.706,0.19,0.711,0.271,0.0,0.0,0.0,0.289,1.0,0.0,0.706,0.19,0.711,0.271,0.0,0.0166,0.8881578947368421,2.419554967325667,0.845878299359962,0.5567085212349845,0.8466290894360085,500,1.2350032667150468,-0.000147,-4.046,SKIP
2026-09-16T08:41:19.879214+00:00,90,CELOUSDT,43.2,43.2,26.9,26.8,LONG,NO EDGE,flow 0.41<0.55; reclaim 0.00<0.25; exhaustion 0.25<0.50,flow 0.41<0.55; reclaim 0.00<0.25; exhaustion 0.25<0.50,location 0.00<0.60; exhaustion 0.00<0.50; expansion 0.00<0.40,MONITOR LONG,LONG,46.4,exhaustion 0.25<0.50; flow 0.41<0.55; structure 0.00<0.15,1.0,0.24717391304347763,0.40928453355874095,0.0,NONE,NO SETUP,0.0,0.0,0.591,1.0,0.003,1.0,0.247,0.409,0.0,0.003,0.0,0.0,0.591,1.0,0.003,0.07605,0.0,2.4825237497759494,0.37201038722215957,0.777620487423489,0.7545069313002594,500,1.1955784598347077,0.0001,-7.245,SKIP
2026-09-16T08:41:19.879214+00:00,91,HUSDT,42.9,42.9,26.9,27.1,LONG,NO EDGE,flow 0.46<0.55; reclaim 0.24<0.25; exhaustion 0.30<0.50,flow 0.46<0.55; reclaim 0.24<0.25; exhaustion 0.30<0.50,location 0.00<0.60; flow 0.54<0.55; exhaustion 0.00<0.50,MONITOR LONG,LONG,46.8,exhaustion 0.30<0.50; flow 0.46<0.55,0.7648761077952617,0.3,0.4611710708133253,0.24206151288445538,NONE,NO SETUP,0.0,0.0,0.539,1.0,0.076,0.765,0.3,0.461,0.242,0.076,0.0,0.0,0.539,1.0,0.076,0.08945,0.08934707903780054,3.598800997971748,0.3590711568786557,0.8979358487407696,0.7411188325844025,500,0.691421669991668,5e-05,10.76,SKIP
2026-09-16T08:41:19.879214+00:00,92,LSKUSDT,42.9,42.9,30.1,27.1,LONG,NO EDGE,flow 0.43<0.55; reclaim 0.00<0.25; exhaustion 0.10<0.50,flow 0.43<0.55; reclaim 0.00<0.25; exhaustion 0.10<0.50,location 0.00<0.60; exhaustion 0.00<0.50; expansion 0.25<0.40,MONITOR LONG,LONG,41.8,exhaustion 0.10<0.50; flow 0.43<0.55; structure 0.00<0.15,0.9505085671376885,0.09662242325374465,0.43495271178921546,0.0,NONE,NO SETUP,0.0,0.0,0.565,1.0,0.253,0.951,0.097,0.435,0.0,0.253,0.0,0.0,0.565,1.0,0.253,0.5051,0.018806744487678356,111.60213958227203,1.9212355748353551,0.8349784375939364,0.9222003040668827,500,0.7944854272697813,-0.001062,21.623,SKIP
2026-09-16T08:41:19.879214+00:00,93,BNBUSDT,42.8,33.2,42.8,27.2,SHORT,NO EDGE,flow 0.24<0.55; rejection 0.05<0.25; exhaustion 0.30<0.50,location 0.00<0.60; exhaustion 0.00<0.50; expansion 0.19<0.40,flow 0.24<0.55; rejection 0.05<0.25; exhaustion 0.30<0.50,MONITOR SHORT,SHORT,42.9,exhaustion 0.30<0.50; flow 0.24<0.55; structure 0.05<0.15,0.9437525110486196,0.304310200479228,0.2356625643178374,0.05459229858644422,NONE,NO SETUP,0.944,0.304,0.236,0.055,0.191,0.0,0.0,0.764,1.0,0.191,0.944,0.304,0.236,0.055,0.191,705.51,0.9786259541984754,0.4700307527954398,0.43186930568645937,2.0811049799969275,0.7385965601294369,500,0.8537715139825471,1.7e-05,-1.385,SKIP
2026-09-16T08:41:19.879214+00:00,94,CRCLUSDT,42.7,42.7,13.6,27.3,LONG,NO EDGE,location 0.35<0.60; exhaustion 0.00<0.50; expansion 0.24<0.40,location 0.35<0.60; exhaustion 0.00<0.50; expansion 0.24<0.40,location 0.00<0.60; flow 0.23<0.55; rejection 0.11<0.25,MONITOR LONG,LONG,47.4,location 0.35<0.65; exhaustion 0.00<0.50,0.35409605423035156,0.0,0.772881320830141,0.8703969392635144,NONE,NO SETUP,0.0,0.196,0.227,0.107,0.237,0.354,0.0,0.773,0.87,0.237,0.0,0.196,0.227,0.107,0.237,85.04,0.2454434993924664,0.5454175535244794,0.021489166293484498,2.1309921569266077,0.5524494217796792,500,0.8257736211438004,0.0,-7.866,SKIP
2026-09-16T08:41:19.879214+00:00,95,ORCLUSDT,42.7,11.3,42.7,27.3,SHORT,NO EDGE,flow 0.51<0.55; exhaustion 0.10<0.50; expansion 0.08<0.40,location 0.00<0.60; flow 0.49<0.55; reclaim 0.03<0.25,flow 0.51<0.55; exhaustion 0.10<0.50; expansion 0.08<0.40,MONITOR SHORT,SHORT,47.9,location 0.65<0.65; exhaustion 0.10<0.50; flow 0.51<0.55,0.6458825163171752,0.10489864864864575,0.5092144364389424,0.6606523247744663,NONE,NO SETUP,0.646,0.105,0.509,0.661,0.076,0.0,0.0,0.491,0.026,0.076,0.646,0.105,0.509,0.661,0.076,140.97,0.8654353562005266,0.6863277417388266,0.17124154023619453,0.9747757420906104,0.55503469098379,500,0.7397511872664815,0.0,-1.3639999999999999,SKIP
2026-09-16T08:41:19.879214+00:00,96,MINIMAXUSDT,42.6,30.3,42.6,27.4,SHORT,NO EDGE,flow 0.41<0.55; rejection 0.00<0.25; exhaustion 0.22<0.50,location 0.00<0.60; exhaustion 0.00<0.50; expansion 0.23<0.40,flow 0.41<0.55; rejection 0.00<0.25; exhaustion 0.22<0.50,MONITOR SHORT,SHORT,42.2,exhaustion 0.22<0.50; flow 0.41<0.55; structure 0.00<0.15,0.8871028439331173,0.21708846325916553,0.4076724241432337,0.0,NONE,NO SETUP,0.887,0.217,0.408,0.0,0.23,0.0,0.0,0.592,1.0,0.23,0.887,0.217,0.408,0.0,0.23,30.319,0.9570990806945846,1.148684870389264,0.002851245560424711,1.2917351545025302,0.6568648193601518,500,0.8870551294297903,0.0,1.595,SKIP
2026-09-16T08:41:19.879214+00:00,97,LAUSDT,42.4,42.4,11.0,27.6,LONG,NO EDGE,exhaustion 0.12<0.50; expansion 0.18<0.40,exhaustion 0.12<0.50; expansion 0.18<0.40,location 0.00<0.60; flow 0.42<0.55; rejection 0.00<0.25,MONITOR LONG,LONG,45.1,exhaustion 0.12<0.50,0.6657941478919337,0.12368238557559169,0.583832184340961,0.37353524427618495,NONE,NO SETUP,0.0,0.0,0.416,0.0,0.18,0.666,0.124,0.584,0.374,0.18,0.0,0.0,0.416,0.0,0.18,0.06418,0.12699822380106518,2.090068500892994,0.8387569008886194,1.2616648632960914,0.6410969088815284,500,1.092367093852838,-0.000595,-4.3229999999999995,SKIP
2026-09-16T08:41:19.879214+00:00,98,ACEUSDT,42.3,28.8,42.3,27.7,SHORT,NO EDGE,flow 0.31<0.55; rejection 0.00<0.25; exhaustion 0.31<0.50,location 0.00<0.60; exhaustion 0.00<0.50; expansion 0.00<0.40,flow 0.31<0.55; rejection 0.00<0.25; exhaustion 0.31<0.50,MONITOR SHORT,SHORT,45.4,exhaustion 0.31<0.50; flow 0.31<0.55; structure 0.00<0.15,1.0,0.30540679620488836,0.31046397620092137,0.0,NONE,NO SETUP,1.0,0.305,0.31,0.0,0.0,0.0,0.0,0.69,1.0,0.0,1.0,0.305,0.31,0.0,0.0,0.152,1.0,1.5263687048715795,0.4657654477423939,1.691313493322411,0.7753504532874286,500,1.5266961902267322,-0.001247,-7.9350000000000005,SKIP
2026-09-16T08:41:19.879214+00:00,99,ARKUSDT,42.3,42.3,21.6,27.7,LONG,NO EDGE,reclaim 0.00<0.25; exhaustion 0.03<0.50; expansion 0.00<0.40,reclaim 0.00<0.25; exhaustion 0.03<0.50; expansion 0.00<0.40,location 0.00<0.60; flow 0.41<0.55; exhaustion 0.00<0.50,MONITOR LONG,LONG,45.4,exhaustion 0.03<0.50; structure 0.00<0.15,1.0,0.031015779092702256,0.5861449411055055,0.0,NONE,NO SETUP,0.0,0.0,0.414,0.89,0.0,1.0,0.031,0.586,0.0,0.0,0.0,0.0,0.414,0.89,0.0,0.1439,0.0,19.080996884735203,0.07916016816142732,1.2697810603541728,0.6538952066950349,500,1.4979871144755799,-7.8e-05,-2.308,SKIP
2026-09-16T08:41:19.879214+00:00,100,PUNDIXUSDT,42.3,42.3,17.2,27.7,LONG,NO EDGE,reclaim 0.00<0.25; exhaustion 0.10<0.50; expansion 0.00<0.40,reclaim 0.00<0.25; exhaustion 0.10<0.50; expansion 0.00<0.40,location 0.00<0.60; flow 0.11<0.55; exhaustion 0.00<0.50,MONITOR LONG,LONG,47.3,exhaustion 0.10<0.50; structure 0.00<0.15,0.7485752598055653,0.10353773584905648,0.8901231982203803,0.0,NONE,NO SETUP,0.0,0.0,0.11,1.0,0.0,0.749,0.104,0.89,0.0,0.0,0.0,0.0,0.11,1.0,0.0,0.12419,0.0955414012738852,10.186387799097524,0.3607303267382968,2.949545762463799,0.46489744099568137,500,0.5139312788355263,-0.002235,4.952,SKIP
2026-09-16T08:41:19.879214+00:00,101,MARAUSDT,42.2,15.6,42.2,27.8,SHORT,NO EDGE,flow 0.50<0.55; exhaustion 0.01<0.50; expansion 0.00<0.40,location 0.00<0.60; flow 0.50<0.55; exhaustion 0.00<0.50,flow 0.50<0.55; exhaustion 0.01<0.50; expansion 0.00<0.40,MONITOR SHORT,SHORT,46.3,exhaustion 0.01<0.50; flow 0.50<0.55,0.9110953058321445,0.012945694362210413,0.5024718699575375,0.302222222222244,NONE,NO SETUP,0.911,0.013,0.502,0.302,0.0,0.0,0.0,0.498,0.373,0.0,0.911,0.013,0.502,0.302,0.0,11.188,0.9662162162162149,0.3134665217754746,0.21045782201571825,0.9931699527587811,0.8965816156803186,500,0.9792474265640466,0.0,-0.868,SKIP
2026-09-16T08:41:19.879214+00:00,102,NAORISUSDT,42.2,42.2,23.4,27.8,LONG,NO EDGE,flow 0.53<0.55; reclaim 0.00<0.25; exhaustion 0.05<0.50,flow 0.53<0.55; reclaim 0.00<0.25; exhaustion 0.05<0.50,location 0.00<0.60; flow 0.47<0.55; exhaustion 0.00<0.50,MONITOR LONG,LONG,44.3,exhaustion 0.05<0.50; flow 0.53<0.55; structure 0.00<0.15,1.0,0.045425690814040465,0.5269699085889863,0.0,NONE,NO SETUP,0.0,0.0,0.473,0.875,0.051,1.0,0.045,0.527,0.0,0.051,0.0,0.0,0.473,0.875,0.051,0.0316,0.0,5.976676384839648,0.008264615559791444,1.077643232325342,0.7564017727071249,500,1.4615468257936648,5e-05,-16.645,SKIP
2026-09-16T08:41:19.879214+00:00,103,OPUSDT,42.2,42.2,11.6,27.8,LONG,NO EDGE,exhaustion 0.05<0.50; expansion 0.17<0.40,exhaustion 0.05<0.50; expansion 0.17<0.40,location 0.00<0.60; flow 0.37<0.55; rejection 0.11<0.25,MONITOR LONG,LONG,45.2,location 0.65<0.65; exhaustion 0.05<0.50,0.6457489878542512,0.05162337662337641,0.6295730314029169,0.44181459566074693,NONE,NO SETUP,0.0,0.0,0.37,0.11,0.169,0.646,0.052,0.63,0.442,0.169,0.0,0.0,0.37,0.11,0.169,0.0917,0.13461538461538455,1.2587516758528225,0.3337813668737923,1.4322587242445886,0.920492703286049,500,1.1419647824828116,0.0001,-7.5600000000000005,SKIP
2026-09-16T08:41:19.879214+00:00,104,TUSDT,42.1,42.1,20.5,27.9,LONG,NO EDGE,flow 0.54<0.55; reclaim 0.02<0.25; exhaustion 0.08<0.50,flow 0.54<0.55; reclaim 0.02<0.25; exhaustion 0.08<0.50,location 0.00<0.60; flow 0.46<0.55; exhaustion 0.00<0.50,MONITOR LONG,LONG,44.0,exhaustion 0.08<0.50; flow 0.54<0.55; structure 0.02<0.15,0.9361611576110084,0.0768987341772145,0.5418684184789441,0.02393162393162707,NONE,NO SETUP,0.0,0.0,0.458,0.67,0.085,0.936,0.077,0.542,0.024,0.085,0.0,0.0,0.458,0.67,0.085,0.004399,0.024258760107816826,1.2890857407285006,0.6087781469997713,1.1230901009345224,0.7130139382703967,500,0.9507484778859917,-0.000299,-6.325,SKIP
2026-09-16T08:41:19.879214+00:00,105,EGLDUSDT,41.8,29.2,41.8,28.2,SHORT,NO EDGE,flow 0.29<0.55; rejection 0.00<0.25; exhaustion 0.30<0.50,location 0.00<0.60; exhaustion 0.00<0.50; expansion 0.00<0.40,flow 0.29<0.55; rejection 0.00<0.25; exhaustion 0.30<0.50,MONITOR SHORT,SHORT,44.7,exhaustion 0.30<0.50; flow 0.29<0.55; structure 0.00<0.15,1.0,0.3,0.2888693256338456,0.0,NONE,NO SETUP,1.0,0.3,0.289,0.0,0.0,0.0,0.0,0.711,1.0,0.0,1.0,0.3,0.289,0.0,0.0,3.794,1.0,1.564236678653153,0.3433095906516608,1.7956705662056236,0.6636031061540721,500,0.8637519034641997,-0.00019,-9.148,SKIP
2026-09-16T08:41:19.879214+00:00,106,COINUSDT,41.6,41.6,19.1,28.4,LONG,NO EDGE,location 0.49<0.60; flow 0.45<0.55; exhaustion 0.00<0.50,location 0.49<0.60; flow 0.45<0.55; exhaustion 0.00<0.50,location 0.00<0.60; flow 0.55<0.55; rejection 0.00<0.25,MONITOR LONG,LONG,43.7,location 0.49<0.65; exhaustion 0.00<0.50; flow 0.45<0.55,0.4853565365025474,0.0,0.4538093622870317,0.8884781269254528,NONE,NO SETUP,0.0,0.176,0.546,0.0,0.311,0.485,0.0,0.454,0.888,0.311,0.0,0.176,0.546,0.0,0.311,171.31,0.195564516129032,0.43974801869538455,0.011333078676357125,0.8797938668225043,0.7785847403881507,500,0.8943779676270952,0.0,-6.4079999999999995,SKIP
2026-09-16T08:41:19.879214+00:00,107,FIGHTUSDT,41.5,21.7,41.5,28.5,SHORT,NO EDGE,location 0.48<0.60; flow 0.47<0.55; exhaustion 0.00<0.50,location 0.00<0.60; flow 0.53<0.55; exhaustion 0.00<0.50,location 0.48<0.60; flow 0.47<0.55; exhaustion 0.00<0.50,MONITOR SHORT,SHORT,43.2,location 0.48<0.65; exhaustion 0.00<0.50; flow 0.47<0.55,0.4835218888342342,0.0,0.46836118898351087,0.8509406657018843,NONE,NO SETUP,0.484,0.0,0.468,0.851,0.321,0.0,0.0,0.532,0.419,0.321,0.484,0.0,0.468,0.851,0.321,0.003197,0.803738317757009,1.331098782555091,2.1689024817145777,1.0916839480945149,0.7374637042577197,500,2.363732230693799,5e-05,-7.359999999999999,SKIP
2026-09-16T08:41:19.879214+00:00,108,FWDIUSDT,41.5,41.5,10.3,28.5,LONG,NO EDGE,exhaustion 0.00<0.50; expansion 0.06<0.40,exhaustion 0.00<0.50; expansion 0.06<0.40,location 0.00<0.60; flow 0.32<0.55; rejection 0.20<0.25,MONITOR LONG,LONG,45.6,exhaustion 0.00<0.50,0.7436284120042208,0.0,0.6822890235525301,0.3098958333333383,NONE,NO SETUP,0.0,0.0,0.318,0.201,0.063,0.744,0.0,0.682,0.31,0.063,0.0,0.0,0.318,0.201,0.063,6.063,0.09742120343839608,0.5575762855836063,0.7574646272020483,1.657669152879028,0.6354812155435837,500,214.36190367982277,0.0,-10.337,SKIP
2026-09-16T08:41:19.879214+00:00,109,CVCUSDT,41.4,41.4,26.5,28.6,LONG,NO EDGE,flow 0.10<0.55; reclaim 0.00<0.25; exhaustion 0.30<0.50,flow 0.10<0.55; reclaim 0.00<0.25; exhaustion 0.30<0.50,location 0.00<0.60; exhaustion 0.00<0.50; expansion 0.22<0.40,MONITOR LONG,LONG,40.1,exhaustion 0.30<0.50; flow 0.10<0.55; structure 0.00<0.15,1.0,0.3,0.10307548758698842,0.0,NONE,NO SETUP,0.0,0.0,0.897,0.347,0.222,1.0,0.3,0.103,0.0,0.222,0.0,0.0,0.897,0.347,0.222,0.02733,0.0,15.254034668260605,0.15793992409864344,0.33270188616843677,0.8200472189362737,500,0.9384304244772722,-0.004288,-13.211,SKIP
2026-09-16T08:41:19.879214+00:00,110,SQDUSDT,41.4,25.2,41.4,28.6,SHORT,NO EDGE,flow 0.26<0.55; exhaustion 0.30<0.50; expansion 0.12<0.40,location 0.00<0.60; exhaustion 0.00<0.50; expansion 0.12<0.40,flow 0.26<0.55; exhaustion 0.30<0.50; expansion 0.12<0.40,MONITOR SHORT,SHORT,44.0,exhaustion 0.30<0.50; flow 0.26<0.55,0.7863247863247835,0.3029962701027568,0.2581251963894048,0.31780167264038667,NONE,NO SETUP,0.786,0.303,0.258,0.318,0.123,0.0,0.0,0.742,0.569,0.123,0.786,0.303,0.258,0.318,0.123,0.02769,0.9188034188034178,1.1972707376732612,0.7647359570855968,1.9554480576649245,0.6887933467290944,500,1.881333807944902,5e-05,-11.022,SKIP
2026-09-16T08:41:19.879214+00:00,111,BEATUSDT,41.3,30.6,41.3,28.7,SHORT,NO EDGE,flow 0.34<0.55; exhaustion 0.12<0.50,location 0.00<0.60; exhaustion 0.00<0.50,flow 0.34<0.55; exhaustion 0.12<0.50,MONITOR SHORT,SHORT,37.9,exhaustion 0.12<0.50; flow 0.34<0.55,0.7001998667554971,0.11818181818181812,0.3413324391103757,0.270967741935483,NONE,NO SETUP,0.7,0.118,0.341,0.271,0.468,0.0,0.0,0.659,0.692,0.468,0.7,0.118,0.341,0.271,0.468,0.083,0.8860759493670889,2.553962761575221,2.701446239744722,1.552582835975219,0.8504948342985585,500,1.3603425872778157,5e-05,-0.955,SKIP
2026-09-16T08:41:19.879214+00:00,112,WLDUSDT,41.2,28.8,41.2,28.8,SHORT,NO EDGE,flow 0.39<0.55; rejection 0.00<0.25; exhaustion 0.05<0.50,location 0.00<0.60; exhaustion 0.00<0.50; expansion 0.16<0.40,flow 0.39<0.55; rejection 0.00<0.25; exhaustion 0.05<0.50,MONITOR SHORT,SHORT,41.0,exhaustion 0.05<0.50; flow 0.39<0.55; structure 0.00<0.15,1.0,0.054059712183499496,0.3859469644193836,0.0,NONE,NO SETUP,1.0,0.054,0.386,0.0,0.163,0.0,0.0,0.614,0.942,0.163,1.0,0.054,0.386,0.0,0.163,0.3598,1.0,1.1701975379330103,0.3044761651895546,1.3719350111125543,0.7198917222611291,500,1.2671174170829873,0.0001,-3.5389999999999997,SKIP
2026-09-16T08:41:19.879214+00:00,113,LABUSDT,41.0,27.0,41.0,29.0,SHORT,NO EDGE,flow 0.34<0.55; exhaustion 0.16<0.50; expansion 0.19<0.40,location 0.00<0.60; exhaustion 0.00<0.50; expansion 0.19<0.40,flow 0.34<0.55; exhaustion 0.16<0.50; expansion 0.19<0.40,MONITOR SHORT,SHORT,42.3,exhaustion 0.16<0.50; flow 0.34<0.55,0.7763157894736852,0.15732323232323206,0.33642449940994856,0.3333333333333317,NONE,NO SETUP,0.776,0.157,0.336,0.333,0.187,0.0,0.0,0.664,0.725,0.187,0.776,0.157,0.336,0.333,0.187,0.0485,0.9150000000000004,5.000000000000004,1.6798449812281158,1.5738543144307893,0.7644811201358119,500,2.5127499597235268,5e-05,-2.218,SKIP
2026-09-16T08:41:19.879214+00:00,114,POWERUSDT,40.8,40.8,32.3,29.2,LONG,NO EDGE,flow 0.11<0.55; reclaim 0.00<0.25; exhaustion 0.35<0.50,flow 0.11<0.55; reclaim 0.00<0.25; exhaustion 0.35<0.50,location 0.00<0.60; exhaustion 0.00<0.50; expansion 0.10<0.40,MONITOR LONG,LONG,41.7,exhaustion 0.35<0.50; flow 0.11<0.55; structure 0.00<0.15,1.0,0.3547355276103833,0.11137975564504199,0.0,NONE,NO SETUP,0.0,0.0,0.889,0.872,0.096,1.0,0.355,0.111,0.0,0.096,0.0,0.0,0.889,0.872,0.096,0.1352,0.0,4.909960183397683,0.24748071275876204,0.3404509874155587,0.7775346755402077,500,1.3678870739472013,5e-05,-11.495,SKIP
2026-09-16T08:41:19.879214+00:00,115,ALGOUSDT,40.1,40.1,16.1,29.9,LONG,NO EDGE,flow 0.50<0.55; exhaustion 0.03<0.50; expansion 0.04<0.40,flow 0.50<0.55; exhaustion 0.03<0.50; expansion 0.04<0.40,location 0.00<0.60; flow 0.50<0.55; exhaustion 0.00<0.50,MONITOR LONG,LONG,45.4,location 0.63<0.65; exhaustion 0.03<0.50; flow 0.50<0.55,0.6335776149233834,0.028450043682137983,0.49859909103961625,0.6623655913978511,NONE,NO SETUP,0.0,0.0,0.501,0.361,0.043,0.634,0.028,0.499,0.662,0.043,0.0,0.0,0.501,0.361,0.043,0.0877,0.13924050632911433,1.196911196911198,0.09167630754867385,0.9961233891474235,0.9223271671845751,500,1.5030532712708449,-2.3e-05,-7.392,SKIP
2026-09-16T08:41:19.879214+00:00,116,LENOVOHKDUSDT,40.1,6.6,40.1,29.9,SHORT,NO EDGE,location 0.00<0.60; rejection 0.03<0.25,location 0.00<0.60; flow 0.00<0.55; reclaim 0.03<0.25,location 0.00<0.60; rejection 0.03<0.25,MONITOR SHORT,SHORT,42.5,location 0.00<0.65; structure 0.03<0.15,0.0,0.6772216552124009,1.0,0.02975557917109608,NONE,NO SETUP,0.0,0.677,1.0,0.03,0.409,0.0,0.0,0.0,0.03,0.409,0.0,0.677,1.0,0.03,0.409,33.495,0.49067796610169706,0.21049853031312793,0.10416954237178956,0.2241838050770387,0.6638000128411964,500,1.3925379437014684,0.0,7.318,SKIP
2026-09-16T08:41:19.879214+00:00,117,KAITOUSDT,39.6,17.6,39.6,30.4,SHORT,NO EDGE,flow 0.51<0.55; rejection 0.13<0.25; exhaustion 0.03<0.50,location 0.00<0.60; flow 0.49<0.55; exhaustion 0.00<0.50,flow 0.51<0.55; rejection 0.13<0.25; exhaustion 0.03<0.50,MONITOR SHORT,SHORT,42.4,exhaustion 0.03<0.50; flow 0.51<0.55; structure 0.13<0.15,0.8792853693867693,0.027517985611509487,0.5107518329272605,0.12820512820512794,NONE,NO SETUP,0.879,0.028,0.511,0.128,0.033,0.0,0.0,0.489,0.487,0.033,0.879,0.028,0.511,0.128,0.033,0.282,0.9541284403669723,0.8436080467229096,0.8409004520803549,0.9706295370628871,0.8908423158129652,500,1.1428163382407417,5e-05,-4.407,SKIP
2026-09-16T08:41:19.879214+00:00,118,MARSCOINUSDT,39.6,20.4,39.6,30.4,SHORT,NO EDGE,flow 0.39<0.55; exhaustion 0.24<0.50; expansion 0.00<0.40,location 0.00<0.60; exhaustion 0.00<0.50; expansion 0.00<0.40,flow 0.39<0.55; exhaustion 0.24<0.50; expansion 0.00<0.40,MONITOR SHORT,SHORT,45.2,exhaustion 0.24<0.50; flow 0.39<0.55,0.6561004784688997,0.23798836265772333,0.38635363794665734,0.49758041559920274,NONE,NO SETUP,0.656,0.238,0.386,0.498,0.0,0.0,0.0,0.614,0.541,0.0,0.656,0.238,0.386,0.498,0.0,0.09887,0.8693181818181819,4.925548918987129,0.524799705162068,1.3703889734289696,0.8582308720769279,500,0.9438588210945555,5e-05,15.949,SKIP
2026-09-16T08:41:19.879214+00:00,119,ASTRUSDT,39.3,15.4,39.3,30.7,SHORT,NO EDGE,location 0.00<0.60; exhaustion 0.00<0.50,location 0.00<0.60; flow 0.00<0.55; exhaustion 0.15<0.50,location 0.00<0.60; exhaustion 0.00<0.50,MONITOR SHORT,SHORT,39.8,location 0.00<0.65; exhaustion 0.00<0.50,0.0,0.0,1.0,0.739560277408881,NONE,NO SETUP,0.0,0.0,1.0,0.74,0.55,0.0,0.148,0.0,0.281,0.55,0.0,0.0,1.0,0.74,0.55,0.006385,0.38663484486873534,2.6232668323385275,4.067966022123805,0.18198923217828195,0.7344585703624504,500,0.9592866106811196,-0.002905,-10.159,SKIP
2026-09-16T08:41:19.879214+00:00,120,ZROUSDT,39.3,39.3,17.7,30.7,LONG,NO EDGE,location 0.00<0.60; exhaustion 0.00<0.50,location 0.00<0.60; exhaustion 0.00<0.50,location 0.08<0.60; flow 0.25<0.55; rejection 0.00<0.25,MONITOR LONG,LONG,38.7,location 0.00<0.65; exhaustion 0.00<0.50,0.0,0.0,0.7494773541893678,1.0,NONE,NO SETUP,0.079,0.052,0.251,0.0,0.621,0.0,0.0,0.749,1.0,0.621,0.079,0.052,0.251,0.0,0.621,0.9517,0.6498559077809796,1.250867694016383,6.453160471055619,1.9971039350638145,0.5516597207969101,500,0.7668815757866922,5e-05,0.518,SKIP
2026-09-16T08:41:19.879214+00:00,121,MINAUSDT,39.1,12.2,39.1,30.9,SHORT,NO EDGE,location 0.51<0.60; flow 0.39<0.55; exhaustion 0.09<0.50,location 0.00<0.60; reclaim 0.00<0.25; exhaustion 0.00<0.50,location 0.51<0.60; flow 0.39<0.55; exhaustion 0.09<0.50,MONITOR SHORT,SHORT,46.3,location 0.51<0.65; exhaustion 0.09<0.50; flow 0.39<0.55,0.506049714920121,0.09385625965996884,0.3914400982328171,0.9468599033816433,NONE,NO SETUP,0.506,0.094,0.391,0.947,0.0,0.0,0.0,0.609,0.0,0.0,0.506,0.094,0.391,0.947,0.0,0.08124,0.812298891669646,3.5891140610045364,0.7744756392518873,1.3511984769494274,0.6058633019599803,500,0.7554437625470478,-0.000899,-2.061,SKIP
2026-09-16T08:41:19.879214+00:00,122,UNITASUSDT,39.1,39.1,21.3,30.9,LONG,NO EDGE,reclaim 0.00<0.25; exhaustion 0.00<0.50; expansion 0.00<0.40,reclaim 0.00<0.25; exhaustion 0.00<0.50; expansion 0.00<0.40,location 0.00<0.60; flow 0.32<0.55; exhaustion 0.00<0.50,MONITOR LONG,LONG,42.6,exhaustion 0.00<0.50; structure 0.00<0.15,0.8488241881299003,0.0,0.6839750032053755,0.0,NONE,NO SETUP,0.0,0.0,0.316,1.0,0.0,0.849,0.0,0.684,0.0,0.0,0.0,0.0,0.316,1.0,0.0,0.3182,0.057446808510637895,5.522044783891687,0.427716303195711,1.6654361133276208,0.4782942560025703,500,0.9615023076995385,5e-05,-2.393,SKIP
2026-09-16T08:41:19.879214+00:00,123,XMRUSDT,38.2,21.9,38.2,31.8,SHORT,NO EDGE,exhaustion 0.00<0.50; expansion 0.00<0.40,location 0.00<0.60; flow 0.43<0.55; exhaustion 0.00<0.50,exhaustion 0.00<0.50; expansion 0.00<0.40,MONITOR SHORT,SHORT,42.3,exhaustion 0.00<0.50,0.7652874063481138,0.0,0.5681452042769883,0.2554991539763188,NONE,NO SETUP,0.765,0.0,0.568,0.255,0.0,0.0,0.0,0.432,0.882,0.0,0.765,0.0,0.568,0.255,0.0,504.29,0.9108092144122832,1.4547602783982905,0.9576392520640256,0.8278373137723105,0.6029589656916712,500,0.9737919284892469,0.0001,-2.724,SKIP
2026-09-16T08:41:19.879214+00:00,124,CRVUSDT,38.0,38.0,21.4,32.0,LONG,NO EDGE,flow 0.47<0.55; reclaim 0.00<0.25; exhaustion 0.27<0.50,flow 0.47<0.55; reclaim 0.00<0.25; exhaustion 0.27<0.50,location 0.00<0.60; flow 0.53<0.55; exhaustion 0.00<0.50,MONITOR LONG,LONG,38.2,exhaustion 0.27<0.50; flow 0.47<0.55; structure 0.00<0.15,0.6532716927453758,0.2741735537190081,0.4700300711040225,0.0,NONE,NO SETUP,0.0,0.0,0.53,0.491,0.231,0.653,0.274,0.47,0.0,0.231,0.0,0.0,0.53,0.491,0.231,0.3122,0.1317567567567572,1.9040511727078924,0.0986004399113236,0.9202643742881427,0.7928208447623866,500,1.0715833235132335,-3.7e-05,-10.055,SKIP
2026-09-16T08:41:19.879214+00:00,125,PUMPUSDT,38.0,11.7,38.0,32.0,SHORT,NO EDGE,location 0.55<0.60; exhaustion 0.08<0.50; expansion 0.00<0.40,location 0.00<0.60; flow 0.39<0.55; exhaustion 0.00<0.50,location 0.55<0.60; exhaustion 0.08<0.50; expansion 0.00<0.40,MONITOR SHORT,SHORT,44.0,location 0.55<0.65; exhaustion 0.08<0.50,0.5462794918330308,0.0788648072424539,0.6063054055937616,0.5238917674150833,NONE,NO SETUP,0.546,0.079,0.606,0.524,0.0,0.0,0.0,0.394,0.258,0.0,0.546,0.079,0.606,0.524,0.0,0.003478,0.8275862068965517,2.1864733204939384,0.366220023051328,0.7447243205141872,0.5044380774984956,500,1.883868223231692,5e-05,-3.576,SKIP
2026-09-16T08:41:19.879214+00:00,126,UBUSDT,37.8,37.8,27.0,32.2,LONG,NO EDGE,flow 0.44<0.55; reclaim 0.02<0.25; exhaustion 0.15<0.50,flow 0.44<0.55; reclaim 0.02<0.25; exhaustion 0.15<0.50,location 0.00<0.60; exhaustion 0.00<0.50; expansion 0.11<0.40,MONITOR LONG,LONG,39.2,exhaustion 0.15<0.50; flow 0.44<0.55; structure 0.02<0.15,0.7998107301448644,0.14742050616482827,0.443716585126633,0.023688663282570032,NONE,NO SETUP,0.0,0.0,0.556,0.948,0.112,0.8,0.147,0.444,0.024,0.112,0.0,0.0,0.556,0.948,0.112,0.12567,0.07607192254495153,2.1101867390295284,0.4515235392351734,0.8555157621534002,0.8151645158185158,500,1.869719486626108,5e-05,-4.759,SKIP
2026-09-16T08:41:19.879214+00:00,127,VELVETUSDT,37.8,34.3,37.8,32.2,SHORT,NO EDGE,flow 0.04<0.55; rejection 0.00<0.25; exhaustion 0.35<0.50,location 0.00<0.60; exhaustion 0.00<0.50; expansion 0.00<0.40,flow 0.04<0.55; rejection 0.00<0.25; exhaustion 0.35<0.50,MONITOR LONG,LONG,44.1,location 0.00<0.65; exhaustion 0.00<0.50,0.0,0.0,0.9631388570327211,1.0,NONE,NO SETUP,1.0,0.352,0.037,0.0,0.0,0.0,0.0,0.963,1.0,0.0,1.0,0.352,0.037,0.0,0.0,0.05139,1.0,2.381377551020408,0.6718478421528122,3.6113930048705196,0.5280179799963924,500,1.8521148752875511,5e-05,-2.0580000000000003,SKIP
2026-09-16T08:41:19.879214+00:00,128,ZSUSDT,37.7,37.7,22.8,32.3,LONG,NO EDGE,flow 0.11<0.55; exhaustion 0.01<0.50; expansion 0.04<0.40,flow 0.11<0.55; exhaustion 0.01<0.50; expansion 0.04<0.40,location 0.00<0.60; exhaustion 0.00<0.50; expansion 0.04<0.40,MONITOR LONG,LONG,41.2,exhaustion 0.01<0.50; flow 0.11<0.55,0.797869859286324,0.011206896551724304,0.11358731082483559,0.7088607594936683,NONE,NO SETUP,0.0,0.0,0.886,0.295,0.042,0.798,0.011,0.114,0.709,0.042,0.0,0.0,0.886,0.295,0.042,193.28,0.07680945347119689,0.40588794410049656,0.17858352335583502,0.342541156293851,0.5833665980685178,500,1.2526008059206195,0.0,2.416,SKIP
2026-09-16T08:41:19.879214+00:00,129,VTHOUSDT,37.5,37.5,20.0,32.5,LONG,NO EDGE,reclaim 0.00<0.25; exhaustion 0.08<0.50; expansion 0.02<0.40,reclaim 0.00<0.25; exhaustion 0.08<0.50; expansion 0.02<0.40,location 0.00<0.60; flow 0.23<0.55; exhaustion 0.00<0.50,MONITOR LONG,LONG,41.4,exhaustion 0.08<0.50; structure 0.00<0.15,0.673275248933144,0.07899282189322583,0.7675475707922563,0.0,NONE,NO SETUP,0.0,0.0,0.232,1.0,0.022,0.673,0.079,0.768,0.0,0.022,0.0,0.0,0.232,1.0,0.022,0.0007049,0.12415540540540528,19.35207332303198,1.0791965993083772,2.099710288680755,0.7324415748438738,500,1.100595779335619,-0.000923,-0.48,SKIP
2026-09-16T08:41:19.879214+00:00,130,XRPUSDT,37.4,37.4,13.2,32.6,LONG,NO EDGE,location 0.44<0.60; exhaustion 0.00<0.50; expansion 0.19<0.40,location 0.44<0.60; exhaustion 0.00<0.50; expansion 0.19<0.40,location 0.00<0.60; flow 0.31<0.55; rejection 0.06<0.25,MONITOR LONG,LONG,40.5,location 0.44<0.65; exhaustion 0.00<0.50,0.43824460865631015,0.0,0.693087478200465,0.5021097046413447,NONE,NO SETUP,0.0,0.166,0.307,0.059,0.19,0.438,0.0,0.693,0.502,0.19,0.0,0.166,0.307,0.059,0.19,1.279,0.21346704871060215,0.6606110652353419,0.3057728681413336,1.7080496507409475,0.8410971116136592,500,0.9162627120008796,-2e-06,-7.986,SKIP
2026-09-16T08:41:19.879214+00:00,131,PENGUUSDT,37.3,16.8,37.3,32.7,SHORT,NO EDGE,exhaustion 0.00<0.50; expansion 0.15<0.40,location 0.00<0.60; flow 0.40<0.55; exhaustion 0.00<0.50,exhaustion 0.00<0.50; expansion 0.15<0.40,MONITOR SHORT,SHORT,39.5,location 0.62<0.65; exhaustion 0.00<0.50,0.6197140249467556,0.0,0.5995160858461548,0.2972399150743121,NONE,NO SETUP,0.62,0.0,0.6,0.297,0.153,0.0,0.0,0.4,0.433,0.153,0.62,0.0,0.6,0.297,0.153,0.006755,0.8554913294797671,1.078593020060458,0.23903200453741485,0.7588757803007528,0.8811086678413836,500,1.1516535075235308,5e-05,-3.925,SKIP
2026-09-16T08:41:19.879214+00:00,132,XLMUSDT,37.1,37.1,11.7,32.9,LONG,NO EDGE,location 0.54<0.60; reclaim 0.19<0.25; exhaustion 0.00<0.50,location 0.54<0.60; reclaim 0.19<0.25; exhaustion 0.00<0.50,location 0.00<0.60; flow 0.20<0.55; exhaustion 0.00<0.50,MONITOR LONG,LONG,39.9,location 0.54<0.65; exhaustion 0.00<0.50,0.5356813085344947,0.0,0.8040049724031391,0.18845700824499956,NONE,NO SETUP,0.0,0.0,0.196,0.377,0.143,0.536,0.0,0.804,0.188,0.143,0.0,0.0,0.196,0.377,0.143,0.17382,0.17644110275689204,0.7865480822679264,0.224047087715237,2.323049490187227,0.5808668253913267,500,1.0373935384264856,-0.000182,-9.232,SKIP
2026-09-16T08:41:19.879214+00:00,133,SONICUSDT,36.9,36.9,29.9,33.1,LONG,NO EDGE,flow 0.26<0.55; reclaim 0.00<0.25; exhaustion 0.09<0.50,flow 0.26<0.55; reclaim 0.00<0.25; exhaustion 0.09<0.50,location 0.00<0.60; exhaustion 0.00<0.50; expansion 0.00<0.40,MONITOR LONG,LONG,38.6,exhaustion 0.09<0.50; flow 0.26<0.55; structure 0.00<0.15,1.0,0.08687050359712252,0.256582825948268,0.0,NONE,NO SETUP,0.0,0.0,0.743,1.0,0.0,1.0,0.087,0.257,0.0,0.0,0.0,0.0,0.743,1.0,0.0,0.02029,0.0,2.194296132308892,0.8088945806433423,0.5092095224974832,0.7036233507402405,500,1.4016682228116197,5e-05,-8.891,SKIP
2026-09-16T08:41:19.879214+00:00,134,TAOUSDT,36.7,36.7,21.9,33.3,LONG,NO EDGE,reclaim 0.00<0.25; exhaustion 0.04<0.50; expansion 0.07<0.40,reclaim 0.00<0.25; exhaustion 0.04<0.50; expansion 0.07<0.40,location 0.00<0.60; flow 0.29<0.55; exhaustion 0.00<0.50,MONITOR LONG,LONG,39.4,exhaustion 0.04<0.50; structure 0.00<0.15,0.691422231467993,0.03688642925890253,0.7077609571681935,0.0,NONE,NO SETUP,0.0,0.0,0.292,1.0,0.073,0.691,0.037,0.708,0.0,0.073,0.0,0.0,0.292,1.0,0.073,214.03,0.11725955204216264,1.3906229818745433,0.26920898349676475,1.77897203092877,0.5446361347741108,500,0.5919208714895282,5e-05,-5.535,SKIP
2026-09-16T08:41:19.879214+00:00,135,CONLUSDT,36.6,36.6,19.7,33.4,LONG,NO EDGE,location 0.53<0.60; flow 0.30<0.55; exhaustion 0.00<0.50,location 0.53<0.60; flow 0.30<0.55; exhaustion 0.00<0.50,location 0.00<0.60; rejection 0.00<0.25; exhaustion 0.25<0.50,MONITOR LONG,LONG,42.1,location 0.53<0.65; exhaustion 0.00<0.50; flow 0.30<0.55,0.5302421239599877,0.0,0.3043070340274877,0.9292337725719947,NONE,NO SETUP,0.0,0.255,0.696,0.0,0.047,0.53,0.0,0.304,0.929,0.047,0.0,0.255,0.696,0.0,0.047,4.961,0.17850799289520466,0.9088247817755999,0.01745274343272851,0.5812489604954814,0.8137843122240392,500,1.1521506147680634,0.0,-13.284,SKIP
2026-09-16T08:41:19.879214+00:00,136,BLESSUSDT,36.2,30.3,36.2,33.8,SHORT,NO EDGE,flow 0.28<0.55; rejection 0.18<0.25; exhaustion 0.19<0.50,location 0.00<0.60; exhaustion 0.00<0.50; expansion 0.05<0.40,flow 0.28<0.55; rejection 0.18<0.25; exhaustion 0.19<0.50,MONITOR SHORT,SHORT,38.6,exhaustion 0.19<0.50; flow 0.28<0.55,0.7844440452667453,0.1856100795755968,0.27603434280046857,0.17520531873289424,NONE,NO SETUP,0.784,0.186,0.276,0.175,0.054,0.0,0.0,0.724,1.0,0.054,0.784,0.186,0.276,0.175,0.054,0.008643,0.9180887372013632,2.138174398769109,1.196448054765445,1.860722131872346,0.7581521194029103,500,1.4639717782044228,5e-05,-1.762,SKIP
2026-09-16T08:41:19.879214+00:00,137,COPPERUSDT,36.0,15.1,36.0,34.0,SHORT,NO EDGE,flow 0.32<0.55; exhaustion 0.00<0.50; expansion 0.11<0.40,location 0.00<0.60; reclaim 0.00<0.25; exhaustion 0.00<0.50,flow 0.32<0.55; exhaustion 0.00<0.50; expansion 0.11<0.40,MONITOR SHORT,SHORT,37.7,exhaustion 0.00<0.50; flow 0.32<0.55,0.7636306334698943,0.0,0.32358811528090203,0.33633633633637733,NONE,NO SETUP,0.764,0.0,0.324,0.336,0.108,0.0,0.0,0.676,0.0,0.108,0.764,0.0,0.324,0.336,0.108,6.476,0.9101796407185598,0.12164116950861228,0.7142457506685912,1.6308765027500103,0.8494787406904228,500,1.6514410025798383,-1.1e-05,1.489,SKIP
2026-09-16T08:41:19.879214+00:00,138,BABAUSDT,35.8,14.7,35.8,34.2,SHORT,NO EDGE,location 0.46<0.60; rejection 0.22<0.25; exhaustion 0.21<0.50,location 0.00<0.60; flow 0.30<0.55; exhaustion 0.00<0.50,location 0.46<0.60; rejection 0.22<0.25; exhaustion 0.21<0.50,MONITOR SHORT,SHORT,40.7,location 0.46<0.65; exhaustion 0.21<0.50,0.46066579877255087,0.20502031257209102,0.6956719447761477,0.21923937360181256,NONE,NO SETUP,0.461,0.205,0.696,0.219,0.042,0.0,0.0,0.304,0.532,0.042,0.461,0.205,0.696,0.219,0.042,108.76,0.7950530035335693,0.19396495613007395,0.5381378133080941,0.5812828384926008,0.7217987789412722,500,1.263161923926595,0.0,-0.585,SKIP
2026-09-16T08:41:19.879214+00:00,139,AINUSDT,35.6,35.6,30.3,34.4,LONG,NO EDGE,flow 0.38<0.55; reclaim 0.07<0.25; exhaustion 0.00<0.50,flow 0.38<0.55; reclaim 0.07<0.25; exhaustion 0.00<0.50,location 0.00<0.60; exhaustion 0.20<0.50; expansion 0.08<0.40,MONITOR SHORT,SHORT,37.5,location 0.00<0.65; exhaustion 0.20<0.50,0.0,0.20331385717236183,0.6203012577989893,0.8435374149659872,NONE,NO SETUP,0.0,0.203,0.62,0.844,0.077,0.857,0.0,0.38,0.073,0.077,0.0,0.203,0.62,0.844,0.077,0.0254,0.054176450855417585,1.0275408919334539,0.49554887678181064,0.7163790084628102,0.7660288559775349,500,1.0315561407965879,5e-05,-84.344,SKIP
2026-09-16T08:41:19.879214+00:00,140,NEARUSDT,35.5,35.5,15.2,34.5,LONG,NO EDGE,location 0.22<0.60; exhaustion 0.00<0.50; expansion 0.16<0.40,location 0.22<0.60; exhaustion 0.00<0.50; expansion 0.16<0.40,location 0.00<0.60; flow 0.43<0.55; rejection 0.00<0.25,MONITOR LONG,LONG,41.0,location 0.22<0.65; exhaustion 0.00<0.50,0.2202071158321039,0.0,0.574189780557855,1.0,NONE,NO SETUP,0.0,0.215,0.426,0.0,0.162,0.22,0.0,0.574,1.0,0.162,0.0,0.215,0.426,0.0,0.162,2.3249,0.2963212959838005,1.2985642528506918,0.2185404665614559,1.228381868084563,0.42507031913114485,500,0.8283407457206392,-8e-06,-2.138,SKIP
2026-09-16T08:41:19.879214+00:00,141,XPTUSDT,35.4,20.0,35.4,34.6,SHORT,NO EDGE,location 0.37<0.60; flow 0.49<0.55; exhaustion 0.03<0.50,location 0.00<0.60; flow 0.51<0.55; reclaim 0.03<0.25,location 0.37<0.60; flow 0.49<0.55; exhaustion 0.03<0.50,MONITOR SHORT,SHORT,30.1,location 0.37<0.65; exhaustion 0.03<0.50; flow 0.49<0.55,0.37035168162172755,0.033374384236452136,0.4928991608260316,0.2912529550827145,NONE,NO SETUP,0.37,0.033,0.493,0.291,0.626,0.0,0.003,0.507,0.029,0.626,0.37,0.033,0.493,0.291,0.626,1777.6,0.7607336390162565,0.140426274413259,3.610770398925297,1.019882787637515,0.9699986922185037,500,1.937751277511262,0.0,1.558,SKIP
2026-09-16T08:41:19.879214+00:00,142,POWRUSDT,34.9,14.3,34.9,35.1,SHORT,NO EDGE,location 0.00<0.60; exhaustion 0.12<0.50,location 0.00<0.60; flow 0.30<0.55; reclaim 0.00<0.25,location 0.00<0.60; exhaustion 0.12<0.50,MONITOR SHORT,SHORT,34.1,location 0.00<0.65; exhaustion 0.12<0.50,0.0,0.12252818733738086,0.6997746507702656,0.6776295376977967,NONE,NO SETUP,0.0,0.123,0.7,0.678,0.55,0.0,0.0,0.3,0.0,0.55,0.0,0.123,0.7,0.678,0.55,0.0604,0.5926892950391647,12.92068391829862,3.509997403527026,0.5747081434149808,0.7271249916515515,500,0.7424437185983529,-0.001756,-0.05,SKIP
2026-09-16T08:41:19.879214+00:00,143,TEAMUSDT,34.9,34.9,24.6,35.1,LONG,NO EDGE,flow 0.23<0.55; exhaustion 0.07<0.50; expansion 0.04<0.40,flow 0.23<0.55; exhaustion 0.07<0.50; expansion 0.04<0.40,location 0.00<0.60; exhaustion 0.22<0.50; expansion 0.04<0.40,MONITOR LONG,LONG,37.9,exhaustion 0.07<0.50; flow 0.23<0.55,0.7365375243664734,0.06662632188025318,0.2347515821421452,0.41350210970463075,NONE,NO SETUP,0.0,0.218,0.765,0.295,0.036,0.737,0.067,0.235,0.414,0.036,0.0,0.218,0.765,0.295,0.036,188.54,0.10011574074074014,0.3815319231140717,0.019427325612770233,0.4793018217613726,0.6898267281072371,500,1.211459743837365,0.0,-0.312,SKIP
2026-09-16T08:41:19.879214+00:00,144,SEIUSDT,34.7,34.7,15.0,35.3,LONG,NO EDGE,location 0.37<0.60; reclaim 0.00<0.25; exhaustion 0.18<0.50,location 0.37<0.60; reclaim 0.00<0.25; exhaustion 0.18<0.50,location 0.00<0.60; flow 0.13<0.55; exhaustion 0.00<0.50,MONITOR LONG,LONG,37.3,location 0.37<0.65; exhaustion 0.18<0.50; structure 0.00<0.15,0.3691420331651098,0.18229927007299246,0.8676120714642848,0.0,NONE,NO SETUP,0.0,0.0,0.132,0.651,0.175,0.369,0.182,0.868,0.0,0.175,0.0,0.0,0.132,0.651,0.175,0.0416,0.2397260273972583,1.0390489077904501,0.9251227640783675,2.771079854776289,0.6912493460523637,500,1.2630334967906294,5.3e-05,-4.893,SKIP
2026-09-16T08:41:19.879214+00:00,145,ICNTUSDT,34.4,12.0,34.4,35.6,SHORT,NO EDGE,location 0.08<0.60; exhaustion 0.00<0.50; expansion 0.28<0.40,location 0.00<0.60; flow 0.36<0.55; reclaim 0.00<0.25,location 0.08<0.60; exhaustion 0.00<0.50; expansion 0.28<0.40,MONITOR SHORT,SHORT,38.4,location 0.08<0.65; exhaustion 0.00<0.50,0.08200734394125153,0.0,0.6359847016221387,1.0,NONE,NO SETUP,0.082,0.0,0.636,1.0,0.279,0.0,0.024,0.364,0.0,0.279,0.082,0.0,0.636,1.0,0.279,0.0838,0.6511627906976756,1.5873015873015872,2.0148449125433276,0.6858957367072674,0.8194272566167377,500,1.3535727771456965,5e-05,-8.515,SKIP
2026-09-16T08:41:19.879214+00:00,146,RDDTUSDT,34.4,34.4,20.6,35.6,LONG,NO EDGE,location 0.34<0.60; flow 0.52<0.55; exhaustion 0.00<0.50,location 0.34<0.60; flow 0.52<0.55; exhaustion 0.00<0.50,location 0.00<0.60; flow 0.48<0.55; exhaustion 0.29<0.50,MONITOR LONG,LONG,40.6,location 0.34<0.65; exhaustion 0.00<0.50; flow 0.52<0.55,0.33769831276756523,0.0,0.5196503451415052,0.8729792147806033,NONE,NO SETUP,0.0,0.292,0.48,0.291,0.055,0.338,0.0,0.52,0.873,0.055,0.0,0.292,0.48,0.291,0.055,159.49,0.2516746411483252,0.39174884646702235,0.2386475685099532,1.0559938119039476,0.8029127684608788,500,0.998215058134384,0.0,-0.244,SKIP
2026-09-16T08:41:19.879214+00:00,147,STEEMUSDT,34.3,32.5,34.3,35.7,SHORT,NO EDGE,location 0.00<0.60; exhaustion 0.00<0.50; expansion 0.00<0.40,flow 0.04<0.55; reclaim 0.00<0.25; exhaustion 0.09<0.50,location 0.00<0.60; exhaustion 0.00<0.50; expansion 0.00<0.40,MONITOR SHORT,SHORT,44.1,location 0.00<0.65; exhaustion 0.00<0.50,0.0,0.0,0.964856498238698,1.0,NONE,NO SETUP,0.0,0.0,0.965,1.0,0.0,1.0,0.091,0.035,0.0,0.0,0.0,0.0,0.965,1.0,0.0,0.05645,0.0,21.545400206488065,0.2447407645980072,0.2755859048993564,0.745523123020177,500,1.2942218573527526,-0.002947,2.394,SKIP
2026-09-16T08:41:19.879214+00:00,148,JUPUSDT,34.2,24.7,34.2,35.8,SHORT,NO EDGE,flow 0.52<0.55; rejection 0.00<0.25; exhaustion 0.20<0.50,location 0.00<0.60; flow 0.48<0.55; exhaustion 0.00<0.50,flow 0.52<0.55; rejection 0.00<0.25; exhaustion 0.20<0.50,MONITOR SHORT,SHORT,37.7,exhaustion 0.20<0.50; flow 0.52<0.55; structure 0.00<0.15,0.6644295302013399,0.19571005917159787,0.5158123146478677,0.0,NONE,NO SETUP,0.664,0.196,0.516,0.0,0.0,0.0,0.0,0.484,1.0,0.0,0.664,0.196,0.516,0.0,0.0,0.2098,0.8724832214765091,1.2514757969303398,0.4588118629965801,0.9571060819257177,0.7320532688952479,500,1.5663217037954047,-4.2e-05,-9.841,SKIP
2026-09-16T08:41:19.879214+00:00,149,VANAUSDT,34.2,14.3,34.2,35.8,SHORT,NO EDGE,location 0.00<0.60; exhaustion 0.00<0.50; expansion 0.39<0.40,location 0.00<0.60; flow 0.26<0.55; reclaim 0.22<0.25,location 0.00<0.60; exhaustion 0.00<0.50; expansion 0.39<0.40,MONITOR SHORT,SHORT,36.5,location 0.00<0.65; exhaustion 0.00<0.50,0.0,0.0,0.739054125263043,0.9032258064516129,NONE,NO SETUP,0.0,0.0,0.739,0.903,0.39,0.0,0.0,0.261,0.215,0.39,0.0,0.0,0.739,0.903,0.39,0.903,0.45454545454545453,1.6129032258064528,2.41712661526731,0.515406807991737,0.9524339012500614,500,1.3007637489340995,5e-05,-8.511000000000001,SKIP
2026-09-16T08:41:19.879214+00:00,150,OPENAIUSDT,33.9,12.3,33.9,36.1,SHORT,NO EDGE,location 0.22<0.60; flow 0.52<0.55; exhaustion 0.26<0.50,location 0.00<0.60; flow 0.48<0.55; reclaim 0.00<0.25,location 0.22<0.60; flow 0.52<0.55; exhaustion 0.26<0.50,MONITOR SHORT,SHORT,38.1,location 0.22<0.65; exhaustion 0.26<0.50; flow 0.52<0.55,0.21606813521141774,0.2597477674611149,0.5218968583551844,0.6015960712093306,NONE,NO SETUP,0.216,0.26,0.522,0.602,0.186,0.0,0.0,0.478,0.0,0.186,0.216,0.26,0.522,0.602,0.186,1457.28,0.7021058913803387,1.9871902471776788,0.0854714775784736,0.9410951934280919,0.9055366564660471,500,0.15036379389049848,0.0,0.5459999999999999,SKIP
2026-09-16T08:41:19.879214+00:00,151,APRUSDT,33.3,25.5,33.3,36.7,SHORT,NO EDGE,flow 0.48<0.55; rejection 0.00<0.25; exhaustion 0.18<0.50,location 0.00<0.60; flow 0.52<0.55; exhaustion 0.00<0.50,flow 0.48<0.55; rejection 0.00<0.25; exhaustion 0.18<0.50,MONITOR SHORT,SHORT,36.6,exhaustion 0.18<0.50; flow 0.48<0.55; structure 0.00<0.15,0.6729808107607812,0.18077507598784165,0.4754402292460247,0.0,NONE,NO SETUP,0.673,0.181,0.475,0.0,0.0,0.0,0.0,0.525,1.0,0.0,0.673,0.181,0.475,0.0,0.0,0.15277,0.8757327080890969,1.7343233689387512,0.5871125227701751,1.0704660810658198,0.8648439762620657,500,1.6384269859576575,9.5e-05,2.806,SKIP
2026-09-16T08:41:19.879214+00:00,152,MSFTUSDT,33.3,33.3,19.1,36.7,LONG,NO EDGE,location 0.31<0.60; exhaustion 0.00<0.50; expansion 0.27<0.40,location 0.31<0.60; exhaustion 0.00<0.50; expansion 0.27<0.40,location 0.00<0.60; flow 0.44<0.55; rejection 0.11<0.25,MONITOR LONG,LONG,35.0,location 0.31<0.65; exhaustion 0.00<0.50,0.31008383791336563,0.0,0.5552290959471121,0.5919661733615448,NONE,NO SETUP,0.0,0.23,0.445,0.105,0.269,0.31,0.0,0.555,0.592,0.269,0.0,0.23,0.445,0.105,0.269,496.25,0.26216814159292107,0.2043861645402247,0.01994527833891631,1.1654736472576024,0.7351571707296533,500,1.5546869848470861,0.0,-0.539,SKIP
2026-09-16T08:41:19.879214+00:00,153,CROSSUSDT,33.2,33.2,24.8,36.8,LONG,NO EDGE,location 0.00<0.60; flow 0.50<0.55; exhaustion 0.00<0.50,location 0.00<0.60; flow 0.50<0.55; exhaustion 0.00<0.50,location 0.04<0.60; flow 0.50<0.55; exhaustion 0.00<0.50,MONITOR LONG,LONG,32.4,location 0.00<0.65; exhaustion 0.00<0.50; flow 0.50<0.55,0.0,0.0,0.49623628573862755,1.0,NONE,NO SETUP,0.043,0.0,0.504,0.346,0.55,0.0,0.0,0.496,1.0,0.55,0.043,0.0,0.504,0.346,0.55,0.13682,0.6363636363636368,1.9333539031163205,3.6754048993101502,0.9896190264195808,0.6999256900791381,500,1.0146191488530665,5e-05,7.996,SKIP
2026-09-16T08:41:19.879214+00:00,154,DIAUSDT,33.2,5.4,33.2,36.8,SHORT,NO EDGE,location 0.12<0.60; exhaustion 0.00<0.50; expansion 0.00<0.40,location 0.00<0.60; flow 0.27<0.55; reclaim 0.00<0.25,location 0.12<0.60; exhaustion 0.00<0.50; expansion 0.00<0.40,MONITOR SHORT,SHORT,41.9,location 0.12<0.65; exhaustion 0.00<0.50,0.12280701754385547,0.0,0.7280948219424026,1.0,NONE,NO SETUP,0.123,0.0,0.728,1.0,0.0,0.0,0.0,0.272,0.0,0.0,0.123,0.0,0.728,1.0,0.0,0.1149,0.6666666666666651,0.7442790491002013,0.3389240120521797,0.5313081367127084,0.8456187556863453,500,1.6281562661409685,5e-05,-7.413,SKIP
2026-09-16T08:41:19.879214+00:00,155,SAMSUNGEMUSDT,33.2,24.9,33.2,36.8,SHORT,NO EDGE,flow 0.06<0.55; rejection 0.14<0.25; exhaustion 0.00<0.50,location 0.00<0.60; reclaim 0.18<0.25; exhaustion 0.00<0.50,flow 0.06<0.55; rejection 0.14<0.25; exhaustion 0.00<0.50,MONITOR SHORT,SHORT,30.8,exhaustion 0.00<0.50; flow 0.06<0.55; structure 0.14<0.15,0.8814846738135035,0.0030911062906736216,0.059300189762668376,0.13813207758716925,NONE,NO SETUP,0.881,0.003,0.059,0.138,0.226,0.0,0.0,0.941,0.182,0.226,0.881,0.003,0.059,0.138,0.226,1001.0,0.9549641760491313,2.0168785531118125,0.015146045304344904,3.393559341280874,0.4864225196757794,500,0.9058625815867575,-0.001404,3.505,SKIP
2026-09-16T08:41:19.879214+00:00,156,ATOMUSDT,33.1,13.6,33.1,36.9,SHORT,NO EDGE,location 0.52<0.60; flow 0.51<0.55; exhaustion 0.00<0.50,location 0.00<0.60; flow 0.49<0.55; reclaim 0.24<0.25,location 0.52<0.60; flow 0.51<0.55; exhaustion 0.00<0.50,MONITOR SHORT,SHORT,37.8,location 0.52<0.65; exhaustion 0.00<0.50; flow 0.51<0.55,0.5209580838323329,0.0,0.5096229935950669,0.47052645398450543,NONE,NO SETUP,0.521,0.0,0.51,0.471,0.015,0.0,0.0,0.49,0.239,0.015,0.521,0.0,0.51,0.471,0.015,1.4812,0.8179640718562865,1.1315020143320618,0.18488479147225162,0.9736721793362485,0.6342398909914986,500,0.8830564340118481,-8.8e-05,-7.193,SKIP
2026-09-16T08:41:19.879214+00:00,157,ARUSDT,32.6,32.6,23.4,37.4,LONG,NO EDGE,location 0.56<0.60; flow 0.00<0.55; exhaustion 0.31<0.50,location 0.56<0.60; flow 0.00<0.55; exhaustion 0.31<0.50,location 0.00<0.60; rejection 0.00<0.25; exhaustion 0.00<0.50,MONITOR LONG,LONG,32.8,location 0.56<0.65; exhaustion 0.31<0.50; flow 0.00<0.55,0.5588235294117649,0.30529584929733317,0.0,0.4222568902756103,NONE,NO SETUP,0.0,0.0,1.0,0.0,0.225,0.559,0.305,0.0,0.422,0.225,0.0,0.0,1.0,0.0,0.225,2.464,0.16764705882352932,1.7822387810710092,0.5041669018191395,0.22463117021743131,0.5010634662021773,500,1.1672099419374555,8e-05,-8.504000000000001,SKIP
2026-09-16T08:41:19.879214+00:00,158,FLYUSDT,32.6,32.6,25.0,37.4,LONG,NO EDGE,location 0.48<0.60; reclaim 0.00<0.25; exhaustion 0.00<0.50,location 0.48<0.60; reclaim 0.00<0.25; exhaustion 0.00<0.50,location 0.00<0.60; flow 0.32<0.55; exhaustion 0.01<0.50,MONITOR LONG,LONG,31.6,location 0.48<0.65; exhaustion 0.00<0.50; structure 0.00<0.15,0.48308270676691434,0.0,0.6844912891502037,0.0,NONE,NO SETUP,0.0,0.013,0.316,0.933,0.295,0.483,0.0,0.684,0.0,0.295,0.0,0.013,0.316,0.933,0.295,20.6,0.19642857142857256,0.3077343910278324,0.05792455525050386,1.667821806591845,0.790750432734559,500,1.1709148447756452,0.0,-2.876,SKIP
2026-09-16T08:41:19.879214+00:00,159,SUIUSDT,32.4,32.4,9.1,37.6,LONG,NO EDGE,location 0.00<0.60; exhaustion 0.00<0.50; expansion 0.12<0.40,location 0.00<0.60; exhaustion 0.00<0.50; expansion 0.12<0.40,location 0.10<0.60; flow 0.08<0.55; rejection 0.00<0.25,MONITOR LONG,LONG,39.4,location 0.00<0.65; exhaustion 0.00<0.50,0.0,0.0,0.9224090124238024,0.8147429679922397,NONE,NO SETUP,0.104,0.131,0.078,0.0,0.118,0.0,0.0,0.922,0.815,0.118,0.104,0.131,0.078,0.0,0.118,0.6822,0.6596244131455407,1.0119947388052395,0.3210386473045948,3.225753169845632,0.6215466049549963,500,1.0080555779136413,7.3e-05,-3.398,SKIP
2026-09-16T08:41:19.879214+00:00,160,MSTRUSDT,32.2,32.2,16.6,37.8,LONG,NO EDGE,location 0.41<0.60; reclaim 0.17<0.25; exhaustion 0.00<0.50,location 0.41<0.60; reclaim 0.17<0.25; exhaustion 0.00<0.50,location 0.00<0.60; flow 0.36<0.55; rejection 0.19<0.25,MONITOR LONG,LONG,31.8,location 0.41<0.65; exhaustion 0.00<0.50,0.41254046277425394,0.0,0.6426871213985805,0.1702432045779559,NONE,NO SETUP,0.0,0.11,0.357,0.19,0.295,0.413,0.0,0.643,0.17,0.295,0.0,0.11,0.357,0.19,0.295,128.31,0.22323462414578352,0.5113012947114334,0.25909255912509344,1.4852939571363974,0.7923879752293566,500,0.7608309212692034,0.0,-1.9560000000000002,SKIP
2026-09-16T08:41:19.879214+00:00,161,DOGEUSDT,32.1,30.0,32.1,37.9,SHORT,NO EDGE,flow 0.02<0.55; rejection 0.14<0.25; exhaustion 0.24<0.50,location 0.00<0.60; exhaustion 0.00<0.50; expansion 0.17<0.40,flow 0.02<0.55; rejection 0.14<0.25; exhaustion 0.24<0.50,MONITOR LONG,LONG,35.0,location 0.00<0.65; exhaustion 0.00<0.50,0.0,0.0,0.9754565911747104,0.5298924731182751,NONE,NO SETUP,0.737,0.24,0.025,0.145,0.168,0.0,0.0,0.975,0.53,0.168,0.737,0.24,0.025,0.145,0.168,0.07924,0.9000000000000005,0.6527195243148545,0.14106462556132598,3.7368596114030845,0.7730719174063372,500,0.9363071342323577,3.1e-05,-3.788,SKIP
2026-09-16T08:41:19.879214+00:00,162,AXONUSDT,32.0,25.9,32.0,38.0,SHORT,NO EDGE,location 0.00<0.60; exhaustion 0.00<0.50; expansion 0.12<0.40,flow 0.03<0.55; reclaim 0.00<0.25; exhaustion 0.15<0.50,location 0.00<0.60; exhaustion 0.00<0.50; expansion 0.12<0.40,MONITOR SHORT,SHORT,38.5,location 0.00<0.65; exhaustion 0.00<0.50,0.0,0.0,0.9686010745128656,0.7157681599595246,NONE,NO SETUP,0.0,0.0,0.969,0.716,0.124,0.678,0.153,0.031,0.0,0.124,0.0,0.0,0.969,0.716,0.124,443.61,0.12224554039873997,0.19607200919469406,1.1694747274529238,0.27273952655885475,0.8901452936344924,500,0.9903826424813916,0.0,-9.85,SKIP
2026-09-16T08:41:19.879214+00:00,163,SANDUSDT,31.9,15.0,31.9,38.1,SHORT,NO EDGE,location 0.59<0.60; flow 0.45<0.55; rejection 0.24<0.25,location 0.00<0.60; flow 0.55<0.55; reclaim 0.16<0.25,location 0.59<0.60; flow 0.45<0.55; rejection 0.24<0.25,MONITOR SHORT,SHORT,33.9,location 0.59<0.65; exhaustion 0.00<0.50; flow 0.45<0.55,0.5888157894736856,0.0,0.4548196923529383,0.2429501084598735,NONE,NO SETUP,0.589,0.0,0.455,0.243,0.099,0.0,0.011,0.545,0.162,0.099,0.589,0.0,0.455,0.243,0.099,0.03303,0.8437500000000006,0.9167196945593403,0.5828883654669409,1.1334503770049937,0.8113520683932721,500,1.0154141861730377,0.0001,-5.195,SKIP
2026-09-16T08:41:19.879214+00:00,164,MTLUSDT,31.8,30.1,31.8,38.2,SHORT,NO EDGE,location 0.00<0.60; exhaustion 0.08<0.50,location 0.36<0.60; flow 0.35<0.55; exhaustion 0.00<0.50,location 0.00<0.60; exhaustion 0.08<0.50,MONITOR SHORT,SHORT,30.3,location 0.00<0.65; exhaustion 0.08<0.50,0.0,0.08167808219178084,0.6497485128382764,0.5984455958549221,NONE,NO SETUP,0.0,0.082,0.65,0.598,0.548,0.357,0.0,0.35,0.278,0.548,0.0,0.082,0.65,0.598,0.548,0.2795,0.24417731029301257,7.231850117096015,2.9913089247715217,0.6602141427548232,0.921162092230229,500,1.1988052514861938,-0.000466,-1.9640000000000002,SKIP
2026-09-16T08:41:19.879214+00:00,165,TIAUSDT,31.5,31.5,15.6,38.5,LONG,NO EDGE,location 0.38<0.60; flow 0.55<0.55; exhaustion 0.14<0.50,location 0.38<0.60; flow 0.55<0.55; exhaustion 0.14<0.50,location 0.00<0.60; flow 0.45<0.55; exhaustion 0.00<0.50,MONITOR LONG,LONG,33.7,location 0.38<0.65; exhaustion 0.14<0.50; flow 0.55<0.55,0.3786549707602282,0.1389344262295075,0.5492953939025248,0.25663289917993354,NONE,NO SETUP,0.0,0.0,0.451,0.27,0.166,0.379,0.139,0.549,0.257,0.166,0.0,0.0,0.451,0.27,0.166,0.3232,0.2361111111111133,1.4118175874468815,0.21714534840169716,1.1464564680800817,0.7990787286410115,500,1.0930345390176754,4e-06,-6.644,SKIP
2026-09-16T08:41:19.879214+00:00,166,TRUSTUSDT,31.4,9.6,31.4,38.6,SHORT,NO EDGE,location 0.00<0.60; exhaustion 0.00<0.50; expansion 0.00<0.40,location 0.20<0.60; flow 0.18<0.55; reclaim 0.00<0.25,location 0.00<0.60; exhaustion 0.00<0.50; expansion 0.00<0.40,MONITOR SHORT,SHORT,40.5,location 0.00<0.65; exhaustion 0.00<0.50,0.0,0.0,0.8219886155482525,1.0,NONE,NO SETUP,0.0,0.0,0.822,1.0,0.0,0.203,0.0,0.178,0.0,0.0,0.0,0.0,0.822,1.0,0.0,0.05257,0.30294906166219837,2.014526181479117,0.30763939755191394,0.4095312753359265,0.6815350944420233,500,1.0650268234147806,5e-05,-9.033,SKIP
2026-09-16T08:41:19.879214+00:00,167,AXLUSDT,31.0,2.1,31.0,39.0,SHORT,NO EDGE,location 0.00<0.60; exhaustion 0.00<0.50; expansion 0.06<0.40,location 0.00<0.60; flow 0.01<0.55; reclaim 0.00<0.25,location 0.00<0.60; exhaustion 0.00<0.50; expansion 0.06<0.40,MONITOR SHORT,SHORT,38.5,location 0.00<0.65; exhaustion 0.00<0.50,0.0,0.0,0.9859939056779187,0.6937821411874739,NONE,NO SETUP,0.0,0.0,0.986,0.694,0.058,0.0,0.047,0.014,0.0,0.058,0.0,0.0,0.986,0.694,0.058,0.04308,0.5590062111801228,1.1408730158730167,1.1639481254008004,0.25989925028699995,0.5749569810088306,500,2.2475036448728005,-0.000312,-11.175,SKIP
2026-09-16T08:41:19.879214+00:00,168,LGELECTRONICSUSDT,30.8,13.5,30.8,39.2,SHORT,NO EDGE,location 0.30<0.60; flow 0.41<0.55; exhaustion 0.00<0.50,location 0.00<0.60; reclaim 0.00<0.25; exhaustion 0.05<0.50,location 0.30<0.60; flow 0.41<0.55; exhaustion 0.00<0.50,MONITOR SHORT,SHORT,36.4,location 0.30<0.65; exhaustion 0.00<0.50; flow 0.41<0.55,0.304532327459182,0.0,0.4077364117009509,0.8530854634650202,NONE,NO SETUP,0.305,0.0,0.408,0.853,0.047,0.0,0.046,0.592,0.0,0.047,0.305,0.0,0.408,0.853,0.047,144.63,0.7357222844344892,1.250617559019266,0.8789996873273683,1.2915060065706763,0.5613971151682003,500,1.0682916716429345,-0.000776,-1.833,SKIP
2026-09-16T08:41:19.879214+00:00,169,AKEUSDT,30.6,25.3,30.6,39.4,SHORT,NO EDGE,location 0.57<0.60; flow 0.48<0.55; rejection 0.15<0.25,location 0.00<0.60; flow 0.52<0.55; exhaustion 0.00<0.50,location 0.57<0.60; flow 0.48<0.55; rejection 0.15<0.25,MONITOR SHORT,SHORT,34.2,location 0.57<0.65; exhaustion 0.08<0.50; flow 0.48<0.55,0.5714782947913227,0.07849230191513339,0.484470106044086,0.14793408678280454,NONE,NO SETUP,0.571,0.078,0.484,0.148,0.0,0.0,0.0,0.516,1.0,0.0,0.571,0.078,0.484,0.148,0.0,0.0285224,0.8371617520207026,7.0127170726678525,0.4212164700088037,1.0439984542331335,0.8267151797318059,500,1.2885747137845536,5e-05,42.72,SKIP
2026-09-16T08:41:19.879214+00:00,170,RAYUSDT,30.6,20.5,30.6,39.4,SHORT,NO EDGE,location 0.36<0.60; flow 0.48<0.55; exhaustion 0.00<0.50,location 0.00<0.60; flow 0.52<0.55; exhaustion 0.00<0.50,location 0.36<0.60; flow 0.48<0.55; exhaustion 0.00<0.50,MONITOR SHORT,SHORT,34.8,location 0.36<0.65; exhaustion 0.00<0.50; flow 0.48<0.55,0.3601651186790493,0.0,0.4819638733117554,0.5992664509169371,NONE,NO SETUP,0.36,0.0,0.482,0.599,0.078,0.0,0.0,0.518,0.596,0.078,0.36,0.0,0.482,0.599,0.078,1.2896,0.7568627450980387,3.6277824739363225,1.2831783100613434,1.0512782045156583,0.9444705844337071,500,0.8319862510010473,5e-05,-5.917,SKIP
2026-09-16T08:41:19.879214+00:00,171,UNIUSDT,30.6,30.6,4.2,39.4,LONG,NO EDGE,location 0.00<0.60; exhaustion 0.00<0.50; expansion 0.13<0.40,location 0.00<0.60; exhaustion 0.00<0.50; expansion 0.13<0.40,location 0.00<0.60; flow 0.00<0.55; rejection 0.00<0.25,MONITOR LONG,LONG,36.6,location 0.00<0.65; exhaustion 0.00<0.50,0.0,0.0,1.0,0.5775248933143711,NONE,NO SETUP,0.0,0.115,0.0,0.0,0.126,0.0,0.0,1.0,0.578,0.126,0.0,0.115,0.0,0.0,0.126,6.223,0.5067114093959739,1.5640643424477723,1.260811084701417,5.498162343386016,0.5844077244289415,500,1.030897682981645,0.0001,-5.612,SKIP
2026-09-16T08:41:19.879214+00:00,172,1000BONKUSDT,30.3,18.0,30.3,39.7,SHORT,NO EDGE,location 0.40<0.60; flow 0.35<0.55; exhaustion 0.02<0.50,location 0.00<0.60; reclaim 0.18<0.25; exhaustion 0.00<0.50,location 0.40<0.60; flow 0.35<0.55; exhaustion 0.02<0.50,MONITOR SHORT,SHORT,32.7,location 0.40<0.65; exhaustion 0.02<0.50; flow 0.35<0.55,0.401913875598089,0.017696629213484378,0.3536711946043374,0.5663430420711946,NONE,NO SETUP,0.402,0.018,0.354,0.566,0.156,0.0,0.0,0.646,0.181,0.156,0.402,0.018,0.354,0.566,0.156,0.002519,0.7727272727272738,1.0566812003077701,0.474088824218507,1.5003667760402501,0.8386487884536951,500,1.4833973061396626,5e-05,-5.407,SKIP
2026-09-16T08:41:19.879214+00:00,173,GOOGLUSDT,30.3,9.6,30.3,39.7,SHORT,NO EDGE,location 0.00<0.60; exhaustion 0.14<0.50; expansion 0.13<0.40,location 0.10<0.60; flow 0.15<0.55; reclaim 0.12<0.25,location 0.00<0.60; exhaustion 0.14<0.50; expansion 0.13<0.40,MONITOR SHORT,SHORT,36.1,location 0.00<0.65; exhaustion 0.14<0.50,0.0,0.13661825726141066,0.8534675583422384,0.5676304420072976,NONE,NO SETUP,0.0,0.137,0.853,0.568,0.133,0.098,0.0,0.147,0.116,0.133,0.0,0.137,0.853,0.568,0.133,345.16,0.342877094972069,0.4209828249080806,0.22289910509787256,0.37530353042761616,0.6419667869235725,500,1.2137555204973918,0.0,-0.13,SKIP
2026-09-16T08:41:19.879214+00:00,174,APTUSDT,30.0,16.3,30.0,40.0,SHORT,NO EDGE,location 0.40<0.60; rejection 0.00<0.25; exhaustion 0.00<0.50,location 0.00<0.60; flow 0.16<0.55; exhaustion 0.00<0.50,location 0.40<0.60; rejection 0.00<0.25; exhaustion 0.00<0.50,MONITOR SHORT,SHORT,33.0,location 0.40<0.65; exhaustion 0.00<0.50; structure 0.00<0.15,0.4010212097407715,0.0,0.8387401991290296,0.0,NONE,NO SETUP,0.401,0.0,0.839,0.0,0.079,0.0,0.0,0.161,0.795,0.079,0.401,0.0,0.839,0.0,0.079,0.5291,0.7723880597014932,1.4475400118553603,0.2047115657613209,0.39094544488715866,0.48689575013457986,500,0.8712450503108867,0.0001,-9.183,SKIP
2026-09-16T08:41:19.879214+00:00,175,DOGSUSDT,30.0,9.3,30.0,40.0,SHORT,NO EDGE,location 0.35<0.60; rejection 0.03<0.25; exhaustion 0.00<0.50,location 0.00<0.60; flow 0.09<0.55; exhaustion 0.01<0.50,location 0.35<0.60; rejection 0.03<0.25; exhaustion 0.00<0.50,MONITOR SHORT,SHORT,33.8,location 0.35<0.65; exhaustion 0.00<0.50; structure 0.03<0.15,0.35421375524701376,0.0,0.9058419472877419,0.025116612845350616,NONE,NO SETUP,0.354,0.0,0.906,0.025,0.057,0.0,0.014,0.094,0.417,0.057,0.354,0.0,0.906,0.025,0.057,4.486e-05,0.7546012269938652,2.4894820055202738,0.7549425662695,0.3245768950931443,0.6378409852975854,500,1.6203914308100822,5e-05,-8.784,SKIP
2026-09-16T08:41:19.879214+00:00,176,SPACEUSDT,30.0,20.8,30.0,40.0,SHORT,NO EDGE,location 0.00<0.60; exhaustion 0.00<0.50; expansion 0.00<0.40,location 0.44<0.60; flow 0.25<0.55; reclaim 0.00<0.25,location 0.00<0.60; exhaustion 0.00<0.50; expansion 0.00<0.40,MONITOR SHORT,SHORT,38.8,location 0.00<0.65; exhaustion 0.00<0.50,0.0,0.0,0.7504677608266608,1.0,NONE,NO SETUP,0.0,0.0,0.75,1.0,0.0,0.437,0.137,0.25,0.0,0.0,0.0,0.0,0.75,1.0,0.0,0.004257,0.21395348837209327,1.3725253864464992,0.4663819056638247,0.49935196611477095,0.6315622830838227,500,1.6946751155622102,5e-05,-9.695,SKIP
2026-09-16T08:41:19.879214+00:00,177,BOMEUSDT,29.6,23.1,29.6,40.4,SHORT,NO EDGE,location 0.37<0.60; flow 0.45<0.55; rejection 0.00<0.25,location 0.00<0.60; exhaustion 0.00<0.50; expansion 0.13<0.40,location 0.37<0.60; flow 0.45<0.55; rejection 0.00<0.25,MONITOR SHORT,SHORT,31.8,location 0.37<0.65; exhaustion 0.37<0.50; flow 0.45<0.55,0.3734335839598997,0.3736508496349904,0.4490853495257784,0.0,NONE,NO SETUP,0.373,0.374,0.449,0.0,0.129,0.0,0.0,0.551,0.679,0.129,0.373,0.374,0.449,0.0,0.129,0.0008594,0.7619047619047619,0.7203580162704406,0.463060941601212,1.1516150929059983,0.8868702915649198,500,0.9455404445415474,5e-05,0.573,SKIP
2026-09-16T08:41:19.879214+00:00,178,AAPLUSDT,29.4,19.7,29.4,40.6,SHORT,NO EDGE,location 0.31<0.60; flow 0.29<0.55; exhaustion 0.33<0.50,location 0.00<0.60; reclaim 0.14<0.25; exhaustion 0.00<0.50,location 0.31<0.60; flow 0.29<0.55; exhaustion 0.33<0.50,MONITOR SHORT,SHORT,30.3,location 0.31<0.65; exhaustion 0.33<0.50; flow 0.29<0.55,0.3111974567290676,0.3342054879312984,0.29484350376042046,0.2643229166666895,NONE,NO SETUP,0.311,0.334,0.295,0.264,0.236,0.0,0.0,0.705,0.137,0.236,0.311,0.334,0.295,0.264,0.236,331.52,0.7382550335570457,0.21935837674800862,0.7539276590637626,1.7661721679372477,0.6105268204797158,500,1.0808351154508504,0.0,0.066,SKIP
2026-09-16T08:41:19.879214+00:00,179,HOODUSDT,29.4,21.0,29.4,40.6,SHORT,NO EDGE,location 0.00<0.60; rejection 0.00<0.25; exhaustion 0.41<0.50,location 0.00<0.60; flow 0.22<0.55; exhaustion 0.00<0.50,location 0.00<0.60; rejection 0.00<0.25; exhaustion 0.41<0.50,MONITOR SHORT,SHORT,29.9,location 0.00<0.65; exhaustion 0.41<0.50; structure 0.00<0.15,0.0,0.41062953291530824,0.7847110778190518,0.0,NONE,NO SETUP,0.0,0.411,0.785,0.0,0.367,0.0,0.0,0.215,0.746,0.367,0.0,0.411,0.785,0.0,0.367,109.77,0.5352697095435679,0.6961774228637971,0.01544915269898176,0.45412321301389136,0.5873191534153411,500,1.0793215919282988,0.0,-1.295,SKIP
2026-09-16T08:41:19.879214+00:00,180,龙虾USDT,29.3,15.8,29.3,40.7,SHORT,NO EDGE,location 0.00<0.60; exhaustion 0.00<0.50; expansion 0.10<0.40,location 0.00<0.60; flow 0.23<0.55; exhaustion 0.00<0.50,location 0.00<0.60; exhaustion 0.00<0.50; expansion 0.10<0.40,MONITOR SHORT,SHORT,35.8,location 0.00<0.65; exhaustion 0.00<0.50,0.0,0.0,0.7672917017336194,0.8306467618604289,NONE,NO SETUP,0.0,0.0,0.767,0.831,0.102,0.0,0.0,0.233,0.641,0.102,0.0,0.0,0.767,0.831,0.102,0.205592,0.4356292906178488,13.344714006414272,1.3711104821390185,0.47659416480391664,0.6081528095404896,500,0.6998732111042582,0.000381,18.729000000000003,SKIP
2026-09-16T08:41:19.879214+00:00,181,ILVUSDT,28.8,23.9,28.8,41.2,SHORT,NO EDGE,location 0.00<0.60; exhaustion 0.00<0.50; expansion 0.00<0.40,location 0.59<0.60; flow 0.31<0.55; reclaim 0.00<0.25,location 0.00<0.60; exhaustion 0.00<0.50; expansion 0.00<0.40,MONITOR SHORT,SHORT,37.3,location 0.00<0.65; exhaustion 0.00<0.50,0.0,0.0,0.690273209859847,1.0,NONE,NO SETUP,0.0,0.0,0.69,1.0,0.0,0.592,0.0,0.31,0.0,0.0,0.0,0.0,0.69,1.0,0.0,3.174,0.15513126491646756,7.9605103771299355,0.8191130567298484,0.5900491999568245,0.8621414393066058,500,0.9896236289339738,5e-05,-7.625,SKIP
2026-09-16T08:41:19.879214+00:00,182,NOTUSDT,28.7,28.7,22.5,41.3,LONG,NO EDGE,flow 0.38<0.55; reclaim 0.00<0.25; exhaustion 0.01<0.50,flow 0.38<0.55; reclaim 0.00<0.25; exhaustion 0.01<0.50,location 0.00<0.60; exhaustion 0.00<0.50; expansion 0.00<0.40,MONITOR LONG,LONG,30.7,exhaustion 0.01<0.50; flow 0.38<0.55; structure 0.00<0.15,0.694648012436155,0.013078291814947072,0.37934873993487667,0.0,NONE,NO SETUP,0.0,0.0,0.621,0.671,0.0,0.695,0.013,0.379,0.0,0.0,0.0,0.0,0.621,0.671,0.0,0.0004137,0.11603375527426109,1.2278062976163269,0.4935780119205199,0.7156841626338699,0.7871061241366042,500,1.4370272393115828,5e-05,-8.977,SKIP
2026-09-16T08:41:19.879214+00:00,183,BSBUSDT,28.6,15.2,28.6,41.4,SHORT,NO EDGE,location 0.00<0.60; exhaustion 0.00<0.50; expansion 0.07<0.40,location 0.00<0.60; flow 0.32<0.55; exhaustion 0.00<0.50,location 0.00<0.60; exhaustion 0.00<0.50; expansion 0.07<0.40,MONITOR SHORT,SHORT,35.5,location 0.00<0.65; exhaustion 0.00<0.50,0.0,0.0,0.6774738886122027,0.9289656827453796,NONE,NO SETUP,0.0,0.0,0.677,0.929,0.074,0.0,0.0,0.323,0.509,0.074,0.0,0.0,0.677,0.929,0.074,0.08979,0.46414728682170586,4.001382767262983,1.2677749645216079,0.6113643976660452,0.8527681963025088,500,1.5675714312769686,5e-05,-2.603,SKIP
2026-09-16T08:41:19.879214+00:00,184,AAVEUSDT,28.5,16.2,28.5,41.5,SHORT,NO EDGE,location 0.00<0.60; exhaustion 0.00<0.50; expansion 0.17<0.40,location 0.32<0.60; flow 0.21<0.55; reclaim 0.00<0.25,location 0.00<0.60; exhaustion 0.00<0.50; expansion 0.17<0.40,MONITOR SHORT,SHORT,33.3,location 0.00<0.65; exhaustion 0.00<0.50,0.0,0.0,0.7886039405912976,0.6778635194431862,NONE,NO SETUP,0.0,0.0,0.789,0.678,0.168,0.317,0.0,0.211,0.0,0.168,0.0,0.0,0.789,0.678,0.168,118.52,0.2597222222222208,1.2506528600949218,0.6616143989629556,0.449248078310764,0.8421556052742318,500,1.0889639401637508,-0.000112,-6.529999999999999,SKIP
2026-09-16T08:41:19.879214+00:00,185,EVAAUSDT,28.5,14.8,28.5,41.5,SHORT,NO EDGE,location 0.12<0.60; flow 0.50<0.55; exhaustion 0.00<0.50,location 0.00<0.60; flow 0.50<0.55; exhaustion 0.00<0.50,location 0.12<0.60; flow 0.50<0.55; exhaustion 0.00<0.50,MONITOR SHORT,SHORT,36.0,location 0.12<0.65; exhaustion 0.00<0.50; flow 0.50<0.55,0.11682955258675021,0.0,0.500936470217278,1.0,NONE,NO SETUP,0.117,0.0,0.501,1.0,0.0,0.0,0.0,0.499,0.322,0.0,0.117,0.0,0.501,1.0,0.0,0.4471,0.6643952299829651,2.5095769370578536,0.6754607722692104,0.9974069210893111,0.8570772475472056,500,1.134420708720784,5e-05,-12.264999999999999,SKIP
2026-09-16T08:41:19.879214+00:00,186,AVAXUSDT,28.4,28.4,15.9,41.6,LONG,NO EDGE,location 0.36<0.60; reclaim 0.00<0.25; exhaustion 0.00<0.50,location 0.36<0.60; reclaim 0.00<0.25; exhaustion 0.00<0.50,location 0.00<0.60; flow 0.27<0.55; exhaustion 0.00<0.50,MONITOR LONG,LONG,29.1,location 0.36<0.65; exhaustion 0.00<0.50; structure 0.00<0.15,0.35859009711065704,0.0,0.7340259111866954,0.0,NONE,NO SETUP,0.0,0.0,0.266,0.511,0.196,0.359,0.0,0.734,0.0,0.196,0.0,0.0,0.266,0.511,0.196,7.188,0.24373576309795034,0.829418247201439,0.3110733691314591,1.9133537686168922,0.7493619776697567,500,1.5603124476408423,1.9e-05,-3.814,SKIP
2026-09-16T08:41:19.879214+00:00,187,MRNAUSDT,28.1,28.1,16.9,41.9,LONG,NO EDGE,location 0.00<0.60; flow 0.50<0.55; exhaustion 0.00<0.50,location 0.00<0.60; flow 0.50<0.55; exhaustion 0.00<0.50,location 0.13<0.60; flow 0.50<0.55; rejection 0.00<0.25,MONITOR LONG,LONG,32.6,location 0.00<0.65; exhaustion 0.00<0.50; flow 0.50<0.55,0.0,0.0,0.5037643913557295,1.0,NONE,NO SETUP,0.133,0.0,0.496,0.0,0.199,0.0,0.0,0.504,1.0,0.199,0.133,0.0,0.496,0.0,0.199,144.33,0.6703645007923956,0.5300318512163601,0.46466741033201103,1.0104917656281576,0.8622637924211778,500,0.9281643274113136,0.0,-0.599,SKIP
2026-09-16T08:41:19.879214+00:00,188,STXUSDT,28.0,8.0,28.0,42.0,SHORT,NO EDGE,location 0.00<0.60; exhaustion 0.00<0.50; expansion 0.01<0.40,location 0.03<0.60; flow 0.36<0.55; reclaim 0.00<0.25,location 0.00<0.60; exhaustion 0.00<0.50; expansion 0.01<0.40,MONITOR SHORT,SHORT,36.1,location 0.00<0.65; exhaustion 0.00<0.50,0.0,0.0,0.6440366907938195,1.0,NONE,NO SETUP,0.0,0.0,0.644,1.0,0.005,0.026,0.0,0.356,0.0,0.005,0.0,0.0,0.644,1.0,0.005,0.2359,0.3701298701298684,1.790362853955271,1.019914108984804,0.6707528742991761,0.7596295560103747,500,0.9083063928076173,0.0001,-9.199,SKIP
2026-09-16T08:41:19.879214+00:00,189,ENAUSDT,27.9,27.9,8.4,42.1,LONG,NO EDGE,location 0.00<0.60; exhaustion 0.00<0.50; expansion 0.12<0.40,location 0.00<0.60; exhaustion 0.00<0.50; expansion 0.12<0.40,location 0.00<0.60; flow 0.20<0.55; rejection 0.10<0.25,MONITOR LONG,LONG,33.4,location 0.00<0.65; exhaustion 0.00<0.50,0.0,0.0,0.7983719721634213,0.6729613733905523,NONE,NO SETUP,0.0,0.051,0.202,0.104,0.121,0.0,0.0,0.798,0.673,0.121,0.0,0.051,0.202,0.104,0.121,0.13908,0.5171102661596958,1.1770054556476064,0.6306598672886153,2.287049971523609,0.5920537715447702,500,1.1623224041072129,5e-05,-1.717,SKIP
2026-09-16T08:41:19.879214+00:00,190,ETHUSDT,27.9,27.9,13.5,42.1,LONG,NO EDGE,location 0.00<0.60; exhaustion 0.00<0.50; expansion 0.31<0.40,location 0.00<0.60; exhaustion 0.00<0.50; expansion 0.31<0.40,location 0.00<0.60; flow 0.24<0.55; rejection 0.04<0.25,MONITOR LONG,LONG,29.8,location 0.00<0.65; exhaustion 0.00<0.50,0.0,0.0,0.7618521138769756,0.5356421902599087,NONE,NO SETUP,0.0,0.179,0.238,0.039,0.306,0.0,0.0,0.762,0.536,0.306,0.0,0.179,0.238,0.039,0.306,2391.65,0.5354707379134827,0.5981150998028172,0.13901088232846695,2.0668138484311656,0.6894823262557227,500,0.2813272186780387,4e-05,-3.273,SKIP
2026-09-16T08:41:19.879214+00:00,191,TRXUSDT,27.8,12.5,27.8,42.2,SHORT,NO EDGE,location 0.00<0.60; exhaustion 0.00<0.50; expansion 0.00<0.40,location 0.00<0.60; flow 0.00<0.55; exhaustion 0.05<0.50,location 0.00<0.60; exhaustion 0.00<0.50; expansion 0.00<0.40,MONITOR SHORT,SHORT,35.5,location 0.00<0.65; exhaustion 0.00<0.50,0.0,0.0,1.0,0.5232843137254816,NONE,NO SETUP,0.0,0.0,1.0,0.523,0.0,0.0,0.048,0.0,0.772,0.0,0.0,0.0,1.0,0.523,0.0,0.33453,0.5663507109004745,0.22857815145823968,0.34336777834815957,0.14652390825328993,0.32774615689563263,500,1.1184525783518544,-3.5e-05,-0.8420000000000001,SKIP
2026-09-16T08:41:19.879214+00:00,192,FARTCOINUSDT,27.5,27.5,10.9,42.5,LONG,NO EDGE,location 0.00<0.60; exhaustion 0.00<0.50; expansion 0.13<0.40,location 0.00<0.60; exhaustion 0.00<0.50; expansion 0.13<0.40,location 0.04<0.60; flow 0.36<0.55; rejection 0.00<0.25,MONITOR LONG,LONG,33.1,location 0.00<0.65; exhaustion 0.00<0.50,0.0,0.0,0.6439202685920735,0.8484848484848485,NONE,NO SETUP,0.043,0.027,0.356,0.0,0.127,0.0,0.0,0.644,0.848,0.127,0.043,0.027,0.356,0.0,0.127,0.1358,0.6363636363636355,1.2575802763694184,0.11721215625184545,1.4903808832012648,0.6297052653735843,500,1.8400505663116498,5e-05,-4.0280000000000005,SKIP
2026-09-16T08:41:19.879214+00:00,193,TLMUSDT,27.2,10.1,27.2,42.8,SHORT,NO EDGE,location 0.08<0.60; flow 0.49<0.55; exhaustion 0.00<0.50,location 0.00<0.60; flow 0.51<0.55; reclaim 0.00<0.25,location 0.08<0.60; flow 0.49<0.55; exhaustion 0.00<0.50,MONITOR SHORT,SHORT,34.6,location 0.08<0.65; exhaustion 0.00<0.50; flow 0.49<0.55,0.07539118065434011,0.0,0.49467321214371407,1.0,NONE,NO SETUP,0.075,0.0,0.495,1.0,0.0,0.0,0.0,0.505,0.0,0.0,0.075,0.0,0.495,1.0,0.0,0.001515,0.6486486486486492,1.10320284697509,0.18389293094502238,1.0148785923955541,0.8485051764618524,500,1.6711403748288665,-0.001193,10.102,SKIP
2026-09-16T08:41:19.879214+00:00,194,PYTHUSDT,27.1,21.3,27.1,42.9,SHORT,NO EDGE,location 0.00<0.60; exhaustion 0.00<0.50; expansion 0.12<0.40,location 0.45<0.60; flow 0.24<0.55; reclaim 0.00<0.25,location 0.00<0.60; exhaustion 0.00<0.50; expansion 0.12<0.40,MONITOR SHORT,SHORT,32.4,location 0.00<0.65; exhaustion 0.00<0.50,0.0,0.0,0.7563478072043408,0.6742424242424254,NONE,NO SETUP,0.0,0.0,0.756,0.674,0.121,0.448,0.06,0.244,0.0,0.121,0.0,0.0,0.756,0.674,0.121,0.05238,0.20974576271186415,1.620029455081002,0.6709317468744005,0.4912770571115923,0.6992738780402056,500,1.0496663656833813,5e-05,-3.766,SKIP
2026-09-16T08:41:19.879214+00:00,195,BCHUSDT,27.0,17.4,27.0,43.0,SHORT,NO EDGE,location 0.36<0.60; rejection 0.07<0.25; exhaustion 0.00<0.50,location 0.00<0.60; flow 0.34<0.55; exhaustion 0.00<0.50,location 0.36<0.60; rejection 0.07<0.25; exhaustion 0.00<0.50,MONITOR SHORT,SHORT,28.8,location 0.36<0.65; exhaustion 0.00<0.50; structure 0.07<0.15,0.3560680728037289,0.0014499121265377467,0.6640989182026982,0.07472359893252312,NONE,NO SETUP,0.356,0.001,0.664,0.075,0.125,0.0,0.0,0.336,0.587,0.125,0.356,0.001,0.664,0.075,0.125,217.14,0.755305867665417,0.8281710774748805,0.6775248357758159,0.6344614120808278,0.7059519536341651,500,2.294268945199571,-0.000104,-1.702,SKIP
2026-09-16T08:41:19.879214+00:00,196,MSTUUSDT,27.0,27.0,17.1,43.0,LONG,NO EDGE,location 0.39<0.60; flow 0.54<0.55; reclaim 0.19<0.25,location 0.39<0.60; flow 0.54<0.55; reclaim 0.19<0.25,location 0.00<0.60; flow 0.46<0.55; rejection 0.10<0.25,MONITOR LONG,LONG,28.8,location 0.39<0.65; exhaustion 0.00<0.50; flow 0.54<0.55,0.3851039221827656,0.0,0.5356578570014378,0.19214060031595706,NONE,NO SETUP,0.0,0.218,0.464,0.103,0.124,0.385,0.0,0.536,0.192,0.124,0.0,0.218,0.464,0.103,0.124,28.9942,0.23366050957054907,1.1177253494547112,0.5797835807442362,1.1039167883925847,0.9212499035015171,500,0.7694064766607396,0.0,-4.148000000000001,SKIP
2026-09-16T08:41:19.879214+00:00,197,ORDERUSDT,27.0,25.0,27.0,43.0,SHORT,NO EDGE,location 0.00<0.60; rejection 0.16<0.25; exhaustion 0.00<0.50,location 0.08<0.60; flow 0.18<0.55; exhaustion 0.23<0.50,location 0.00<0.60; rejection 0.16<0.25; exhaustion 0.00<0.50,MONITOR SHORT,SHORT,23.7,location 0.00<0.65; exhaustion 0.00<0.50,0.0,0.0,0.8154351407466339,0.16336056009335315,NONE,NO SETUP,0.0,0.0,0.815,0.163,0.55,0.076,0.229,0.185,0.414,0.55,0.0,0.0,0.815,0.163,0.55,0.03108,0.35121951219512065,1.7499795801682643,4.295609026746343,0.4170405107450518,0.7873306603588338,500,1.3455351809984128,5e-05,-10.767,SKIP
2026-09-16T08:41:19.879214+00:00,198,MMTUSDT,26.9,16.1,26.9,43.1,SHORT,NO EDGE,location 0.37<0.60; rejection 0.08<0.25; exhaustion 0.00<0.50,location 0.00<0.60; flow 0.32<0.55; exhaustion 0.00<0.50,location 0.37<0.60; rejection 0.08<0.25; exhaustion 0.00<0.50,MONITOR SHORT,SHORT,29.8,location 0.37<0.65; exhaustion 0.00<0.50; structure 0.08<0.15,0.3715632364493264,0.0,0.6840880638486817,0.0784313725490218,NONE,NO SETUP,0.372,0.0,0.684,0.078,0.062,0.0,0.0,0.316,0.588,0.062,0.372,0.0,0.684,0.078,0.062,0.1304,0.761194029850744,1.0946555054732783,0.4342274139851848,0.6002551346534778,0.8593779553844852,500,1.1386330128940128,5e-05,-13.757,SKIP
2026-09-16T08:41:19.879214+00:00,199,IONQUSDT,26.8,16.4,26.8,43.2,SHORT,NO EDGE,location 0.01<0.60; exhaustion 0.32<0.50; expansion 0.00<0.40,location 0.00<0.60; flow 0.29<0.55; exhaustion 0.00<0.50,location 0.01<0.60; exhaustion 0.32<0.50; expansion 0.00<0.40,MONITOR SHORT,SHORT,33.8,location 0.01<0.65; exhaustion 0.32<0.50,0.010950194277641557,0.32465968773998266,0.7059584320006642,0.3874213836477969,NONE,NO SETUP,0.011,0.325,0.706,0.387,0.0,0.0,0.0,0.294,0.704,0.0,0.011,0.325,0.706,0.387,0.0,37.17,0.6241610738255038,0.508832565284178,0.18605814640542043,0.5649387132657537,0.8752754567085725,500,1.479700370411815,0.0,0.08099999999999999,SKIP
2026-09-16T08:41:19.879214+00:00,200,SYNUSDT,26.8,26.8,22.6,43.2,LONG,NO EDGE,location 0.50<0.60; flow 0.33<0.55; exhaustion 0.00<0.50,location 0.50<0.60; flow 0.33<0.55; exhaustion 0.00<0.50,location 0.00<0.60; exhaustion 0.00<0.50; expansion 0.00<0.40,MONITOR LONG,LONG,30.1,location 0.50<0.65; exhaustion 0.00<0.50; flow 0.33<0.55,0.49955468849399887,0.0,0.327622781137782,0.34802259887006176,NONE,NO SETUP,0.0,0.0,0.672,0.607,0.0,0.5,0.0,0.328,0.348,0.0,0.0,0.0,0.672,0.607,0.0,0.17604,0.19016921837228043,1.3146636243716365,0.04402730861874831,0.620064897528111,0.9463403079576845,500,0.9437224919297664,-0.000188,119.775,SKIP
2026-09-16T08:41:19.879214+00:00,201,SHIBUSDT,26.7,25.4,26.7,43.3,SHORT,NO EDGE,location 0.41<0.60; flow 0.46<0.55; rejection 0.00<0.25,location 0.00<0.60; flow 0.54<0.55; exhaustion 0.00<0.50,location 0.41<0.60; flow 0.46<0.55; rejection 0.00<0.25,MONITOR LONG,LONG,32.2,location 0.00<0.65; exhaustion 0.00<0.50; flow 0.54<0.55,0.0,0.0,0.5412010732030978,0.9316696375519868,NONE,NO SETUP,0.405,0.237,0.459,0.0,0.041,0.0,0.0,0.541,0.932,0.041,0.405,0.237,0.459,0.0,0.041,4.83e-06,0.773913043478259,0.756207370662931,0.7983715839541216,1.1210139978093203,0.7794087707687619,500,1.2402637298525008,-0.000399,-6.049,SKIP
2026-09-16T08:41:19.879214+00:00,202,GALAUSDT,26.3,26.3,19.8,43.7,LONG,NO EDGE,location 0.30<0.60; flow 0.38<0.55; exhaustion 0.00<0.50,location 0.30<0.60; flow 0.38<0.55; exhaustion 0.00<0.50,location 0.00<0.60; exhaustion 0.00<0.50; expansion 0.20<0.40,MONITOR LONG,LONG,27.3,location 0.30<0.65; exhaustion 0.00<0.50; flow 0.38<0.55,0.30340557275541563,0.0037292817679555764,0.38259503377042275,0.429118773946359,NONE,NO SETUP,0.0,0.0,0.617,0.295,0.201,0.303,0.004,0.383,0.429,0.201,0.0,0.0,0.617,0.295,0.201,0.001607,0.26470588235294207,1.481355355014473,0.039570529744252014,0.7221548529595528,0.9122864857278868,500,1.515179142640391,0.0001,-4.117,SKIP
2026-09-16T08:41:19.879214+00:00,203,LITUSDT,26.3,26.3,20.9,43.7,LONG,NO EDGE,location 0.32<0.60; flow 0.29<0.55; exhaustion 0.00<0.50,location 0.32<0.60; flow 0.29<0.55; exhaustion 0.00<0.50,location 0.00<0.60; rejection 0.15<0.25; exhaustion 0.09<0.50,MONITOR LONG,LONG,28.0,location 0.32<0.65; exhaustion 0.00<0.50; flow 0.29<0.55,0.31982362322919783,0.0,0.2903046023018958,0.5549549549549495,NONE,NO SETUP,0.0,0.091,0.71,0.151,0.172,0.32,0.0,0.29,0.555,0.172,0.0,0.091,0.71,0.151,0.172,4.256,0.2584670231729048,1.5686474019807426,0.47258468982642454,0.5591155634283099,0.6083585537775306,500,1.1887459544725176,5e-05,-2.7640000000000002,SKIP
2026-09-16T08:41:19.879214+00:00,204,EDGEUSDT,26.2,26.2,11.8,43.8,LONG,NO EDGE,location 0.00<0.60; exhaustion 0.00<0.50; expansion 0.00<0.40,location 0.00<0.60; exhaustion 0.00<0.50; expansion 0.00<0.40,location 0.00<0.60; flow 0.44<0.55; rejection 0.00<0.25,MONITOR LONG,LONG,33.9,location 0.00<0.65; exhaustion 0.00<0.50,0.0,0.0,0.5576125856413863,1.0,NONE,NO SETUP,0.0,0.146,0.442,0.0,0.0,0.0,0.0,0.558,1.0,0.0,0.0,0.146,0.442,0.0,0.0,0.6044,0.5310734463276839,2.38979921532426,0.7915367887237792,1.1732011111232554,0.8864764102458139,500,2.420670114934527,5e-05,2.129,SKIP
2026-09-16T08:41:19.879214+00:00,205,NEWTUSDT,26.2,26.2,20.5,43.8,LONG,NO EDGE,location 0.00<0.60; flow 0.54<0.55; exhaustion 0.00<0.50,location 0.00<0.60; flow 0.54<0.55; exhaustion 0.00<0.50,location 0.00<0.60; flow 0.46<0.55; exhaustion 0.00<0.50,MONITOR LONG,LONG,27.3,location 0.00<0.65; exhaustion 0.00<0.50; flow 0.54<0.55,0.0,0.0,0.5444994302985076,0.6837789661319078,NONE,NO SETUP,0.0,0.0,0.456,0.424,0.335,0.0,0.0,0.544,0.684,0.335,0.0,0.0,0.456,0.424,0.335,0.03976,0.48239436619718384,3.004981520167126,2.2168476417896446,1.13131267588189,0.5927372987731323,500,1.2754380561443528,5e-05,-7.7490000000000006,SKIP
2026-09-16T08:41:19.879214+00:00,206,ONDOUSDT,26.2,26.2,13.5,43.8,LONG,NO EDGE,location 0.12<0.60; flow 0.48<0.55; exhaustion 0.00<0.50,location 0.12<0.60; flow 0.48<0.55; exhaustion 0.00<0.50,location 0.00<0.60; flow 0.52<0.55; rejection 0.02<0.25,MONITOR LONG,LONG,29.5,location 0.12<0.65; exhaustion 0.00<0.50; flow 0.48<0.55,0.11806543385491071,0.0,0.4751057139479281,0.7030303030302933,NONE,NO SETUP,0.0,0.0,0.525,0.024,0.177,0.118,0.0,0.475,0.703,0.177,0.0,0.0,0.525,0.024,0.177,0.3239,0.33513513513513393,0.7890961262553798,0.44899604307290186,0.93330650480098,0.8558393381441782,500,1.1516610821422912,-6.1e-05,-6.711,SKIP
2026-09-16T08:41:19.879214+00:00,207,PENDLEUSDT,26.2,26.2,22.3,43.8,LONG,NO EDGE,location 0.11<0.60; flow 0.14<0.55; exhaustion 0.00<0.50,location 0.11<0.60; flow 0.14<0.55; exhaustion 0.00<0.50,location 0.00<0.60; rejection 0.00<0.25; exhaustion 0.00<0.50,MONITOR LONG,LONG,26.8,location 0.11<0.65; exhaustion 0.00<0.50; flow 0.14<0.55,0.10858081556400165,0.0,0.13997065988614926,1.0,NONE,NO SETUP,0.0,0.0,0.86,0.0,0.342,0.109,0.0,0.14,1.0,0.342,0.0,0.0,0.86,0.0,0.342,2.1991,0.3387392900856794,1.4618319366093864,2.0948839213855317,0.3685373233038218,0.6671003508811034,500,0.9984693547575759,0.0001,-6.433,SKIP
2026-09-16T08:41:19.879214+00:00,208,DASHUSDT,26.0,16.4,26.0,44.0,SHORT,NO EDGE,location 0.07<0.60; flow 0.48<0.55; exhaustion 0.01<0.50,location 0.00<0.60; flow 0.52<0.55; exhaustion 0.00<0.50,location 0.07<0.60; flow 0.48<0.55; exhaustion 0.01<0.50,MONITOR SHORT,SHORT,31.0,location 0.07<0.65; exhaustion 0.01<0.50; flow 0.48<0.55,0.07470288624788139,0.0071167883211678525,0.4797399685613494,0.82979880369766,NONE,NO SETUP,0.075,0.007,0.48,0.83,0.103,0.0,0.0,0.52,0.297,0.103,0.075,0.007,0.48,0.83,0.103,51.47,0.6483870967741949,1.5956892961266116,0.3443906445580394,1.0577803833118722,0.8661218388118823,500,1.0709154077125025,0.0001,-2.997,SKIP
2026-09-16T08:41:19.879214+00:00,209,PONSUSDT,25.8,24.5,25.8,44.2,SHORT,NO EDGE,location 0.11<0.60; rejection 0.00<0.25; exhaustion 0.44<0.50,location 0.00<0.60; flow 0.40<0.55; exhaustion 0.00<0.50,location 0.11<0.60; rejection 0.00<0.25; exhaustion 0.44<0.50,MONITOR LONG,LONG,29.9,location 0.00<0.65; exhaustion 0.00<0.50; flow 0.40<0.55,0.0,0.0,0.39728539050845,1.0,NONE,NO SETUP,0.114,0.441,0.603,0.0,0.103,0.0,0.0,0.397,1.0,0.103,0.114,0.441,0.603,0.0,0.103,0.58911,0.6632983023443815,3.474561787546265,0.5904264131284662,0.7521756780516341,0.562878065055012,500,1.4138105001714023,5e-05,-2.13,SKIP
2026-09-16T08:41:19.879214+00:00,210,ASTERUSDT,25.7,25.7,14.3,44.3,LONG,NO EDGE,location 0.18<0.60; reclaim 0.14<0.25; exhaustion 0.13<0.50,location 0.18<0.60; reclaim 0.14<0.25; exhaustion 0.13<0.50,location 0.00<0.60; flow 0.27<0.55; exhaustion 0.00<0.50,MONITOR LONG,LONG,29.9,location 0.18<0.65; exhaustion 0.13<0.50; structure 0.14<0.15,0.1833030852994586,0.13277027027027308,0.7321464650187061,0.13759213759213457,NONE,NO SETUP,0.0,0.0,0.268,0.539,0.059,0.183,0.133,0.732,0.138,0.059,0.0,0.0,0.268,0.539,0.059,0.6694,0.31034482758620574,0.8415524264417049,0.3658448135720389,1.9034093460264194,0.648376691822218,500,1.4382006832277836,5e-05,-2.206,SKIP
2026-09-16T08:41:19.879214+00:00,211,WUSDT,25.3,10.0,25.3,44.7,SHORT,NO EDGE,location 0.00<0.60; flow 0.51<0.55; exhaustion 0.00<0.50,location 0.00<0.60; flow 0.49<0.55; reclaim 0.00<0.25,location 0.00<0.60; flow 0.51<0.55; exhaustion 0.00<0.50,MONITOR SHORT,SHORT,32.8,location 0.00<0.65; exhaustion 0.00<0.50; flow 0.51<0.55,0.0,0.0,0.5134081343592709,1.0,NONE,NO SETUP,0.0,0.0,0.513,1.0,0.0,0.0,0.012,0.487,0.0,0.0,0.0,0.0,0.513,1.0,0.0,0.00883,0.4468085106382945,1.63121586662834,0.16680049327940624,0.963507273505262,0.8348920465354147,500,1.3567608859941345,5e-05,-8.117,SKIP
2026-09-16T08:41:19.879214+00:00,212,ZKCUSDT,25.3,22.2,25.3,44.7,SHORT,NO EDGE,location 0.00<0.60; flow 0.51<0.55; exhaustion 0.00<0.50,location 0.26<0.60; flow 0.49<0.55; reclaim 0.00<0.25,location 0.00<0.60; flow 0.51<0.55; exhaustion 0.00<0.50,MONITOR SHORT,SHORT,32.9,location 0.00<0.65; exhaustion 0.00<0.50; flow 0.51<0.55,0.0,0.0,0.5148016662311308,1.0,NONE,NO SETUP,0.0,0.0,0.515,1.0,0.0,0.26,0.232,0.485,0.0,0.0,0.0,0.0,0.515,1.0,0.0,0.03787,0.28102189781021897,1.2491651994414419,0.37844408066187046,0.9597917617794097,0.8175774653882352,500,1.2010886687982532,5e-05,-15.713,SKIP
2026-09-16T08:41:19.879214+00:00,213,牛来USDT,25.3,11.5,25.3,44.7,SHORT,NO EDGE,location 0.00<0.60; flow 0.47<0.55; exhaustion 0.05<0.50,location 0.00<0.60; flow 0.53<0.55; reclaim 0.05<0.25,location 0.00<0.60; flow 0.47<0.55; exhaustion 0.05<0.50,MONITOR SHORT,SHORT,32.8,location 0.00<0.65; exhaustion 0.05<0.50; flow 0.47<0.55,0.0,0.048369793857804065,0.46536133154745707,1.0,NONE,NO SETUP,0.0,0.048,0.465,1.0,0.0,0.0,0.0,0.535,0.051,0.0,0.0,0.048,0.465,1.0,0.0,0.11118,0.601237113402062,9.41489417407605,0.29222264607457427,1.100801753914823,0.6747421718471421,500,1.3094578909030612,5e-05,1.202,SKIP
2026-09-16T08:41:19.879214+00:00,214,JTOUSDT,25.2,25.2,13.2,44.8,LONG,NO EDGE,location 0.00<0.60; flow 0.44<0.55; exhaustion 0.00<0.50,location 0.00<0.60; flow 0.44<0.55; exhaustion 0.00<0.50,location 0.00<0.60; rejection 0.00<0.25; exhaustion 0.02<0.50,MONITOR LONG,LONG,30.8,location 0.00<0.65; exhaustion 0.00<0.50; flow 0.44<0.55,0.0,0.0,0.43850794839214147,0.9897091722595092,NONE,NO SETUP,0.0,0.019,0.561,0.0,0.106,0.0,0.0,0.439,0.99,0.106,0.0,0.019,0.561,0.0,0.106,0.4087,0.4669509594882736,1.2152154764623375,0.37180112713127633,0.8432496932636877,0.7459643696179745,500,1.2931757168006097,5e-05,-8.955,SKIP
2026-09-16T08:41:19.879214+00:00,215,LDOUSDT,25.2,25.2,21.3,44.8,LONG,NO EDGE,location 0.00<0.60; exhaustion 0.00<0.50; expansion 0.26<0.40,location 0.00<0.60; exhaustion 0.00<0.50; expansion 0.26<0.40,location 0.29<0.60; flow 0.32<0.55; rejection 0.14<0.25,MONITOR LONG,LONG,27.2,location 0.00<0.65; exhaustion 0.00<0.50,0.0,0.0,0.6845479835302921,0.5035324341682773,NONE,NO SETUP,0.294,0.005,0.315,0.144,0.261,0.0,0.0,0.685,0.504,0.261,0.294,0.005,0.315,0.144,0.261,0.332,0.7317073170731703,0.9968117389467204,1.5923498978557287,1.668083992439248,0.7153215538250483,500,1.0220985681968364,0.0001,-6.426,SKIP
2026-09-16T08:41:19.879214+00:00,216,RENDERUSDT,25.2,10.1,25.2,44.8,SHORT,NO EDGE,location 0.00<0.60; rejection 0.14<0.25; exhaustion 0.00<0.50,location 0.00<0.60; flow 0.00<0.55; exhaustion 0.00<0.50,location 0.00<0.60; rejection 0.14<0.25; exhaustion 0.00<0.50,MONITOR SHORT,SHORT,27.9,location 0.00<0.65; exhaustion 0.00<0.50; structure 0.14<0.15,0.0,0.0,1.0,0.14404825261663526,NONE,NO SETUP,0.0,0.0,1.0,0.144,0.203,0.0,0.0,0.0,0.472,0.203,0.0,0.0,1.0,0.144,0.203,1.2851,0.5339366515837117,0.9704575973556449,1.0247692252363636,0.11396406595188112,0.37891193054408445,500,1.084333621482948,-9.4e-05,-5.75,SKIP
2026-09-16T08:41:19.879214+00:00,217,POLUSDT,25.0,25.0,8.8,45.0,LONG,NO EDGE,location 0.00<0.60; exhaustion 0.01<0.50; expansion 0.16<0.40,location 0.00<0.60; exhaustion 0.01<0.50; expansion 0.16<0.40,location 0.00<0.60; flow 0.32<0.55; rejection 0.00<0.25,MONITOR LONG,LONG,28.9,location 0.00<0.65; exhaustion 0.01<0.50,0.0,0.00642857142856954,0.6840292651115645,0.5828202873057778,NONE,NO SETUP,0.0,0.0,0.316,0.0,0.162,0.0,0.006,0.684,0.583,0.162,0.0,0.0,0.316,0.0,0.162,0.09127,0.5111111111111112,0.8410758669665043,0.611880702753135,1.6656866902931056,0.6482295158994537,500,1.2715497275917154,-2e-05,-5.016,SKIP
2026-09-16T08:41:19.879214+00:00,218,ARBUSDT,24.7,22.8,24.7,45.3,SHORT,NO EDGE,location 0.36<0.60; flow 0.15<0.55; exhaustion 0.00<0.50,location 0.00<0.60; exhaustion 0.00<0.50; expansion 0.14<0.40,location 0.36<0.60; flow 0.15<0.55; exhaustion 0.00<0.50,MONITOR SHORT,SHORT,26.4,location 0.36<0.65; exhaustion 0.00<0.50; flow 0.15<0.55,0.36126724578436353,0.0,0.15398885179042354,0.5833333333333337,NONE,NO SETUP,0.361,0.0,0.154,0.583,0.137,0.0,0.0,0.846,0.257,0.137,0.361,0.0,0.154,0.583,0.137,0.1547,0.7572815533980581,2.036452499745444,1.0840363613993558,2.609990567373968,0.686383814634099,500,1.0118283287554255,1.2e-05,16.316,SKIP
2026-09-16T08:41:19.879214+00:00,219,PEPEUSDT,24.6,9.6,24.6,45.4,SHORT,NO EDGE,location 0.00<0.60; exhaustion 0.00<0.50; expansion 0.10<0.40,location 0.00<0.60; flow 0.41<0.55; reclaim 0.00<0.25,location 0.00<0.60; exhaustion 0.00<0.50; expansion 0.10<0.40,MONITOR SHORT,SHORT,29.9,location 0.00<0.65; exhaustion 0.00<0.50,0.0,0.0,0.5910143363137574,0.7572899728997318,NONE,NO SETUP,0.0,0.0,0.591,0.757,0.097,0.0,0.0,0.409,0.0,0.097,0.0,0.0,0.591,0.757,0.097,3.3407e-06,0.38367967562088134,1.2819871426069984,0.329096920634858,0.7769763843676051,0.7948957617934399,500,2.804989587212139,-4.8e-05,-2.136,SKIP
2026-09-16T08:41:19.879214+00:00,220,ZKUSDT,24.6,24.6,17.1,45.4,LONG,NO EDGE,location 0.00<0.60; exhaustion 0.00<0.50; expansion 0.15<0.40,location 0.00<0.60; exhaustion 0.00<0.50; expansion 0.15<0.40,location 0.25<0.60; flow 0.37<0.55; rejection 0.00<0.25,MONITOR LONG,LONG,28.8,location 0.00<0.65; exhaustion 0.00<0.50,0.0,0.0,0.6258385348458201,0.6588235294117563,NONE,NO SETUP,0.248,0.0,0.374,0.0,0.148,0.0,0.0,0.626,0.659,0.148,0.248,0.0,0.374,0.0,0.148,0.00872,0.7142857142857137,1.2544273907910286,0.2185831615652118,1.4175053098471913,0.8163711088893751,500,1.1073029404343229,5e-05,-7.234,SKIP
2026-09-16T08:41:19.879214+00:00,221,LTCUSDT,24.5,15.5,24.5,45.5,SHORT,NO EDGE,location 0.00<0.60; exhaustion 0.00<0.50; expansion 0.10<0.40,location 0.06<0.60; flow 0.32<0.55; exhaustion 0.04<0.50,location 0.00<0.60; exhaustion 0.00<0.50; expansion 0.10<0.40,MONITOR SHORT,SHORT,29.5,location 0.00<0.65; exhaustion 0.00<0.50,0.0,0.0,0.6754048847551963,0.6302681992337162,NONE,NO SETUP,0.0,0.0,0.675,0.63,0.101,0.063,0.039,0.325,0.322,0.101,0.0,0.0,0.675,0.63,0.101,50.72,0.3560209424083761,0.9247448979591819,0.2364971113969189,0.6148815660199302,0.8056850771758394,500,1.4909589478728502,0.0001,-3.354,SKIP
2026-09-16T08:41:19.879214+00:00,222,BMNRUSDT,24.4,24.4,20.5,45.6,LONG,NO EDGE,location 0.00<0.60; flow 0.51<0.55; exhaustion 0.00<0.50,location 0.00<0.60; flow 0.51<0.55; exhaustion 0.00<0.50,location 0.00<0.60; flow 0.49<0.55; rejection 0.00<0.25,MONITOR LONG,LONG,25.8,location 0.00<0.65; exhaustion 0.00<0.50; flow 0.51<0.55,0.0,0.0,0.5053231901690015,0.6604268064395388,NONE,NO SETUP,0.0,0.311,0.495,0.0,0.295,0.0,0.0,0.505,0.66,0.295,0.0,0.311,0.495,0.0,0.295,23.312,0.4922248803827752,0.761954208577473,0.06645583385068181,1.0148684691262746,0.8039415618978352,500,0.9075157243499092,0.0,-5.505,SKIP
2026-09-16T08:41:19.879214+00:00,223,DGAIUSDT,24.4,24.4,18.3,45.6,LONG,NO EDGE,location 0.27<0.60; flow 0.48<0.55; reclaim 0.04<0.25,location 0.27<0.60; flow 0.48<0.55; reclaim 0.04<0.25,location 0.00<0.60; flow 0.52<0.55; rejection 0.21<0.25,MONITOR LONG,LONG,22.6,location 0.27<0.65; exhaustion 0.07<0.50; flow 0.48<0.55,0.2671552298467655,0.07179715302491023,0.47689344114395404,0.04416403785490121,NONE,NO SETUP,0.0,0.0,0.523,0.206,0.319,0.267,0.072,0.477,0.044,0.319,0.0,0.0,0.523,0.206,0.319,0.7476,0.2784810126582291,0.607454249305354,0.16257635337819987,0.9379440457309728,0.8584229248596192,500,1.0948819739620927,5e-05,0.107,SKIP
2026-09-16T08:41:19.879214+00:00,224,ETCUSDT,24.4,13.9,24.4,45.6,SHORT,NO EDGE,location 0.18<0.60; exhaustion 0.00<0.50; expansion 0.09<0.40,location 0.00<0.60; flow 0.35<0.55; exhaustion 0.00<0.50,location 0.18<0.60; exhaustion 0.00<0.50; expansion 0.09<0.40,MONITOR SHORT,SHORT,27.9,location 0.18<0.65; exhaustion 0.00<0.50,0.17867918203151326,0.0,0.6508919301417562,0.3120567375886562,NONE,NO SETUP,0.179,0.0,0.651,0.312,0.09,0.0,0.0,0.349,0.369,0.09,0.179,0.0,0.651,0.312,0.09,7.131,0.687898089171975,0.9259259259259252,0.4762742765431751,0.6581244289490492,0.8670737420519172,500,0.9793480965414282,3.7e-05,-3.492,SKIP
2026-09-16T08:41:19.879214+00:00,225,GUSDT,24.3,10.7,24.3,45.7,SHORT,NO EDGE,location 0.00<0.60; flow 0.47<0.55; exhaustion 0.00<0.50,location 0.00<0.60; flow 0.53<0.55; reclaim 0.00<0.25,location 0.00<0.60; flow 0.47<0.55; exhaustion 0.00<0.50,MONITOR SHORT,SHORT,31.6,location 0.00<0.65; exhaustion 0.00<0.50; flow 0.47<0.55,0.0,0.0,0.4658376318476031,1.0,NONE,NO SETUP,0.0,0.0,0.466,1.0,0.0,0.0,0.0,0.534,0.0,0.0,0.0,0.0,0.466,1.0,0.0,0.004176,0.452513966480448,1.4060892428457101,0.4226499733592683,1.0993490112522086,0.8272815237524884,500,1.0943542503006527,-0.000391,8.834999999999999,SKIP
2026-09-16T08:41:19.879214+00:00,226,PLTRUSDT,23.7,23.7,21.6,46.3,LONG,NO EDGE,location 0.02<0.60; exhaustion 0.00<0.50; expansion 0.32<0.40,location 0.02<0.60; exhaustion 0.00<0.50; expansion 0.32<0.40,location 0.00<0.60; flow 0.31<0.55; rejection 0.15<0.25,MONITOR LONG,LONG,24.0,location 0.02<0.65; exhaustion 0.00<0.50,0.020807833537336107,0.0,0.6878394823009502,0.30887290167864256,NONE,NO SETUP,0.0,0.419,0.312,0.148,0.315,0.021,0.0,0.688,0.309,0.315,0.0,0.419,0.312,0.148,0.315,172.14,0.3720930232558123,0.2959159343279522,0.0181459922992631,1.6833765544812167,0.5536334984382596,500,1.181143884753963,0.0,0.903,SKIP
2026-09-16T08:41:19.879214+00:00,227,METAUSDT,23.5,23.4,23.5,46.5,SHORT,NO EDGE,location 0.00<0.60; flow 0.47<0.55; rejection 0.07<0.25,location 0.00<0.60; flow 0.53<0.55; exhaustion 0.00<0.50,location 0.00<0.60; flow 0.47<0.55; rejection 0.07<0.25,MONITOR LONG,LONG,27.1,location 0.00<0.65; exhaustion 0.00<0.50; flow 0.53<0.55,0.0,0.0,0.5265258285660228,0.6956235603817007,NONE,NO SETUP,0.0,0.528,0.473,0.074,0.159,0.0,0.0,0.527,0.696,0.159,0.0,0.528,0.473,0.074,0.159,670.55,0.42605633802817017,0.22273330929367363,0.037463976945244955,1.0763171992414782,0.6174064160945463,500,0.8950627371938044,0.0,1.557,SKIP
2026-09-16T08:41:19.879214+00:00,228,FLOCKUSDT,23.4,17.9,23.4,46.6,SHORT,NO EDGE,location 0.00<0.60; flow 0.45<0.55; exhaustion 0.00<0.50,location 0.00<0.60; flow 0.55<0.55; reclaim 0.01<0.25,location 0.00<0.60; flow 0.45<0.55; exhaustion 0.00<0.50,MONITOR SHORT,SHORT,24.1,location 0.00<0.65; exhaustion 0.00<0.50; flow 0.45<0.55,0.0,0.0,0.45003797227627884,0.6404784998383446,NONE,NO SETUP,0.0,0.0,0.45,0.64,0.319,0.0,0.099,0.55,0.011,0.319,0.0,0.0,0.45,0.64,0.319,0.06457,0.4377120698012606,7.956014276068292,1.9155555277093461,1.148577424671441,0.6086029662606307,500,1.8503039700016606,5e-05,-7.744,SKIP
2026-09-16T08:41:19.879214+00:00,229,BTCUSDT,23.2,22.5,23.2,46.8,SHORT,NO EDGE,location 0.00<0.60; rejection 0.13<0.25; exhaustion 0.00<0.50,location 0.38<0.60; flow 0.10<0.55; exhaustion 0.00<0.50,location 0.00<0.60; rejection 0.13<0.25; exhaustion 0.00<0.50,MONITOR SHORT,SHORT,25.1,location 0.00<0.65; exhaustion 0.00<0.50; structure 0.13<0.15,0.0,0.0,0.9006999611517549,0.12692633050131327,NONE,NO SETUP,0.0,0.0,0.901,0.127,0.221,0.384,0.0,0.099,0.379,0.221,0.0,0.0,0.901,0.127,0.221,75496.2,0.23412557644554752,0.3352531877351264,0.3100184603683227,0.3292374048043811,0.4967353180282974,500,0.2953551869446505,4.5e-05,-1.7389999999999999,SKIP
2026-09-16T08:41:19.879214+00:00,230,STRKUSDT,23.2,12.9,23.2,46.8,SHORT,NO EDGE,location 0.05<0.60; rejection 0.00<0.25; exhaustion 0.00<0.50,location 0.00<0.60; flow 0.00<0.55; exhaustion 0.00<0.50,location 0.05<0.60; rejection 0.00<0.25; exhaustion 0.00<0.50,MONITOR SHORT,SHORT,26.5,location 0.05<0.65; exhaustion 0.00<0.50; structure 0.00<0.15,0.04858299595141601,0.0,1.0,0.0,NONE,NO SETUP,0.049,0.0,1.0,0.0,0.119,0.0,0.0,0.0,0.738,0.119,0.049,0.0,1.0,0.0,0.119,0.026435,0.6384615384615381,1.4171964328801376,0.7274323509202254,0.1924400795341002,0.5681288911849421,500,1.8530692611318644,5e-05,-5.599,SKIP
2026-09-16T08:41:19.879214+00:00,231,LINKUSDT,23.1,23.1,16.4,46.9,LONG,NO EDGE,location 0.00<0.60; exhaustion 0.00<0.50; expansion 0.20<0.40,location 0.00<0.60; exhaustion 0.00<0.50; expansion 0.20<0.40,location 0.00<0.60; flow 0.27<0.55; exhaustion 0.18<0.50,MONITOR LONG,LONG,25.6,location 0.00<0.65; exhaustion 0.00<0.50,0.0,0.0,0.7279836224278773,0.3675675675675672,NONE,NO SETUP,0.0,0.179,0.272,0.288,0.205,0.0,0.0,0.728,0.368,0.205,0.0,0.179,0.272,0.288,0.205,10.697,0.5692307692307688,0.8047677048895108,0.33705761480600815,1.8815667743922981,0.6187182977951531,500,0.8359022953284889,2.5e-05,-5.9110000000000005,SKIP
2026-09-16T08:41:19.879214+00:00,232,ZECUSDT,23.1,23.1,16.2,46.9,LONG,NO EDGE,location 0.00<0.60; reclaim 0.01<0.25; exhaustion 0.00<0.50,location 0.00<0.60; reclaim 0.01<0.25; exhaustion 0.00<0.50,location 0.00<0.60; flow 0.00<0.55; exhaustion 0.15<0.50,MONITOR LONG,LONG,25.3,location 0.00<0.65; exhaustion 0.00<0.50; structure 0.01<0.15,0.0,0.0,1.0,0.01419446415897944,NONE,NO SETUP,0.0,0.152,0.0,0.681,0.194,0.0,0.0,1.0,0.014,0.194,0.0,0.152,0.0,0.681,0.194,1181.93,0.46275378896196717,1.8765815760266362,0.5132992340108175,6.825802816573453,0.39145191060829254,500,0.22331517138512938,1.3e-05,3.9699999999999998,SKIP
2026-09-16T08:41:19.879214+00:00,233,DOTUSDT,22.8,17.0,22.8,47.2,SHORT,NO EDGE,location 0.16<0.60; rejection 0.17<0.25; exhaustion 0.00<0.50,location 0.00<0.60; flow 0.30<0.55; exhaustion 0.00<0.50,location 0.16<0.60; rejection 0.17<0.25; exhaustion 0.00<0.50,MONITOR SHORT,SHORT,25.6,location 0.16<0.65; exhaustion 0.00<0.50,0.1578947368421016,0.0,0.6972529459726744,0.17177914110430106,NONE,NO SETUP,0.158,0.0,0.697,0.172,0.101,0.0,0.0,0.303,0.63,0.101,0.158,0.0,0.697,0.172,0.101,0.939,0.6799999999999986,1.1470795214637575,0.5748625082611991,0.5787403813413282,0.7412593840296791,500,1.1298855532501173,4.6e-05,-4.67,SKIP
2026-09-16T08:41:19.879214+00:00,234,TEMUSDT,22.7,22.7,14.5,47.3,LONG,NO EDGE,location 0.14<0.60; flow 0.39<0.55; exhaustion 0.00<0.50,location 0.14<0.60; flow 0.39<0.55; exhaustion 0.00<0.50,location 0.00<0.60; rejection 0.11<0.25; exhaustion 0.00<0.50,MONITOR LONG,LONG,27.4,location 0.14<0.65; exhaustion 0.00<0.50; flow 0.39<0.55,0.14233965480502872,0.0,0.38936579525777426,0.6706586826347524,NONE,NO SETUP,0.0,0.0,0.611,0.112,0.038,0.142,0.0,0.389,0.671,0.038,0.0,0.0,0.611,0.112,0.038,67.77,0.3259109311740891,0.2019737796913561,1.136516476126429,0.7358395782374287,0.5704707114995842,500,0.8674853796530254,0.0,11.007,SKIP
2026-09-16T08:41:19.879214+00:00,235,SPCXUSDT,22.5,20.2,22.5,47.5,SHORT,NO EDGE,location 0.02<0.60; flow 0.44<0.55; rejection 0.14<0.25,location 0.00<0.60; exhaustion 0.00<0.50; expansion 0.33<0.40,location 0.02<0.60; flow 0.44<0.55; rejection 0.14<0.25,MONITOR SHORT,SHORT,22.1,location 0.02<0.65; exhaustion 0.31<0.50; flow 0.44<0.55,0.01697398949809949,0.3115318790841216,0.43561617151787635,0.14358974358976634,NONE,NO SETUP,0.017,0.312,0.436,0.144,0.328,0.0,0.0,0.564,0.269,0.328,0.017,0.312,0.436,0.144,0.328,144.1,0.6264501160092778,0.24723994636794955,1.1015822215408266,1.1954346902177626,0.5165013075144766,500,0.7305971927210742,0.0,-2.884,SKIP
2026-09-16T08:41:19.879214+00:00,236,ZORAUSDT,22.2,16.3,22.2,47.8,SHORT,NO EDGE,location 0.00<0.60; flow 0.41<0.55; exhaustion 0.02<0.50,location 0.00<0.60; reclaim 0.15<0.25; exhaustion 0.00<0.50,location 0.00<0.60; flow 0.41<0.55; exhaustion 0.02<0.50,MONITOR SHORT,SHORT,25.9,location 0.00<0.65; exhaustion 0.02<0.50; flow 0.41<0.55,0.0,0.020723684210526262,0.4075897815278633,0.7575497761265159,NONE,NO SETUP,0.0,0.021,0.408,0.758,0.148,0.0,0.0,0.592,0.149,0.148,0.0,0.021,0.408,0.758,0.148,0.007225,0.578449905482041,2.9760487190827742,1.5394443153915167,1.2920311688360941,0.9742894712067107,500,1.32217603264986,5e-05,-7.396,SKIP
2026-09-16T08:41:19.879214+00:00,237,IOUSDT,22.0,9.2,22.0,48.0,SHORT,NO EDGE,location 0.00<0.60; exhaustion 0.00<0.50; expansion 0.03<0.40,location 0.00<0.60; flow 0.44<0.55; reclaim 0.00<0.25,location 0.00<0.60; exhaustion 0.00<0.50; expansion 0.03<0.40,MONITOR SHORT,SHORT,27.9,location 0.00<0.65; exhaustion 0.00<0.50,0.0,0.0,0.5607986655558774,0.6959064327485396,NONE,NO SETUP,0.0,0.0,0.561,0.696,0.025,0.0,0.0,0.439,0.0,0.025,0.0,0.0,0.561,0.696,0.025,0.1195,0.5256410256410246,1.2537116463213487,0.20765525745120128,0.8448723784533974,0.9553852791573854,500,1.134793843888025,5e-05,-8.077,SKIP
2026-09-16T08:41:19.879214+00:00,238,XPLUSDT,22.0,22.0,19.4,48.0,LONG,NO EDGE,location 0.28<0.60; flow 0.39<0.55; reclaim 0.16<0.25,location 0.28<0.60; flow 0.39<0.55; reclaim 0.16<0.25,location 0.00<0.60; exhaustion 0.00<0.50; expansion 0.13<0.40,MONITOR LONG,LONG,23.2,location 0.28<0.65; exhaustion 0.07<0.50; flow 0.39<0.55,0.28260140797854366,0.06885065885797825,0.393429106281028,0.15661901802362074,NONE,NO SETUP,0.0,0.0,0.607,0.354,0.13,0.283,0.069,0.393,0.157,0.13,0.0,0.0,0.607,0.354,0.13,0.08051,0.2726114649681534,1.44255769334218,0.6226653806785892,0.7441763385560465,0.8692531010695749,500,1.020123205911253,-3.9e-05,-1.154,SKIP
2026-09-16T08:41:19.879214+00:00,239,ANTHROPICUSDT,21.9,10.7,21.9,48.1,SHORT,NO EDGE,location 0.00<0.60; exhaustion 0.00<0.50; expansion 0.20<0.40,location 0.00<0.60; flow 0.33<0.55; reclaim 0.07<0.25,location 0.00<0.60; exhaustion 0.00<0.50; expansion 0.20<0.40,MONITOR SHORT,SHORT,24.0,location 0.00<0.65; exhaustion 0.00<0.50,0.0,0.0,0.6722973519032197,0.3597916830232032,NONE,NO SETUP,0.0,0.0,0.672,0.36,0.203,0.0,0.0,0.328,0.073,0.203,0.0,0.0,0.672,0.36,0.203,2067.49,0.5018603958922475,0.8856861929748666,0.7906349890092014,0.6202022188049088,0.5090906239040206,500,1.1492408077434517,0.0,0.178,SKIP
2026-09-16T08:41:19.879214+00:00,240,NAVERUSDT,21.9,18.9,21.9,48.1,SHORT,NO EDGE,location 0.00<0.60; rejection 0.00<0.25; exhaustion 0.00<0.50,location 0.03<0.60; flow 0.00<0.55; exhaustion 0.18<0.50,location 0.00<0.60; rejection 0.00<0.25; exhaustion 0.00<0.50,MONITOR SHORT,SHORT,25.0,location 0.00<0.65; exhaustion 0.00<0.50; structure 0.00<0.15,0.0,0.0,1.0,0.0,NONE,NO SETUP,0.0,0.0,1.0,0.0,0.127,0.033,0.181,0.0,0.826,0.127,0.0,0.0,1.0,0.0,0.127,146.72,0.3672985781990482,0.621138611984987,0.0417840968044981,0.08249124916125063,0.4092918611280535,500,1.3558471580459692,0.0,-3.3970000000000002,SKIP
2026-09-16T08:41:19.879214+00:00,241,UNITREEUSDT,21.6,19.0,21.6,48.4,SHORT,NO EDGE,location 0.06<0.60; rejection 0.00<0.25; exhaustion 0.22<0.50,location 0.00<0.60; flow 0.38<0.55; exhaustion 0.00<0.50,location 0.06<0.60; rejection 0.00<0.25; exhaustion 0.22<0.50,MONITOR SHORT,SHORT,22.9,location 0.06<0.65; exhaustion 0.22<0.50; structure 0.00<0.15,0.06146485093852545,0.22364906153837866,0.6186314022432449,0.0,NONE,NO SETUP,0.061,0.224,0.619,0.0,0.193,0.0,0.0,0.381,0.568,0.193,0.061,0.224,0.619,0.0,0.193,70.2,0.6433566433566397,0.6626007856109185,0.3622549177425067,0.7197034059920998,0.6924527231196018,500,1.1280195643313256,-0.001248,0.45799999999999996,SKIP
2026-09-16T08:41:19.879214+00:00,242,REZUSDT,21.5,21.5,16.5,48.5,LONG,NO EDGE,location 0.00<0.60; flow 0.27<0.55; exhaustion 0.00<0.50,location 0.00<0.60; flow 0.27<0.55; exhaustion 0.00<0.50,location 0.00<0.60; rejection 0.06<0.25; exhaustion 0.00<0.50,MONITOR LONG,LONG,26.8,location 0.00<0.65; exhaustion 0.00<0.50; flow 0.27<0.55,0.0,0.0,0.27024734228633285,1.0,NONE,NO SETUP,0.0,0.0,0.73,0.056,0.073,0.0,0.0,0.27,1.0,0.073,0.0,0.0,0.73,0.056,0.073,0.003498,0.46153846153846184,7.82766990291262,0.430571553151104,0.5288715846739837,0.8489964206866152,500,1.112567788801701,-0.000106,-8.883000000000001,SKIP
2026-09-16T08:41:19.879214+00:00,243,ZENUSDT,20.7,13.8,20.7,49.3,SHORT,NO EDGE,location 0.00<0.60; flow 0.51<0.55; exhaustion 0.00<0.50,location 0.00<0.60; flow 0.49<0.55; reclaim 0.21<0.25,location 0.00<0.60; flow 0.51<0.55; exhaustion 0.00<0.50,MONITOR SHORT,SHORT,25.6,location 0.00<0.65; exhaustion 0.00<0.50; flow 0.51<0.55,0.0,0.0,0.5144757442469865,0.6371338658920368,NONE,NO SETUP,0.0,0.0,0.514,0.637,0.056,0.0,0.007,0.486,0.21,0.056,0.0,0.0,0.514,0.637,0.056,6.287,0.5024752475247533,1.5637065637065666,0.2393844730958515,0.9606594673092752,0.827481698635057,500,0.8800687258014711,0.0001,0.5760000000000001,SKIP
2026-09-16T08:41:19.879214+00:00,244,ADAUSDT,20.6,20.6,12.1,49.4,LONG,NO EDGE,location 0.00<0.60; exhaustion 0.00<0.50; expansion 0.19<0.40,location 0.00<0.60; exhaustion 0.00<0.50; expansion 0.19<0.40,location 0.00<0.60; flow 0.37<0.55; rejection 0.12<0.25,MONITOR LONG,LONG,22.6,location 0.00<0.65; exhaustion 0.00<0.50,0.0,0.0,0.6330283558325287,0.3410852713178258,NONE,NO SETUP,0.0,0.0,0.367,0.124,0.191,0.0,0.0,0.633,0.341,0.191,0.0,0.0,0.367,0.124,0.191,0.1926,0.4690265486725661,1.0351468464130973,1.196638064272106,1.446045976854446,0.7212922013007028,500,1.1572617639990002,-2.1e-05,-5.588,SKIP
2026-09-16T08:41:19.879214+00:00,245,WLFIUSDT,20.4,20.4,15.6,49.6,LONG,NO EDGE,location 0.18<0.60; reclaim 0.14<0.25; exhaustion 0.00<0.50,location 0.18<0.60; reclaim 0.14<0.25; exhaustion 0.00<0.50,location 0.00<0.60; flow 0.38<0.55; exhaustion 0.00<0.50,MONITOR LONG,LONG,23.8,location 0.18<0.65; exhaustion 0.00<0.50; structure 0.14<0.15,0.18273945733899916,0.0,0.6229515804887567,0.137254901960782,NONE,NO SETUP,0.0,0.0,0.377,0.512,0.026,0.183,0.0,0.623,0.137,0.026,0.0,0.0,0.377,0.512,0.026,0.05691,0.3105590062111803,1.2772991384492078,1.0952496929569822,1.4062044079682747,0.7979925559518777,500,1.03268763549192,-9.1e-05,-0.40299999999999997,SKIP
2026-09-16T08:41:19.879214+00:00,246,TRUMPUSDT,20.3,13.9,20.3,49.7,SHORT,NO EDGE,location 0.00<0.60; flow 0.53<0.55; exhaustion 0.00<0.50,location 0.00<0.60; flow 0.47<0.55; reclaim 0.18<0.25,location 0.00<0.60; flow 0.53<0.55; exhaustion 0.00<0.50,MONITOR SHORT,SHORT,23.6,location 0.00<0.65; exhaustion 0.00<0.50; flow 0.53<0.55,0.0,0.0,0.5324832272336995,0.5168295331161813,NONE,NO SETUP,0.0,0.0,0.532,0.517,0.124,0.0,0.0,0.468,0.182,0.124,0.0,0.0,0.532,0.517,0.124,1.857,0.4645669291338586,1.1041576751546556,0.5509810791534054,0.9138739480194902,0.6248227260220087,500,1.1215793334753767,3e-06,-5.448,SKIP
2026-09-16T08:41:19.879214+00:00,247,ARXUSDT,20.1,20.1,13.3,49.9,LONG,NO EDGE,location 0.13<0.60; reclaim 0.22<0.25; exhaustion 0.00<0.50,location 0.13<0.60; reclaim 0.22<0.25; exhaustion 0.00<0.50,location 0.00<0.60; flow 0.44<0.55; rejection 0.18<0.25,MONITOR LONG,LONG,22.4,location 0.13<0.65; exhaustion 0.00<0.50,0.13223286557562444,0.0,0.5647822025884679,0.21762144053601237,NONE,NO SETUP,0.0,0.013,0.435,0.182,0.104,0.132,0.0,0.565,0.218,0.104,0.0,0.013,0.435,0.182,0.104,0.15858,0.3297515110812627,2.330975026940917,1.2863182926967482,1.196755810245117,0.5832280653077644,500,1.6033245072080025,5e-05,2.847,SKIP
2026-09-16T08:41:19.879214+00:00,248,PIUSDT,20.1,20.1,17.0,49.9,LONG,NO EDGE,location 0.18<0.60; flow 0.49<0.55; exhaustion 0.06<0.50,location 0.18<0.60; flow 0.49<0.55; exhaustion 0.06<0.50,location 0.00<0.60; flow 0.51<0.55; exhaustion 0.00<0.50,MONITOR LONG,LONG,24.1,location 0.18<0.65; exhaustion 0.06<0.50; flow 0.49<0.55,0.17763157894736273,0.05961538461538307,0.4870849854924367,0.25747126436782297,NONE,NO SETUP,0.0,0.0,0.513,0.451,0.0,0.178,0.06,0.487,0.257,0.0,0.0,0.0,0.513,0.451,0.0,0.0827,0.31250000000000216,1.0666470501691943,0.5978877158080149,0.9648254994587325,0.7892273754822635,500,1.4156319051255324,-0.000468,-14.389,SKIP
2026-09-16T08:41:19.879214+00:00,249,VIRTUALUSDT,20.1,8.9,20.1,49.9,SHORT,NO EDGE,location 0.00<0.60; rejection 0.14<0.25; exhaustion 0.00<0.50,location 0.00<0.60; flow 0.17<0.55; exhaustion 0.00<0.50,location 0.00<0.60; rejection 0.14<0.25; exhaustion 0.00<0.50,MONITOR SHORT,SHORT,23.5,location 0.00<0.65; exhaustion 0.00<0.50; structure 0.14<0.15,0.0,0.0,0.8278445775639793,0.13930348258707095,NONE,NO SETUP,0.0,0.0,0.828,0.139,0.094,0.0,0.0,0.172,0.269,0.094,0.0,0.0,0.828,0.139,0.094,0.5817,0.46909090909090856,1.0857235456165977,0.9556214830604592,0.4029357421929972,0.7668861552829784,500,1.1558755740601998,5e-05,-3.5000000000000004,SKIP
2026-09-16T08:41:19.879214+00:00,250,WIFUSDT,20.1,20.1,14.1,49.9,LONG,NO EDGE,location 0.00<0.60; flow 0.46<0.55; exhaustion 0.00<0.50,location 0.00<0.60; flow 0.46<0.55; exhaustion 0.00<0.50,location 0.01<0.60; flow 0.54<0.55; rejection 0.06<0.25,MONITOR LONG,LONG,23.4,location 0.00<0.65; exhaustion 0.00<0.50; flow 0.46<0.55,0.0,0.0,0.45731803428976053,0.5982905982905986,NONE,NO SETUP,0.013,0.0,0.543,0.06,0.129,0.0,0.0,0.457,0.598,0.129,0.013,0.0,0.543,0.06,0.129,0.1766,0.6249999999999996,1.1698537682789656,0.32016418021388493,0.8883943588472656,0.7538999174151173,500,1.1799041216490145,5e-05,-1.725,SKIP
2026-09-16T08:41:19.879214+00:00,251,GTLBUSDT,19.6,15.2,19.6,50.4,SHORT,NO EDGE,location 0.00<0.60; rejection 0.14<0.25; exhaustion 0.01<0.50,location 0.00<0.60; flow 0.39<0.55; reclaim 0.14<0.25,location 0.00<0.60; rejection 0.14<0.25; exhaustion 0.01<0.50,MONITOR SHORT,SHORT,18.3,location 0.00<0.65; exhaustion 0.01<0.50; structure 0.14<0.15,0.0,0.008783507354191542,0.6074960414635157,0.144329896907189,NONE,NO SETUP,0.0,0.009,0.607,0.144,0.344,0.0,0.0,0.393,0.144,0.344,0.0,0.009,0.607,0.144,0.344,48.86,0.38387096774193685,0.29246819031538074,0.02548993933045262,0.7422699319744887,0.8062686328086283,500,1.2494767814346392,0.0,0.8250000000000001,SKIP
2026-09-16T08:41:19.879214+00:00,252,ICPUSDT,19.2,19.2,16.1,50.8,LONG,NO EDGE,location 0.00<0.60; flow 0.42<0.55; exhaustion 0.00<0.50,location 0.00<0.60; flow 0.42<0.55; exhaustion 0.00<0.50,location 0.00<0.60; rejection 0.14<0.25; exhaustion 0.00<0.50,MONITOR LONG,LONG,21.7,location 0.00<0.65; exhaustion 0.00<0.50; flow 0.42<0.55,0.0,0.0,0.41758538667043227,0.565066109951284,NONE,NO SETUP,0.0,0.0,0.582,0.136,0.159,0.0,0.0,0.418,0.565,0.159,0.0,0.0,0.582,0.136,0.159,2.48,0.4395604395604401,1.2555701179554428,0.3108838862399965,0.7957248430436075,0.8915338775308264,500,1.0628313551450908,0.0001,-3.839,SKIP
2026-09-16T08:41:19.879214+00:00,253,SOLUSDT,19.2,19.1,19.2,50.8,SHORT,NO EDGE,location 0.00<0.60; flow 0.43<0.55; exhaustion 0.08<0.50,location 0.00<0.60; exhaustion 0.00<0.50; expansion 0.09<0.40,location 0.00<0.60; flow 0.43<0.55; exhaustion 0.08<0.50,MONITOR SHORT,SHORT,23.0,location 0.00<0.65; exhaustion 0.08<0.50; flow 0.43<0.55,0.0,0.08213714514194326,0.43298419988106096,0.5049618320610609,NONE,NO SETUP,0.0,0.082,0.433,0.505,0.089,0.0,0.0,0.567,0.431,0.089,0.0,0.082,0.433,0.505,0.089,96.628,0.5177019291922849,0.7362539008108652,0.30293919685616694,1.204190132311961,0.8507149169337093,500,0.22553365735548078,-3.9e-05,-3.676,SKIP
2026-09-16T08:41:19.879214+00:00,254,HYPEUSDT,18.7,18.7,15.9,51.3,LONG,NO EDGE,location 0.00<0.60; flow 0.50<0.55; exhaustion 0.00<0.50,location 0.00<0.60; flow 0.50<0.55; exhaustion 0.00<0.50,location 0.00<0.60; flow 0.50<0.55; rejection 0.12<0.25,MONITOR LONG,LONG,20.5,location 0.00<0.65; exhaustion 0.00<0.50; flow 0.50<0.55,0.0,0.0,0.4981108767370228,0.4007609384908079,NONE,NO SETUP,0.0,0.068,0.502,0.116,0.183,0.0,0.0,0.498,0.401,0.183,0.0,0.068,0.502,0.116,0.183,77.462,0.44890929965556897,0.995203836930457,0.680459376033834,0.9947759313031709,0.5460854083509499,500,0.5892545537616355,1.4e-05,-1.641,SKIP
2026-09-16T08:41:19.879214+00:00,255,CYSUSDT,18.6,18.0,18.6,51.4,SHORT,NO EDGE,location 0.00<0.60; rejection 0.00<0.25; exhaustion 0.08<0.50,location 0.00<0.60; flow 0.15<0.55; exhaustion 0.00<0.50,location 0.00<0.60; rejection 0.00<0.25; exhaustion 0.08<0.50,MONITOR LONG,LONG,23.8,location 0.00<0.65; exhaustion 0.00<0.50; flow 0.15<0.55,0.0,0.0,0.1524579890287775,1.0,NONE,NO SETUP,0.0,0.083,0.848,0.0,0.0,0.0,0.0,0.152,1.0,0.0,0.0,0.083,0.848,0.0,0.0,0.13219,0.4429156908665107,3.2652911065095624,0.8694908323068025,0.3815203604865234,0.6907285352718168,500,1.1350364059636435,5e-05,0.40299999999999997,SKIP
2026-09-16T08:41:19.879214+00:00,256,FETUSDT,18.5,18.5,17.5,51.5,LONG,NO EDGE,location 0.00<0.60; flow 0.54<0.55; exhaustion 0.00<0.50,location 0.00<0.60; flow 0.54<0.55; exhaustion 0.00<0.50,location 0.00<0.60; flow 0.46<0.55; exhaustion 0.00<0.50,MONITOR LONG,LONG,22.3,location 0.00<0.65; exhaustion 0.00<0.50; flow 0.54<0.55,0.0,0.0,0.5351745755314935,0.4444444444444414,NONE,NO SETUP,0.0,0.0,0.465,0.472,0.078,0.0,0.0,0.535,0.444,0.078,0.0,0.0,0.465,0.472,0.078,0.1486,0.4895833333333345,1.431980906921242,0.9414730576710777,1.1024385958660083,0.8273868554098519,500,1.3513066448607842,-0.000163,-6.305,SKIP
2026-09-16T08:41:19.879214+00:00,257,AEROUSDT,18.2,18.2,14.5,51.8,LONG,NO EDGE,location 0.00<0.60; flow 0.43<0.55; exhaustion 0.00<0.50,location 0.00<0.60; flow 0.43<0.55; exhaustion 0.00<0.50,location 0.00<0.60; rejection 0.03<0.25; exhaustion 0.00<0.50,MONITOR LONG,LONG,20.0,location 0.00<0.65; exhaustion 0.00<0.50; flow 0.43<0.55,0.0,0.0,0.42816033920955665,0.464489372731997,NONE,NO SETUP,0.0,0.0,0.572,0.029,0.177,0.0,0.0,0.428,0.464,0.177,0.0,0.0,0.572,0.029,0.177,0.5278,0.459915611814348,0.8113155171978732,0.14278029493917252,0.8194008854049933,0.8109286235266585,500,1.2436288079081614,5e-05,-3.1559999999999997,SKIP
2026-09-16T08:41:19.879214+00:00,258,INJUSDT,18.1,15.2,18.1,51.9,SHORT,NO EDGE,location 0.00<0.60; rejection 0.00<0.25; exhaustion 0.00<0.50,location 0.00<0.60; flow 0.11<0.55; exhaustion 0.04<0.50,location 0.00<0.60; rejection 0.00<0.25; exhaustion 0.00<0.50,MONITOR SHORT,SHORT,22.3,location 0.00<0.65; exhaustion 0.00<0.50; structure 0.00<0.15,0.0,0.0,0.8902632215586597,0.0,NONE,NO SETUP,0.0,0.0,0.89,0.0,0.022,0.0,0.036,0.11,0.8,0.022,0.0,0.0,0.89,0.0,0.022,5.351,0.434999999999999,2.0851083972356346,0.7798899301282969,0.33890365796082655,0.7994505525839496,500,1.205100219100559,-0.00011,-10.428999999999998,SKIP
2026-09-16T08:41:19.879214+00:00,259,GPROUSDT,17.6,17.6,16.2,52.4,LONG,NO EDGE,location 0.00<0.60; exhaustion 0.00<0.50; expansion 0.00<0.40,location 0.00<0.60; exhaustion 0.00<0.50; expansion 0.00<0.40,location 0.00<0.60; flow 0.37<0.55; exhaustion 0.08<0.50,MONITOR LONG,LONG,22.4,location 0.00<0.65; exhaustion 0.00<0.50,0.0,0.0,0.634036200591331,0.32923161060979567,NONE,NO SETUP,0.0,0.078,0.366,0.486,0.0,0.0,0.0,0.634,0.329,0.0,0.0,0.078,0.366,0.486,0.0,1.2968,0.5582573454913895,1.2785819173484372,0.547868230666573,1.4500923704054647,0.5112198416151784,500,0.9211259486207793,0.000106,-1.347,SKIP
2026-09-16T08:41:19.879214+00:00,260,MIRAUSDT,17.5,16.8,17.5,52.5,SHORT,NO EDGE,location 0.00<0.60; rejection 0.00<0.25; exhaustion 0.00<0.50,location 0.00<0.60; flow 0.12<0.55; exhaustion 0.00<0.50,location 0.00<0.60; rejection 0.00<0.25; exhaustion 0.00<0.50,MONITOR LONG,LONG,22.2,location 0.00<0.65; exhaustion 0.00<0.50; flow 0.12<0.55,0.0,0.0,0.12401648974651358,0.9555149299207774,NONE,NO SETUP,0.0,0.0,0.876,0.0,0.0,0.0,0.0,0.124,0.956,0.0,0.0,0.0,0.876,0.0,0.0,0.04376,0.4647302904564308,1.6368424202525573,0.3246182574915619,0.35259060994326175,0.9037997806848913,500,1.3602743291733916,-0.000344,-9.493,SKIP
2026-09-16T08:41:19.879214+00:00,261,MUBARAKUSDT,17.3,14.3,17.3,52.7,SHORT,NO EDGE,location 0.00<0.60; flow 0.38<0.55; exhaustion 0.00<0.50,location 0.00<0.60; reclaim 0.12<0.25; exhaustion 0.00<0.50,location 0.00<0.60; flow 0.38<0.55; exhaustion 0.00<0.50,MONITOR SHORT,SHORT,22.4,location 0.00<0.65; exhaustion 0.00<0.50; flow 0.38<0.55,0.0,0.0,0.37510321946778624,0.6506666666666667,NONE,NO SETUP,0.0,0.0,0.375,0.651,0.0,0.0,0.0,0.625,0.117,0.0,0.0,0.0,0.375,0.651,0.0,0.02915,0.46666666666666545,2.10154673839946,0.6653631176593692,1.413808893385533,0.7586027479957445,500,1.2337562547705878,5e-05,0.31,SKIP
